original_text,noisy_text,language,error_type,intent,split
today cotton price,today cotton prece,english,spelling_error,market_price,train
potassium deficiency in sugarcane,potassium deficiiency in sugarcane,english,spelling_error,potassium_deficiency,train
கிணத்துல தண்ணி பத்தல,கிணத்துள தண்ணி பத்தல,tamil,spelling_error,water_shortage,train
கிணத்துல தண்ணி பத்தல,கிணத்துளதண்ணி பத்தல,tamil,voice_transcription_error,water_shortage,train
karimbu nalla vilai ku enga vikkalaam,karimbu nilla vilai ku enga vikkalaam,tanglish,spelling_error,market_price,train
karimbu nalla vilai ku enga vikkalaam,karimbu nala vilai ku enga vikkalaam,tanglish,phonetic,market_price,train
karimbu nalla vilai ku enga vikkalaam,karimbu nallavilai ku enga vikkalaam,tanglish,voice_transcription_error,market_price,train
கத்தரி விதை நேர்த்தி எப்படி செய்றது,கத்தரி விதை நேர்த்தி எப்படி செய்ரது,tamil,spelling_error,seed_treatment,train
கத்தரி விதை நேர்த்தி எப்படி செய்றது,கத்தரி விதைனேர்த்தி எப்படி செய்றது,tamil,voice_transcription_error,seed_treatment,train
manjal seed treatment,manjla seed treatment,tanglish,spelling_error,seed_treatment,train
manjal seed treatment,manjel seed treatment,tanglish,phonetic,seed_treatment,train
manjal seed treatment,manjal seedtreatment,tanglish,voice_transcription_error,seed_treatment,train
kathirikai price,kathirikai prie,tanglish,spelling_error,market_price,train
kathirikai price,kathrikai price,tanglish,phonetic,market_price,train
"தக்காளி புது இலை மஞ்சள், நரம்பு பச்சை","தக்காளி புது இலை மஞ்சள், னரம்பு பச்சை",tamil,spelling_error,micronutrient_deficiency,train
"தக்காளி புது இலை மஞ்சள், நரம்பு பச்சை",தக்காளி புது இலை மஞ்சள் னரம்பு பச்சை,tamil,voice_transcription_error,micronutrient_deficiency,train
whitefly moong la romba,whitfly moong la romba,tanglish,spelling_error,whitefly,train
whitefly moong la romba,whitefly moong la rmba,tanglish,phonetic,whitefly,train
whitefly moong la romba,whitefly moong laromba,tanglish,voice_transcription_error,whitefly,train
manjal vidhai enga vaanganum,manjal vidhai enga vaagnanum,tanglish,spelling_error,seed_selection,train
manjal vidhai enga vaanganum,manjal vidhai engae vaanganum,tanglish,phonetic,seed_selection,train
manjal vidhai enga vaanganum,manjal vidai engavaanganum,tanglish,voice_transcription_error,seed_selection,train
katharikai vayal ku eppo thanni vidanum,katharikai vayal ku eppo thani vidanum,tanglish,spelling_error,irrigation,train
katharikai vayal ku eppo thanni vidanum,katharikai vayal ku yeppo thanni vidanum,tanglish,phonetic,irrigation,train
katharikai vayal ku eppo thanni vidanum,katharikai vayal ku eppothanni vidanum,tanglish,voice_transcription_error,irrigation,train
tomato shoots wilting and fruits bored,tomato shoots wiltng and fruits bored,english,spelling_error,fruit_borer,train
tomato shoots wilting and fruits bored,tomato shoots wilding and fruits bored,english,voice_transcription_error,fruit_borer,train
drumstick ku poochi attack,drumsttick ku poochi attack,tanglish,spelling_error,pest_attack,train
drumstick ku poochi attack,drumstick ku poochi atack,tanglish,phonetic,pest_attack,train
drumstick ku poochi attack,drumstick ku poochiattack,tanglish,voice_transcription_error,pest_attack,train
maize stems weak and falling,maie stems weak and falling,english,spelling_error,potassium_deficiency,train
ரொம்ப நன்றி,ரொம்ப நனறி,tamil,spelling_error,thanks,train
disease spreading fast in my moringa field,disease spreading fasst in my moringa field,english,spelling_error,crop_disease,train
chilli seed treatment,chilli seed treatent,tanglish,spelling_error,seed_treatment,train
chilli seed treatment,chilli sid treatment,tanglish,phonetic,seed_treatment,train
chilli seed treatment,chilli seedtreatment,tanglish,voice_transcription_error,seed_treatment,train
மக்காச்சோளம் வேர் வளர்ச்சி இல்ல,மக்காசசோளம் வேர் வளர்ச்சி இல்ல,tamil,spelling_error,phosphorus_deficiency,train
மக்காச்சோளம் வேர் வளர்ச்சி இல்ல,மக்காச்சோளம்வேர் வளர்ச்சி இள்ல,tamil,voice_transcription_error,phosphorus_deficiency,train
ippo thakkali nadalaama,ippo thakkali nadalaaama,tanglish,spelling_error,sowing_time,train
ippo thakkali nadalaama,ippo thakali nadalaama,tanglish,phonetic,sowing_time,train
ippo thakkali nadalaama,ippothakkali nadalaama,tanglish,voice_transcription_error,sowing_time,train
vazhai nalla vilai ku enga vikkalaam,vazhei nalla vilai ku enga vikkalaam,tanglish,spelling_error,market_price,train
vazhai nalla vilai ku enga vikkalaam,vazhai nala vilai ku enga vikkalaam,tanglish,phonetic,market_price,train
vazhai nalla vilai ku enga vikkalaam,valai nallavilai ku enga vikkalaam,tanglish,voice_transcription_error,market_price,train
turmeric ku edho noi vandhuruku,turmeric ku edho noi vandhuruuku,tanglish,spelling_error,crop_disease,train
turmeric ku edho noi vandhuruku,turmeric ku edho nooi vandhuruku,tanglish,phonetic,crop_disease,train
turmeric ku edho noi vandhuruku,turmeric ku edonoi vanduruku,tanglish,voice_transcription_error,crop_disease,train
high temperature affecting brinjal,high tamperature affecting brinjal,english,spelling_error,heat_stress,train
high temperature affecting brinjal,high temperature affecting brinjol,english,voice_transcription_error,heat_stress,train
fertilizer plan for moringa,fertilizer plan for morina,english,spelling_error,fertilizer,train
fertilizer plan for moringa,fertiliser plan for moringa,english,voice_transcription_error,fertilizer,train
periya mazhai la chinna vengayam vayal moozhgiruchu,periya mazhai la cihnna vengayam vayal moozhgiruchu,tanglish,spelling_error,rain_damage,train
periya mazhai la chinna vengayam vayal moozhgiruchu,periya mazhai la chinna vengayam vayal moolgiruchu,tanglish,phonetic,rain_damage,train
periya mazhai la chinna vengayam vayal moozhgiruchu,periya malai lachinna vengayam vayal moolgiruchu,tanglish,voice_transcription_error,rain_damage,train
central shoot drying in sugarcane,central shoat drying in sugarcane,english,spelling_error,stem_borer,train
thenna aruppu eppo,thenna aruppu epo,tanglish,spelling_error,harvesting,train
thenna aruppu eppo,thenna arupp eppo,tanglish,phonetic,harvesting,train
thenna aruppu eppo,thennaaruppu eppo,tanglish,voice_transcription_error,harvesting,train
முருங்கை இலை ஓரம் பழுப்பா கருகுது,முருஙகை இலை ஓரம் பழுப்பா கருகுது,tamil,spelling_error,potassium_deficiency,train
முருங்கை இலை ஓரம் பழுப்பா கருகுது,முருங்கை இலை ஓரம் பளுப்பா கருகுது,tamil,voice_transcription_error,potassium_deficiency,train
தக்காளி பழ அழுகல் நோய்,தக்காளி பழ அழுகல் நோய,tamil,spelling_error,fruit_rot,train
தக்காளி பழ அழுகல் நோய்,தக்காளி பழ அழுகல் னோய்,tamil,voice_transcription_error,fruit_rot,train
when to apply urea for chilli,when to apply uea for chilli,english,spelling_error,fertilizer_timing,train
when to apply urea for chilli,when to apply uria for chilli,english,voice_transcription_error,fertilizer_timing,train
is it the right time to plant cotton now,is it the rigt time to plant cotton now,english,spelling_error,sowing_time,train
தக்காளி பழத்தில கருப்பு குழி மாதிரி இருக்கு,தககாளி பழத்தில கருப்பு குழி மாதிரி இருக்கு,tamil,spelling_error,fruit_rot,train
தக்காளி பழத்தில கருப்பு குழி மாதிரி இருக்கு,தக்காளி பளத்தில கருப்பு குழி மாதிரி இருக்கு,tamil,voice_transcription_error,fruit_rot,train
முருங்கை தண்டு பலவீனமா சாயுது,முருஙகை தண்டு பலவீனமா சாயுது,tamil,spelling_error,potassium_deficiency,train
best fertilizer for sugarcane,best fertilizer for suugarcane,english,spelling_error,fertilizer,train
best fertilizer for sugarcane,best fertiliser for sugarcane,english,voice_transcription_error,fertilizer,train
harvester hire rate,harvester hie rate,english,spelling_error,farm_machinery,train
murungai ethana naal la aruvadai,murungai ethana neal la aruvadai,tanglish,spelling_error,harvesting,train
murungai ethana naal la aruvadai,murungai ethana naal la aruvadhai,tanglish,phonetic,harvesting,train
murungai ethana naal la aruvadai,murungai ethananaal la aruvadai,tanglish,voice_transcription_error,harvesting,train
chilli leaves curling with silvery patches,chilli leaevs curling with silvery patches,english,spelling_error,thrips_mites,train
chilli leaves curling with silvery patches,chilli leafs curling with silvery patches,english,voice_transcription_error,thrips_mites,train
katharikai ilai surundu pogudhu,katharikai ilai surunndu pogudhu,tanglish,spelling_error,leaf_curl,train
katharikai ilai surundu pogudhu,katharikai elai surundu pogudhu,tanglish,phonetic,leaf_curl,train
katharikai ilai surundu pogudhu,katharikaiilai surundu pogudu,tanglish,voice_transcription_error,leaf_curl,train
உரம் என்றால் என்ன,உரம என்றால் என்ன,tamil,spelling_error,agri_general_info,train
உரம் என்றால் என்ன,உரம்என்றாள் என்ன,tamil,voice_transcription_error,agri_general_info,train
brinjal ilai adila vellai ee,brnjal ilai adila vellai ee,tanglish,spelling_error,whitefly,train
brinjal ilai adila vellai ee,brinjal elai adila vellai ee,tanglish,phonetic,whitefly,train
brinjal ilai adila vellai ee,brinjal ilai adila vellaiee,tanglish,voice_transcription_error,whitefly,train
banana stems weak and falling,banana stems weak and fulling,english,spelling_error,potassium_deficiency,train
best season for brinjal in tamil nadu,bset season for brinjal in tamil nadu,english,spelling_error,sowing_time,train
best season for brinjal in tamil nadu,best season for brinjol in tamil nadu,english,voice_transcription_error,sowing_time,train
மஞ்சள் இலை மஞ்சளாகுது ஏன்?,மஞசள் இலை மஞ்சளாகுது ஏன்?,tamil,spelling_error,yellow_leaf,train
மஞ்சள் இலை மஞ்சளாகுது ஏன்?,மஞ்சள் இலை மஞ்சளாகுதுஏன்,tamil,voice_transcription_error,yellow_leaf,train
கத்தரி செடி முழுசா காய்ஞ்சு செத்துப் போச்சு,கத்தரி செடி முழுசா காய்ஞ்சு செத்துப போச்சு,tamil,spelling_error,wilting,train
entha maasam takkali podalaam,enha maasam takkali podalaam,tanglish,spelling_error,sowing_time,train
entha maasam takkali podalaam,entha maasam takkali podalama,tanglish,phonetic,sowing_time,train
entha maasam takkali podalaam,entha maasam takkalipodalaam,tanglish,voice_transcription_error,sowing_time,train
முருங்கை வயல்ல தண்ணி மிச்சப்படுத்த வழி,முருங்கை வயல்ல தண்ணி மிசசப்படுத்த வழி,tamil,spelling_error,water_shortage,train
முருங்கை வயல்ல தண்ணி மிச்சப்படுத்த வழி,முருங்கை வயல்ல தண்ணி மிச்சப்படுத்த வளி,tamil,voice_transcription_error,water_shortage,train
is my maize lacking nitrogen,is my maize lackign nitrogen,english,spelling_error,nitrogen_deficiency,train
fruit rot in chilli,fruuit rot in chilli,english,spelling_error,fruit_rot,train
நெல் இலைச்சுருட்டுப் புழு,னெல் இலைச்சுருட்டுப் புழு,tamil,spelling_error,leaf_folder,train
கத்தரி காய் செடியிலேயே அழுகுது,கத்தரி காய் செடியிளேயே அழுகுது,tamil,spelling_error,fruit_rot,train
கத்தரி காய் செடியிலேயே அழுகுது,கத்தரி காய்செடியிளேயே அழுகுது,tamil,voice_transcription_error,fruit_rot,train
central shoot drying in maize,central shoot drying in maie,english,spelling_error,stem_borer,train
pachai payaru pattam eppo,pachai payrau pattam eppo,tanglish,spelling_error,sowing_time,train
pachai payaru pattam eppo,pachai payaru pattam epo,tanglish,phonetic,sowing_time,train
pachai payaru pattam eppo,pachai payaru pattameppo,tanglish,voice_transcription_error,sowing_time,train
bio fertilizer seed treatment for green gram,bio fertilizer sede treatment for green gram,english,spelling_error,seed_treatment,train
bio fertilizer seed treatment for green gram,bio fertiliser seed treatment for green gram,english,voice_transcription_error,seed_treatment,train
is it safe to spray today,is it safe to spray tody,english,spelling_error,weather,train
pachai payaru kaai puzhu,pacha payaru kaai puzhu,tanglish,phonetic,fruit_borer,train
pachai payaru kaai puzhu,pachaipayaru kaai pulu,tanglish,voice_transcription_error,fruit_borer,train
குறுகிய கால நிலக்கடலை ரகம்,குறுகிய கால நிலக்கடலை ரகம,tamil,spelling_error,seed_selection,train
குறுகிய கால நிலக்கடலை ரகம்,குறுகிய கால னிலக்கடலைரகம்,tamil,voice_transcription_error,seed_selection,train
entha maasam ulundhu podalaam,entha maasam ulundu podalaam,tanglish,spelling_error,sowing_time,train
entha maasam ulundhu podalaam,enta maasam ulundhu podalaam,tanglish,phonetic,sowing_time,train
entha maasam ulundhu podalaam,entha maasam ulundupodalaam,tanglish,voice_transcription_error,sowing_time,train
banana pazhaya ilai oram brown,banana pazhaya ilai oram bown,tanglish,spelling_error,potassium_deficiency,train
banana pazhaya ilai oram brown,banana pazhaya illai oram brown,tanglish,phonetic,potassium_deficiency,train
banana pazhaya ilai oram brown,banana palayailai oram brown,tanglish,voice_transcription_error,potassium_deficiency,train
manpuzhu uram nalladha,mannpuzhu uram nalladha,tanglish,spelling_error,organic_fertilizer,train
manpuzhu uram nalladha,manpuzhu oram nalladha,tanglish,phonetic,organic_fertilizer,train
manpuzhu uram nalladha,manpulu uramnallada,tanglish,voice_transcription_error,organic_fertilizer,train
வறட்சியை தாங்குற பயிர் எது,வறட்சியை தாஙகுற பயிர் எது,tamil,spelling_error,drought,train
வறட்சியை தாங்குற பயிர் எது,வரட்சியைதாங்குற பயிர் எது,tamil,voice_transcription_error,drought,train
பிஎம் கிசான் எப்படி விண்ணப்பிக்கிறது,பிஎம் கிசான் எபபடி விண்ணப்பிக்கிறது,tamil,spelling_error,pm_kisan,train
பிஎம் கிசான் எப்படி விண்ணப்பிக்கிறது,பிஎம் கிசான் எப்படிவிண்ணப்பிக்கிரது,tamil,voice_transcription_error,pm_kisan,train
மக்காச்சோளம் செடி திடீர்னு வாடுது,மக்காச்சோளம் செடி திடீர்னுவாடுது,tamil,voice_transcription_error,wilting,train
what fertilizer should I use for turmeric,what fertiizer should I use for turmeric,english,spelling_error,fertilizer,train
what fertilizer should I use for turmeric,what fertiliser should i use for turmeric,english,voice_transcription_error,fertilizer,train
how to get organic certification,how to get organiic certification,english,spelling_error,organic_farming,train
why is seed treatment needed,why is seed treatmennt needed,english,spelling_error,seed_treatment,train
நல்ல மஞ்சள் விதை எங்க கிடைக்கும்,நல்ல மஞ்சள் விதை எங்க கிடைக்கும,tamil,spelling_error,seed_selection,train
நல்ல மஞ்சள் விதை எங்க கிடைக்கும்,னள்ல மஞ்சள் விதை எங்க கிடைக்கும்,tamil,voice_transcription_error,seed_selection,train
valai noi ku enna marundhu,valaai noi ku enna marundhu,tanglish,spelling_error,crop_disease,train
valai noi ku enna marundhu,valai noi ku ena marundhu,tanglish,phonetic,crop_disease,train
valai noi ku enna marundhu,valai noi ku ennamarundu,tanglish,voice_transcription_error,crop_disease,train
cotton eppo vidhaikanum,coton eppo vidhaikanum,tanglish,spelling_error,sowing_time,train
cotton eppo vidhaikanum,cotton eppa vidhaikanum,tanglish,phonetic,sowing_time,train
cotton eppo vidhaikanum,cotton eppovidaikanum,tanglish,voice_transcription_error,sowing_time,train
உளுந்து செடியில என்ன நோய்னு தெரியல,உளுந்து செடியிள என்ன நோய்னு தெரியல,tamil,spelling_error,crop_disease,train
உளுந்து செடியில என்ன நோய்னு தெரியல,உளுன்துசெடியிள என்ன நோய்னு தெரியல,tamil,voice_transcription_error,crop_disease,train
kathiri pazham azhugal,kathiri pazham azhgual,tanglish,spelling_error,fruit_rot,train
kathiri pazham azhugal,kathiri pazam azhugal,tanglish,phonetic,fruit_rot,train
kathiri pazham azhugal,kathiri palamalugal,tanglish,voice_transcription_error,fruit_rot,train
cotton flowers not opening like rosette,cotton flawers not opening like rosette,english,spelling_error,bollworm,train
thazhai sathu kuraivu,thazhai sathu kuuraivu,tanglish,spelling_error,nitrogen_deficiency,train
thazhai sathu kuraivu,thalai uram sathu kuraivu,tanglish,phonetic,nitrogen_deficiency,train
thazhai sathu kuraivu,thalaisathu kuraivu,tanglish,voice_transcription_error,nitrogen_deficiency,train
thennai pazhaya ilai velir manjal,thennai pazhaya ilai velir manajl,tanglish,spelling_error,nitrogen_deficiency,train
thennai pazhaya ilai velir manjal,thennai pazhaya ilai velir manjel,tanglish,phonetic,nitrogen_deficiency,train
thennai pazhaya ilai velir manjal,thennai palayailai velir manjal,tanglish,voice_transcription_error,nitrogen_deficiency,train
whitefly takkali la romba,whitefly takkai la romba,tanglish,spelling_error,whitefly,train
whitefly takkali la romba,whitefly takkali la rmba,tanglish,phonetic,whitefly,train
whitefly takkali la romba,whitefly takkalila romba,tanglish,voice_transcription_error,whitefly,train
fruit borer in brinjal,frut borer in brinjal,english,spelling_error,fruit_borer,train
fruit borer in brinjal,fruit borer in brinjol,english,voice_transcription_error,fruit_borer,train
தக்காளி பயிர் காப்பீடு எப்படி பண்றது,தக்காளி பயிர் காப்பீடு எப்படி பண்ரது,tamil,spelling_error,crop_insurance,train
தக்காளி பயிர் காப்பீடு எப்படி பண்றது,தக்காளிபயிர் காப்பீடு எப்படி பண்ரது,tamil,voice_transcription_error,crop_insurance,train
disease spreading fast in my turmeric field,disease spreading fast in my turmeric fiield,english,spelling_error,crop_disease,train
நிலக்கடலை செடி முழுசா காய்ஞ்சு செத்துப் போச்சு,நிலக்கடலை செடி முழுசா காய்ஞ்சு செத்துப் போசசு,tamil,spelling_error,wilting,train
நிலக்கடலை செடி முழுசா காய்ஞ்சு செத்துப் போச்சு,னிலக்கடலை செடி முழுசா காய்ஞ்சு செத்துப் போச்சு,tamil,voice_transcription_error,wilting,train
நிலக்கடலை பயிருக்கு எத்தனை நாளுக்கு ஒரு தடவை தண்ணி பாய்ச்சணும்,நிளக்கடலை பயிருக்கு எத்தனை நாளுக்கு ஒரு தடவை தண்ணி பாய்ச்சணும்,tamil,spelling_error,irrigation,train
நிலக்கடலை பயிருக்கு எத்தனை நாளுக்கு ஒரு தடவை தண்ணி பாய்ச்சணும்,னிலக்கடலை பயிருக்கு எத்தனை நாளுக்கு ஒரு தடவை தண்ணி பாய்ச்சணும்,tamil,voice_transcription_error,irrigation,train
மழையால கத்தரி சேதம்,மழையால கத்தரி சேதம,tamil,spelling_error,rain_damage,train
மழையால கத்தரி சேதம்,மளையால கத்தரி சேதம்,tamil,voice_transcription_error,rain_damage,train
market la murungai vilai evlo,market la murungai vili evlo,tanglish,spelling_error,market_price,train
market la murungai vilai evlo,market la murungai vilai evvalavu,tanglish,phonetic,market_price,train
market la murungai vilai evlo,marketla murungai vilai evlo,tanglish,voice_transcription_error,market_price,train
பருத்தி பயிருக்கு எந்த உரம் போடலாம்?,பருத்தி பயிருக்கு எந்த உரம போடலாம்?,tamil,spelling_error,fertilizer,train
பருத்தி பயிருக்கு எந்த உரம் போடலாம்?,பருத்தி பயிருக்குஎந்த உரம் போடலாம்,tamil,voice_transcription_error,fertilizer,train
vazhai kuruthu la chinna pachai poochi,vazhai kurothu la chinna pachai poochi,tanglish,spelling_error,aphids,train
vazhai kuruthu la chinna pachai poochi,vazhai kuruthu la chinna pacha poochi,tanglish,phonetic,aphids,train
vazhai kuruthu la chinna pachai poochi,valaikuruthu la chinna pachai poochi,tanglish,voice_transcription_error,aphids,train
இன்னைக்கு நிலக்கடலை விலை என்ன,இன்னைக்கு னிலக்கடலை விலை என்ன,tamil,spelling_error,market_price,train
how to test my soil,how to test my sool,english,spelling_error,soil_testing,train
lower leaves of urad becoming yellow,lwer leaves of urad becoming yellow,english,spelling_error,yellow_leaf,train
lower leaves of urad becoming yellow,lower leaves of urad becoming yello,english,voice_transcription_error,yellow_leaf,train
coconut ethana naal la aruvadai,coconut ethhana naal la aruvadai,tanglish,spelling_error,harvesting,train
coconut ethana naal la aruvadai,coconut ethana naal la aruvadhai,tanglish,phonetic,harvesting,train
coconut ethana naal la aruvadai,coconutethana naal la aruvadai,tanglish,voice_transcription_error,harvesting,train
borer inside maize stem,borer inside maze stem,english,spelling_error,stem_borer,train
borer inside maize stem,border inside maize stem,english,voice_transcription_error,stem_borer,train
thanni vittum brinjal vaadudhu,thonni vittum brinjal vaadudhu,tanglish,spelling_error,wilting,train
thanni vittum brinjal vaadudhu,thani vittum brinjal vaadudhu,tanglish,phonetic,wilting,train
thanni vittum brinjal vaadudhu,thanni vittum brinjalvaadudu,tanglish,voice_transcription_error,wilting,train
vengayam pudhu ilai manjal narambu pachai,vengayam pudhu iai manjal narambu pachai,tanglish,spelling_error,micronutrient_deficiency,train
vengayam pudhu ilai manjal narambu pachai,vengayam pudhu elai manjal narambu pachai,tanglish,phonetic,micronutrient_deficiency,train
vengayam pudhu ilai manjal narambu pachai,vengayam pudu ilaimanjal narambu pachai,tanglish,voice_transcription_error,micronutrient_deficiency,train
kadalai sedi thideernu vaadudhu,kadalei sedi thideernu vaadudhu,tanglish,spelling_error,wilting,train
kadalai sedi thideernu vaadudhu,kadalai chedi thideernu vaadudhu,tanglish,phonetic,wilting,train
kadalai sedi thideernu vaadudhu,kadalai sedithideernu vaadudu,tanglish,voice_transcription_error,wilting,train
black gram leaves curling upwards,black gram leaves curlign upwards,english,spelling_error,leaf_curl,train
black gram leaves curling upwards,black gram leafs curling upwards,english,voice_transcription_error,leaf_curl,train
நன்றி,நனறி,tamil,spelling_error,thanks,train
எந்த நெல் ரகம் நல்லது,எந்த நெல ரகம் நல்லது,tamil,spelling_error,seed_selection,train
எந்த நெல் ரகம் நல்லது,எந்த நெள் ரகம்நல்லது,tamil,voice_transcription_error,seed_selection,train
நிலக்கடலை இலைப்பேன் தாக்குதல்,நிளக்கடலை இலைப்பேன் தாக்குதல்,tamil,spelling_error,thrips_mites,train
நிலக்கடலை இலைப்பேன் தாக்குதல்,னிலக்கடலை இலைப்பேன் தாக்குதல்,tamil,voice_transcription_error,thrips_mites,train
மிளகாய் இலை சுரண்டுன மாதிரி இருக்கு,மிளகாய் இலை சுரன்டுன மாதிரி இருக்கு,tamil,spelling_error,thrips_mites,train
மிளகாய் இலை சுரண்டுன மாதிரி இருக்கு,மிளகாய் இளை சுரண்டுன மாதிரி இருக்கு,tamil,voice_transcription_error,thrips_mites,train
நிலக்கடலை இரும்புச்சத்து குறைபாடு,நிலக்கடலை இரும்புச்சத்து குரைபாடு,tamil,spelling_error,micronutrient_deficiency,train
நிலக்கடலை இரும்புச்சத்து குறைபாடு,நிளக்கடலைஇரும்புச்சத்து குறைபாடு,tamil,voice_transcription_error,micronutrient_deficiency,train
black spots coming on green gram leaf,black spots coming on green gram lefa,english,spelling_error,leaf_spot,train
groundnut growth slow and light green colour,groundnut growth slow and light groen colour,english,spelling_error,nitrogen_deficiency,train
pm kisan ekyc,pm kiasn ekyc,english,spelling_error,pm_kisan,train
மண் வள அட்டை எங்க வாங்கலாம்,மண் வள அட்டை எங்க வாங்களாம்,tamil,spelling_error,soil_testing,train
which moong variety is best,which moong variuty is best,english,spelling_error,seed_selection,train
periya mazhai la cotton vayal moozhgiruchu,periya mazhai la cotton vayaal moozhgiruchu,tanglish,spelling_error,rain_damage,train
periya mazhai la cotton vayal moozhgiruchu,periya malai la cotton vayal moozhgiruchu,tanglish,phonetic,rain_damage,train
periya mazhai la cotton vayal moozhgiruchu,periya malai la cotton vayalmoolgiruchu,tanglish,voice_transcription_error,rain_damage,train
பருத்தி எவ்வளவு நாள் சேமிக்கலாம்,பருத்தி எவ்வளவு நாள் சேமிக்களாம்,tamil,spelling_error,post_harvest_storage,train
பருத்தி எவ்வளவு நாள் சேமிக்கலாம்,பருத்தி எவ்வளவு னாள்சேமிக்கலாம்,tamil,voice_transcription_error,post_harvest_storage,train
உயிர் உரம் என்றால் என்ன,உயிர் உரம் என்றாள் என்ன,tamil,spelling_error,agri_general_info,train
young moong leaves yellow with green veins,young moong leaves yellow wth green veins,english,spelling_error,micronutrient_deficiency,train
young moong leaves yellow with green veins,young moong leafs yellow with green veins,english,voice_transcription_error,micronutrient_deficiency,train
is drip irrigation good for onion,is drip irrgation good for onion,english,spelling_error,drip_irrigation,train
is drip irrigation good for onion,is trip irrigation good for onion,english,voice_transcription_error,drip_irrigation,train
வாழை எவ்வளவு நாள் சேமிக்கலாம்,வாளை எவ்வளவு நாள் சேமிக்கலாம்,tamil,spelling_error,post_harvest_storage,train
வாழை எவ்வளவு நாள் சேமிக்கலாம்,வாழை எவ்வளவுநாள் சேமிக்களாம்,tamil,voice_transcription_error,post_harvest_storage,train
how many days for tomato harvest,how many days for tomato harvset,english,spelling_error,harvesting,train
how many days for tomato harvest,how many days for tomato harvist,english,voice_transcription_error,harvesting,train
chilli pazhathula karuppu kuzhi,chilli pazhathula karuppu kuzzhi,tanglish,spelling_error,fruit_rot,train
chilli pazhathula karuppu kuzhi,chilli pazhathula karupu kuzhi,tanglish,phonetic,fruit_rot,train
chilli pazhathula karuppu kuzhi,chilli palathulakaruppu kuli,tanglish,voice_transcription_error,fruit_rot,train
vazhai ver valarchi illa,vahai ver valarchi illa,tanglish,spelling_error,phosphorus_deficiency,train
vazhai ver valarchi illa,vazhai ver valarchi ila,tanglish,phonetic,phosphorus_deficiency,train
vazhai ver valarchi illa,valaiver valarchi illa,tanglish,voice_transcription_error,phosphorus_deficiency,train
tomato vellai ee thollai,toato vellai ee thollai,tanglish,spelling_error,whitefly,train
tomato vellai ee thollai,tomato vellai ee tollai,tanglish,phonetic,whitefly,train
tomato vellai ee thollai,tomato vellaiee thollai,tanglish,voice_transcription_error,whitefly,train
மிளகாய் இலையில சிலந்திப்பூச்சி,மிளகாய் இலையில சிலநதிப்பூச்சி,tamil,spelling_error,thrips_mites,train
மிளகாய் இலையில சிலந்திப்பூச்சி,மிளகாய் இளையிலசிலந்திப்பூச்சி,tamil,voice_transcription_error,thrips_mites,train
maize eppo vidhaikanum,maize epop vidhaikanum,tanglish,spelling_error,sowing_time,train
maize eppo vidhaikanum,maize epo vidhaikanum,tanglish,phonetic,sowing_time,train
maize eppo vidhaikanum,maize eppovidaikanum,tanglish,voice_transcription_error,sowing_time,train
கரும்பு இலை ஓரம் பழுப்பா கருகுது,கரும்பு இலை ஓரம் பளுப்பா கருகுது,tamil,spelling_error,potassium_deficiency,train
கரும்பு இலை ஓரம் பழுப்பா கருகுது,கரும்பு இலை ஓரம்பழுப்பா கருகுது,tamil,voice_transcription_error,potassium_deficiency,train
மழை இல்லாம நெல் காயுது,மளை இல்லாம நெல் காயுது,tamil,spelling_error,drought,train
பெருமழையில மஞ்சள் வயல் மூழ்கிடுச்சு,பெருமழையில மஞ்சள் வயல மூழ்கிடுச்சு,tamil,spelling_error,rain_damage,train
பெருமழையில மஞ்சள் வயல் மூழ்கிடுச்சு,பெருமழையிள மஞ்சள்வயல் மூழ்கிடுச்சு,tamil,voice_transcription_error,rain_damage,train
iyarkai vivasayam epdi start panradhu,iyarkai vivasayam epdi start panrdhu,tanglish,spelling_error,organic_farming,train
iyarkai vivasayam epdi start panradhu,iyarkai vivasayam yepdi start panradhu,tanglish,phonetic,organic_farming,train
iyarkai vivasayam epdi start panradhu,iyarkai vivasayam epdistart panradu,tanglish,voice_transcription_error,organic_farming,train
is drip irrigation good for tomato,is drip irrigation good for tumato,english,spelling_error,drip_irrigation,train
is drip irrigation good for tomato,is trip irrigation good for tomato,english,voice_transcription_error,drip_irrigation,train
when should I sow brinjal,when should I sow brinjjal,english,spelling_error,sowing_time,train
when should I sow brinjal,when should i sow brinjol,english,voice_transcription_error,sowing_time,train
சின்ன வெங்காயம் இலையில சிலந்திப்பூச்சி,சின்ன வெங்காயம் இலையில சிலந்திபபூச்சி,tamil,spelling_error,thrips_mites,train
சின்ன வெங்காயம் இலையில சிலந்திப்பூச்சி,சின்னவெங்காயம் இலையில சிலன்திப்பூச்சி,tamil,voice_transcription_error,thrips_mites,train
pazhaya ilai orathula brown,pazhaya ilai orathula bown,tanglish,spelling_error,potassium_deficiency,train
pazhaya ilai orathula brown,pazhaya illai orathula brown,tanglish,phonetic,potassium_deficiency,train
pazhaya ilai orathula brown,palaya ilai orathulabrown,tanglish,voice_transcription_error,potassium_deficiency,train
vazhai ku poochi attack,vazhai ku poochi attacck,tanglish,spelling_error,pest_attack,train
vazhai ku poochi attack,vazhai ku puchi attack,tanglish,phonetic,pest_attack,train
vazhai ku poochi attack,valai ku poochiattack,tanglish,voice_transcription_error,pest_attack,train
dead heart in sugarcane,dead heat in sugarcane,english,spelling_error,stem_borer,train
is vermicompost good for chilli,is vermicompost goood for chilli,english,spelling_error,organic_fertilizer,train
heat naala ulundhu affect,heat naala ulunhu affect,tanglish,spelling_error,heat_stress,train
heat naala ulundhu affect,heat naala ulundu affect,tanglish,phonetic,heat_stress,train
heat naala ulundhu affect,heat naalaulundu affect,tanglish,voice_transcription_error,heat_stress,train
is my groundnut lacking nitrogen,is my groundnut lackign nitrogen,english,spelling_error,nitrogen_deficiency,train
மிளகாய் வேர் அழுகுது,மிளகாய வேர் அழுகுது,tamil,spelling_error,root_rot,train
poor root growth in tomato,poor root groowth in tomato,english,spelling_error,phosphorus_deficiency,train
ரசாயனம் போட்டு மண் கெட்டுப் போச்சு,ரசாயனம் போட்டு மண் கெடடுப் போச்சு,tamil,spelling_error,soil_health,train
nandri,nadnri,tanglish,spelling_error,thanks,train
nandri,nanri,tanglish,phonetic,thanks,train
how long can I store tomato,how log can I store tomato,english,spelling_error,post_harvest_storage,train
cotton leaves curling with silvery patches,cotton leaves curling with silvvery patches,english,spelling_error,thrips_mites,train
cotton leaves curling with silvery patches,cotton leafs curling with silvery patches,english,voice_transcription_error,thrips_mites,train
why are my moong leaves folding,why are my moong leaevs folding,english,spelling_error,leaf_curl,train
why are my moong leaves folding,why are my moong leafs folding,english,voice_transcription_error,leaf_curl,train
poor root growth in groundnut,poor root growh in groundnut,english,spelling_error,phosphorus_deficiency,train
hybrid milaga vidhai,hybriid milaga vidhai,tanglish,spelling_error,seed_selection,train
hybrid milaga vidhai,hybrid milaga vidai,tanglish,phonetic,seed_selection,train
hybrid milaga vidhai,hybrid milagavidai,tanglish,voice_transcription_error,seed_selection,train
turmeric thanni paaichal schedule,turmeric thanni paaichal scheedule,tanglish,spelling_error,irrigation,train
turmeric thanni paaichal schedule,turmeric thani paaichal schedule,tanglish,phonetic,irrigation,train
turmeric thanni paaichal schedule,turmeric thanni paaichalschedule,tanglish,voice_transcription_error,irrigation,train
small round spots on onion leaves what to do,small rond spots on onion leaves what to do,english,spelling_error,leaf_spot,train
small round spots on onion leaves what to do,small round spots on onion leafs what to do,english,voice_transcription_error,leaf_spot,train
how to treat rice seeds before sowing,how to treat rice seeds beforre sowing,english,spelling_error,seed_treatment,train
how to treat rice seeds before sowing,how to treat rise seeds before sowing,english,voice_transcription_error,seed_treatment,train
ilai ellam surungi chinnadha aagudhu,iali ellam surungi chinnadha aagudhu,tanglish,spelling_error,leaf_curl,train
ilai ellam surungi chinnadha aagudhu,ela ellam surungi chinnadha aagudhu,tanglish,phonetic,leaf_curl,train
ilai ellam surungi chinnadha aagudhu,ilai ellam surungi chinnadaaagudu,tanglish,voice_transcription_error,leaf_curl,train
potassium deficiency in moringa,pootassium deficiency in moringa,english,spelling_error,potassium_deficiency,train
tomato la leaf curl romba iruku,toato la leaf curl romba iruku,tanglish,spelling_error,leaf_curl,train
tomato la leaf curl romba iruku,tomato la leaf curl rmba iruku,tanglish,phonetic,leaf_curl,train
tomato la leaf curl romba iruku,tomato laleaf curl romba iruku,tanglish,voice_transcription_error,leaf_curl,train
கரும்பு இலை மஞ்சளாகுது ஏன்?,கரும்பு இளை மஞ்சளாகுது ஏன்?,tamil,spelling_error,yellow_leaf,train
கரும்பு இலை மஞ்சளாகுது ஏன்?,கரும்பு இலைமஞ்சளாகுது ஏன்,tamil,voice_transcription_error,yellow_leaf,train
pm kisan next installment,pm ksian next installment,english,spelling_error,pm_kisan,train
moong ku evlo naal ku oru thadava thanni,moong ku evlo nual ku oru thadava thanni,tanglish,spelling_error,irrigation,train
moong ku evlo naal ku oru thadava thanni,moong ku evlo nal ku oru thadava thanni,tanglish,phonetic,irrigation,train
moong ku evlo naal ku oru thadava thanni,moongku evlo naal ku oru thadava thanni,tanglish,voice_transcription_error,irrigation,train
tiny insects scraping chilli leaves,tiny insects scraping chilli leavees,english,spelling_error,thrips_mites,train
tiny insects scraping chilli leaves,tiny insects scraping chilli leafs,english,voice_transcription_error,thrips_mites,train
bio fertilizer seed treatment for turmeric,bio fertilizer seid treatment for turmeric,english,spelling_error,seed_treatment,train
bio fertilizer seed treatment for turmeric,bio fertiliser seed treatment for turmeric,english,voice_transcription_error,seed_treatment,train
ilai mela chinna chinna pulli,ilai meal chinna chinna pulli,tanglish,spelling_error,leaf_spot,train
ilai mela chinna chinna pulli,ilai mela chinna chinna puli,tanglish,phonetic,leaf_spot,train
ilai mela chinna chinna pulli,ilaimela chinna chinna pulli,tanglish,voice_transcription_error,leaf_spot,train
கோடையில மிளகாய் இலை கருகுது,கோடையில மிளகாய இலை கருகுது,tamil,spelling_error,heat_stress,train
கோடையில மிளகாய் இலை கருகுது,கோடையிள மிளகாய் இலை கருகுது,tamil,voice_transcription_error,heat_stress,train
en nilam uvar mannu,en nilam uvar mannnu,tanglish,spelling_error,soil_ph,train
en nilam uvar mannu,en nelam uvar mannu,tanglish,phonetic,soil_ph,train
en nilam uvar mannu,en nilamuvar mannu,tanglish,voice_transcription_error,soil_ph,train
heat naala kathiri affect,heat naala kathiriaffect,tanglish,voice_transcription_error,heat_stress,train
pachai payaru kaai thulachirukku,pachai payaru kaai thulahirukku,tanglish,spelling_error,fruit_borer,train
pachai payaru kaai thulachirukku,pachai payaru kaay thulachirukku,tanglish,phonetic,fruit_borer,train
pachai payaru kaai thulachirukku,pachai payaru kaaithulachirukku,tanglish,voice_transcription_error,fruit_borer,train
how to protect moringa from heat,how to prottect moringa from heat,english,spelling_error,heat_stress,train
மக்காச்சோளம் செடிய பூச்சி தின்னுது,மக்காச்சோளம் செடிய பூச்சிதின்னுது,tamil,voice_transcription_error,pest_attack,train
rain damaged my turmeric what to do now,rain damaged my turmeric whhat to do now,english,spelling_error,rain_damage,train
எந்த மிளகாய் ரகம் நல்லது,எந்த மிளகாய் ரகம் நலலது,tamil,spelling_error,seed_selection,train
எந்த மிளகாய் ரகம் நல்லது,என்த மிளகாய் ரகம்நல்லது,tamil,voice_transcription_error,seed_selection,train
pink bollworm in cotton,pink bllworm in cotton,english,spelling_error,bollworm,train
turmeric ku best uram,turmeric ku bet uram,tanglish,spelling_error,fertilizer,train
turmeric ku best uram,turmeric ku best oram,tanglish,phonetic,fertilizer,train
turmeric ku best uram,turmericku best uram,tanglish,voice_transcription_error,fertilizer,train
paruththi ver azhugudhu,paruthti ver azhugudhu,tanglish,spelling_error,root_rot,train
paruththi ver azhugudhu,paruththi veru azhugudhu,tanglish,phonetic,root_rot,train
paruththi ver azhugudhu,paruththi veralugudu,tanglish,voice_transcription_error,root_rot,train
தக்காளி வெள்ளை ஈ தொல்லை,தககாளி வெள்ளை ஈ தொல்லை,tamil,spelling_error,whitefly,train
தக்காளி வெள்ளை ஈ தொல்லை,தக்காளி வெள்ளை ஈதொள்லை,tamil,voice_transcription_error,whitefly,train
ulundhu ku micronutrient venuma,ulunduh ku micronutrient venuma,tanglish,spelling_error,micronutrient_deficiency,train
ulundhu ku micronutrient venuma,ulundh ku micronutrient venuma,tanglish,phonetic,micronutrient_deficiency,train
ulundhu ku micronutrient venuma,ulunduku micronutrient venuma,tanglish,voice_transcription_error,micronutrient_deficiency,train
my soil is hard and does not hold water,my soil is hard and dos not hold water,english,spelling_error,soil_health,train
தக்காளி இலைக்கு அடியில வெள்ளை ஈ,தககாளி இலைக்கு அடியில வெள்ளை ஈ,tamil,spelling_error,whitefly,train
nalla milaga vidhai enga kidaikum,nalla milaa vidhai enga kidaikum,tanglish,spelling_error,seed_selection,train
nalla milaga vidhai enga kidaikum,nala milaga vidhai enga kidaikum,tanglish,phonetic,seed_selection,train
nalla milaga vidhai enga kidaikum,nallamilaga vidai enga kidaikum,tanglish,voice_transcription_error,seed_selection,train
which month to plant small onion,whcih month to plant small onion,english,spelling_error,sowing_time,train
முருங்கை பயிருக்கு எத்தனை நாளுக்கு ஒரு தடவை தண்ணி பாய்ச்சணும்,முருங்கை பயிருக்கு எத்தனை னாளுக்கு ஒரு தடவை தண்ணி பாய்ச்சணும்,tamil,spelling_error,irrigation,train
முருங்கை பயிருக்கு எத்தனை நாளுக்கு ஒரு தடவை தண்ணி பாய்ச்சணும்,முருங்கை பயிருக்கு எத்தனை நாளுக்கு ஒரு தடவை தன்ணி பாய்ச்சணும்,tamil,voice_transcription_error,irrigation,train
ippo drumstick nadalaama,ippo drumstick nadallaama,tanglish,spelling_error,sowing_time,train
ippo drumstick nadalaama,ipo drumstick nadalaama,tanglish,phonetic,sowing_time,train
ippo drumstick nadalaama,ippo drumsticknadalaama,tanglish,voice_transcription_error,sowing_time,train
how long can I store small onion,how logn can I store small onion,english,spelling_error,post_harvest_storage,train
ulundhu root rot problem,ulunddhu root rot problem,tanglish,spelling_error,root_rot,train
ulundhu root rot problem,ulundhu root rot problm,tanglish,phonetic,root_rot,train
ulundhu root rot problem,ulundu root rotproblem,tanglish,voice_transcription_error,root_rot,train
soil ph adhigam,soil ph adigam,tanglish,spelling_error,soil_ph,train
soil ph adhigam,soil ph athigam,tanglish,phonetic,soil_ph,train
soil ph adhigam,soilph adigam,tanglish,voice_transcription_error,soil_ph,train
best time for top dressing in moringa,best time for top dresing in moringa,english,spelling_error,fertilizer_timing,train
coconut vellai ee thollai,coconut vellai ee thellai,tanglish,spelling_error,whitefly,train
coconut vellai ee thollai,coconut vellai ee tholla,tanglish,phonetic,whitefly,train
coconut vellai ee thollai,coconut vellaiee thollai,tanglish,voice_transcription_error,whitefly,train
whole black gram plant dried and died,whole black gram plant dried and diod,english,spelling_error,wilting,train
farmers ku enna scheme iruku,farmers ku enna scheem iruku,tanglish,spelling_error,government_scheme,train
farmers ku enna scheme iruku,farmers ku yenna scheme iruku,tanglish,phonetic,government_scheme,train
farmers ku enna scheme iruku,farmers ku enna schemeiruku,tanglish,voice_transcription_error,government_scheme,train
sottu neer paasanam banana ku,sotut neer paasanam banana ku,tanglish,spelling_error,drip_irrigation,train
sottu neer paasanam banana ku,sottu neer pasanam banana ku,tanglish,phonetic,drip_irrigation,train
sottu neer paasanam banana ku,sottu neer paasanambanana ku,tanglish,voice_transcription_error,drip_irrigation,train
உளுந்து பயிருக்கு எந்த உரம் போடலாம்?,உளுந்து பயிருக்கு எந்த உரம் போடளாம்?,tamil,spelling_error,fertilizer,train
உளுந்து பயிருக்கு எந்த உரம் போடலாம்?,உளுன்து பயிருக்கு எந்த உரம் போடலாம்,tamil,voice_transcription_error,fertilizer,train
சின்ன நிலத்துக்கு எந்த பவர் டில்லர் நல்லது,சின்ன நிளத்துக்கு எந்த பவர் டில்லர் நல்லது,tamil,spelling_error,farm_machinery,train
சின்ன நிலத்துக்கு எந்த பவர் டில்லர் நல்லது,சின்ன னிலத்துக்கு எந்த பவர்டில்லர் நல்லது,tamil,voice_transcription_error,farm_machinery,train
how to use cow dung manure for coconut,how to use cow dung manure for coocnut,english,spelling_error,organic_fertilizer,train
drumstick ku organic poochi viratti,drumstick ku organic poochi virattti,tanglish,spelling_error,organic_farming,train
drumstick ku organic poochi viratti,drumstick ku organic puchi viratti,tanglish,phonetic,organic_farming,train
drumstick ku organic poochi viratti,drumstick ku organic poochiviratti,tanglish,voice_transcription_error,organic_farming,train
கரும்பு வயல்ல பூச்சி அதிகமா இருக்கு,கரும்பு வயள்ல பூச்சி அதிகமா இருக்கு,tamil,spelling_error,pest_attack,train
கரும்பு வயல்ல பூச்சி அதிகமா இருக்கு,கரும்பு வயல்லபூச்சி அதிகமா இருக்கு,tamil,voice_transcription_error,pest_attack,train
paruththi ku best uram,paruththi ku bist uram,tanglish,spelling_error,fertilizer,train
paruththi ku best uram,paruththi ku best uraam,tanglish,phonetic,fertilizer,train
paruththi ku best uram,paruththiku best uram,tanglish,voice_transcription_error,fertilizer,train
how long can I store urad,how long can I store urod,english,spelling_error,post_harvest_storage,train
black spots coming on onion leaf,black spots coming on oion leaf,english,spelling_error,leaf_spot,train
kathirikai ku edho noi vandhuruku,kathirikai ku edo noi vandhuruku,tanglish,spelling_error,crop_disease,train
kathirikai ku edho noi vandhuruku,kathirikai ku edho nooi vandhuruku,tanglish,phonetic,crop_disease,train
kathirikai ku edho noi vandhuruku,kathirikai ku edonoi vanduruku,tanglish,voice_transcription_error,crop_disease,train
brown spots on moong leaves,bown spots on moong leaves,english,spelling_error,leaf_spot,train
brown spots on moong leaves,brown spots on moong leafs,english,voice_transcription_error,leaf_spot,train
ok nandri,ok nadri,tanglish,spelling_error,thanks,train
ok nandri,ok nanri,tanglish,phonetic,thanks,train
chinna nilathuku entha power tiller,chinna nliathuku entha power tiller,tanglish,spelling_error,farm_machinery,train
chinna nilathuku entha power tiller,chinna nilathuku endha power tiller,tanglish,phonetic,farm_machinery,train
chinna nilathuku entha power tiller,chinna nilathuku entha powertiller,tanglish,voice_transcription_error,farm_machinery,train
sudden wilt in black gram,sudden wilt in black gam,english,spelling_error,wilting,train
why are my brinjal leaves folding,why are my brinjal leaves foldinng,english,spelling_error,leaf_curl,train
why are my brinjal leaves folding,why are my brinjal leafs folding,english,voice_transcription_error,leaf_curl,train
manjal poda best season,manjal poda bst season,tanglish,spelling_error,sowing_time,train
manjal poda best season,manjel poda best season,tanglish,phonetic,sowing_time,train
manjal poda best season,manjalpoda best season,tanglish,voice_transcription_error,sowing_time,train
vidhaikka munnadi enna pannanum,vidhaikka munnadi ennna pannanum,tanglish,spelling_error,seed_treatment,train
vidhaikka munnadi enna pannanum,vidhaikka munnadi ena pannanum,tanglish,phonetic,seed_treatment,train
vidhaikka munnadi enna pannanum,vidaikka munnadi ennapannanum,tanglish,voice_transcription_error,seed_treatment,train
maize noi ku enna marundhu,mize noi ku enna marundhu,tanglish,spelling_error,crop_disease,train
maize noi ku enna marundhu,maize noy ku enna marundhu,tanglish,phonetic,crop_disease,train
maize noi ku enna marundhu,maizenoi ku enna marundu,tanglish,voice_transcription_error,crop_disease,train
leaf curl problem in black gram,leaf curl prblem in black gram,english,spelling_error,leaf_curl,train
நிலக்கடலை இலை ஊதா நிறமா இருக்கு,நிளக்கடலை இலை ஊதா நிறமா இருக்கு,tamil,spelling_error,phosphorus_deficiency,train
நிலக்கடலை இலை ஊதா நிறமா இருக்கு,நிலக்கடலை இலை ஊதா நிரமா இருக்கு,tamil,voice_transcription_error,phosphorus_deficiency,train
cotton vidhai nerthi epdi,cottin vidhai nerthi epdi,tanglish,spelling_error,seed_treatment,train
cotton vidhai nerthi epdi,cotton vedhai nerthi epdi,tanglish,phonetic,seed_treatment,train
cotton vidhai nerthi epdi,cottonvidai nerthi epdi,tanglish,voice_transcription_error,seed_treatment,train
turmeric thandu thulaippan,turmeric thandu thluaippan,tanglish,spelling_error,stem_borer,train
turmeric thandu thulaippan,turmeric thand thulaippan,tanglish,phonetic,stem_borer,train
turmeric thandu thulaippan,turmeric thanduthulaippan,tanglish,voice_transcription_error,stem_borer,train
white crust on soil surface,white crust on sil surface,english,spelling_error,soil_ph,train
chinna vengayam vidhai nerthi epdi,chinna vengayam vidhai nerthi epddi,tanglish,spelling_error,seed_treatment,train
chinna vengayam vidhai nerthi epdi,chinna vengayam vithai nerthi epdi,tanglish,phonetic,seed_treatment,train
chinna vengayam vidhai nerthi epdi,chinna vengayamvidai nerthi epdi,tanglish,voice_transcription_error,seed_treatment,train
leaf folder in rice,lef folder in rice,english,spelling_error,leaf_folder,train
leaf folder in rice,leaf folder in rise,english,voice_transcription_error,leaf_folder,train
பருத்தி செடி வேர் கருப்பா இருக்கு,பருததி செடி வேர் கருப்பா இருக்கு,tamil,spelling_error,root_rot,train
young coconut leaves yellow with green veins,young coconut leaves yellow with green voins,english,spelling_error,micronutrient_deficiency,train
young coconut leaves yellow with green veins,young coconut leafs yellow with green veins,english,voice_transcription_error,micronutrient_deficiency,train
சின்ன வெங்காயம் இலைப்பேன் தாக்குதல்,சின்ன வெஙகாயம் இலைப்பேன் தாக்குதல்,tamil,spelling_error,thrips_mites,train
வறட்சியில சின்ன வெங்காயம் எப்படி காப்பாத்துறது,வரட்சியில சின்ன வெங்காயம் எப்படி காப்பாத்துறது,tamil,spelling_error,drought,train
உளுந்து காய் துளைச்சு இருக்கு,உளுன்து காய் துளைச்சு இருக்கு,tamil,spelling_error,fruit_borer,train
உளுந்து காய் துளைச்சு இருக்கு,உளுன்து காய் துளைச்சுஇருக்கு,tamil,voice_transcription_error,fruit_borer,train
is drip irrigation good for green gram,is driip irrigation good for green gram,english,spelling_error,drip_irrigation,train
is drip irrigation good for green gram,is trip irrigation good for green gram,english,voice_transcription_error,drip_irrigation,train
கத்தரி செடியில என்ன நோய்னு தெரியல,கத்தரி செடியில என்ன நோயனு தெரியல,tamil,spelling_error,crop_disease,train
பூச்சிய எப்படி கட்டுப்படுத்துறது,பூச்சிய எப்படி கட்டுப்படுத்துரது,tamil,spelling_error,pest_attack,train
பூச்சிய எப்படி கட்டுப்படுத்துறது,பூச்சியஎப்படி கட்டுப்படுத்துறது,tamil,voice_transcription_error,pest_attack,train
paruthi pink puzhu,paruthi pik puzhu,tanglish,spelling_error,bollworm,train
paruthi pink puzhu,paruththi pink puzhu,tanglish,phonetic,bollworm,train
paruthi pink puzhu,paruthipink pulu,tanglish,voice_transcription_error,bollworm,train
why is my rice leaf turning yellow,why is my rice leaf tarning yellow,english,spelling_error,yellow_leaf,train
why is my rice leaf turning yellow,why is my rise leaf turning yellow,english,voice_transcription_error,yellow_leaf,train
lower leaves of cotton becoming yellow,lower leaves of cotton becooming yellow,english,spelling_error,yellow_leaf,train
lower leaves of cotton becoming yellow,lower leafs of cotton becoming yellow,english,voice_transcription_error,yellow_leaf,train
கத்தரி நடவுக்கு ஏத்த பருவம்,கத்தரி நடவுக்கு ஏதத பருவம்,tamil,spelling_error,sowing_time,train
கத்தரி நடவுக்கு ஏத்த பருவம்,கத்தரி நடவுக்கு ஏத்தபருவம்,tamil,voice_transcription_error,sowing_time,train
which cotton variety is best,which cotton variety is bet,english,spelling_error,seed_selection,train
drumstick ilai pulli noi ku enna pannanum,drumstick ilaai pulli noi ku enna pannanum,tanglish,spelling_error,leaf_spot,train
drumstick ilai pulli noi ku enna pannanum,drumstick illai pulli noi ku enna pannanum,tanglish,phonetic,leaf_spot,train
drumstick ilai pulli noi ku enna pannanum,drumstick ilaipulli noi ku enna pannanum,tanglish,voice_transcription_error,leaf_spot,train
uluntu fruit borer control,ulutnu fruit borer control,tanglish,spelling_error,fruit_borer,train
uluntu fruit borer control,uluntufruit borer control,tanglish,voice_transcription_error,fruit_borer,train
how to treat onion seeds before sowing,how to treaat onion seeds before sowing,english,spelling_error,seed_treatment,train
how to treat onion seeds before sowing,how to treat onion seats before sowing,english,voice_transcription_error,seed_treatment,train
turmeric ku noi pudichiruchu sir,turmric ku noi pudichiruchu sir,tanglish,spelling_error,crop_disease,train
turmeric ku noi pudichiruchu sir,turmeric ku noi pudichiruchu saar,tanglish,phonetic,crop_disease,train
turmeric ku noi pudichiruchu sir,turmeric ku noi pudichiruchusir,tanglish,voice_transcription_error,crop_disease,train
மிளகாய் செடி வேர் கருப்பா இருக்கு,மிளகாய் செடி வேர் கருப்பா இருககு,tamil,spelling_error,root_rot,train
மிளகாய் செடி வேர் கருப்பா இருக்கு,மிளகாய் செடிவேர் கருப்பா இருக்கு,tamil,voice_transcription_error,root_rot,train
karumbu stem borer attack,karumbu sem borer attack,tanglish,spelling_error,stem_borer,train
karumbu stem borer attack,karumbu stem borer atack,tanglish,phonetic,stem_borer,train
karumbu stem borer attack,karumbu stemborer attack,tanglish,voice_transcription_error,stem_borer,train
மக்காச்சோளம் இலை ஓரம் கருகுது,மக்காச்சோளம் இளை ஓரம் கருகுது,tamil,spelling_error,leaf_blight,train
மக்காச்சோளம் இலை ஓரம் கருகுது,மக்காச்சோளம் இளைஓரம் கருகுது,tamil,voice_transcription_error,leaf_blight,train
paddy ku evlo naal ku oru thadava thanni,paddy ku evlo nual ku oru thadava thanni,tanglish,spelling_error,irrigation,train
paddy ku evlo naal ku oru thadava thanni,paddy ku evalo naal ku oru thadava thanni,tanglish,phonetic,irrigation,train
paddy ku evlo naal ku oru thadava thanni,paddy ku evlo naalku oru thadava thanni,tanglish,voice_transcription_error,irrigation,train
how many days for brinjal harvest,how many das for brinjal harvest,english,spelling_error,harvesting,train
how many days for brinjal harvest,how many days for brinjal harvist,english,voice_transcription_error,harvesting,train
whitefly problem in chilli,whiteefly problem in chilli,english,spelling_error,whitefly,train
whitefly problem in chilli,white fly problem in chilli,english,voice_transcription_error,whitefly,train
இலை மேல சின்ன சின்ன புள்ளி வருது,இலை மேல சின்ன சினன புள்ளி வருது,tamil,spelling_error,leaf_spot,train
இலை மேல சின்ன சின்ன புள்ளி வருது,இளை மேல சின்ன சின்னபுள்ளி வருது,tamil,voice_transcription_error,leaf_spot,train
nel vivasayi ku edhavadhu scheme,nel vavasayi ku edhavadhu scheme,tanglish,spelling_error,government_scheme,train
nel vivasayi ku edhavadhu scheme,nel vivasaayi ku edhavadhu scheme,tanglish,phonetic,government_scheme,train
nel vivasayi ku edhavadhu scheme,nelvivasayi ku edavadu scheme,tanglish,voice_transcription_error,government_scheme,train
drone la marundhu adikalaama,drone la marundu adikalaama,tanglish,spelling_error,farm_machinery,train
drone la marundhu adikalaama,drone la marunda adikalaama,tanglish,phonetic,farm_machinery,train
drone la marundhu adikalaama,dronela marundu adikalaama,tanglish,voice_transcription_error,farm_machinery,train
முருங்கை விலை ஏன் குறைஞ்சிருக்கு,முருங்கை விலை ஏன் குரைஞ்சிருக்கு,tamil,spelling_error,market_price,train
vayal la poochi thollai,vayal la poochi thollia,tanglish,spelling_error,pest_attack,train
vayal la poochi thollai,vayalu la poochi thollai,tanglish,phonetic,pest_attack,train
vayal la poochi thollai,vayalla poochi thollai,tanglish,voice_transcription_error,pest_attack,train
short duration tomato variety,shoort duration tomato variety,english,spelling_error,seed_selection,train
விதை நேர்த்தி ஏன் பண்ணணும்,விதை னேர்த்தி ஏன் பண்ணணும்,tamil,spelling_error,seed_treatment,train
sugarcane drooping even after watering,sugarcane drooping eveen after watering,english,spelling_error,wilting,train
தக்காளி இரும்புச்சத்து குறைபாடு,தக்காளி இரும்புச்சத்து குரைபாடு,tamil,spelling_error,micronutrient_deficiency,train
cotton pudhu ilai manjal narambu pachai,cottin pudhu ilai manjal narambu pachai,tanglish,spelling_error,micronutrient_deficiency,train
cotton pudhu ilai manjal narambu pachai,cotton pudhu ilai manjel narambu pachai,tanglish,phonetic,micronutrient_deficiency,train
cotton pudhu ilai manjal narambu pachai,cotton pudu ilai manjal narambupachai,tanglish,voice_transcription_error,micronutrient_deficiency,train
paddy leaves drying from the tip,pady leaves drying from the tip,english,spelling_error,leaf_blight,train
paddy leaves drying from the tip,party leaves drying from the tip,english,voice_transcription_error,leaf_blight,train
brinjal pazhaya ilai velir manjal,brinjal pazhaaya ilai velir manjal,tanglish,spelling_error,nitrogen_deficiency,train
brinjal pazhaya ilai velir manjal,brinjal pazhaya ilai velir manjel,tanglish,phonetic,nitrogen_deficiency,train
brinjal pazhaya ilai velir manjal,brinjalpalaya ilai velir manjal,tanglish,voice_transcription_error,nitrogen_deficiency,train
பருத்தி இளஞ்சிவப்பு காய்ப்புழு,பருத்தி இளஞசிவப்பு காய்ப்புழு,tamil,spelling_error,bollworm,train
பருத்தி இளஞ்சிவப்பு காய்ப்புழு,பருத்திஇளஞ்சிவப்பு காய்ப்புளு,tamil,voice_transcription_error,bollworm,train
what does organic farming mean,what dies organic farming mean,english,spelling_error,agri_general_info,train
ilai surutti ulla puzhu iruku,illai surutti ulla puzhu iruku,tanglish,phonetic,leaf_folder,train
ilai surutti ulla puzhu iruku,ilai suruttiulla pulu iruku,tanglish,voice_transcription_error,leaf_folder,train
please check this photo,please check thhis photo,english,spelling_error,image_upload_help,train
how often should I water onion,how often shouuld I water onion,english,spelling_error,irrigation,train
uluntu ku urea eppo podanum,uluntu ku urea eppo poodanum,tanglish,spelling_error,fertilizer_timing,train
uluntu ku urea eppo podanum,uluntu ku urea eppo podanuma,tanglish,phonetic,fertilizer_timing,train
uluntu ku urea eppo podanum,uluntu ku ureaeppo podanum,tanglish,voice_transcription_error,fertilizer_timing,train
கத்தரி இலையில பழுப்பு புள்ளி வருது,கத்தரி இளையில பழுப்பு புள்ளி வருது,tamil,spelling_error,leaf_spot,train
கத்தரி இலையில பழுப்பு புள்ளி வருது,கத்தரி இலையில பளுப்பு புள்ளி வருது,tamil,voice_transcription_error,leaf_spot,train
chemical pottu mann kettu pochu,chemical pottu mann kettu pochi,tanglish,phonetic,soil_health,train
chemical pottu mann kettu pochu,chemical pottumann kettu pochu,tanglish,voice_transcription_error,soil_health,train
manjal vidhai nerthi epdi,manal vidhai nerthi epdi,tanglish,spelling_error,seed_treatment,train
manjal vidhai nerthi epdi,manjal vidai nerthi epdi,tanglish,phonetic,seed_treatment,train
manjal vidhai nerthi epdi,manjal vidainerthi epdi,tanglish,voice_transcription_error,seed_treatment,train
entha paddy ragam best,entha paddy rgaam best,tanglish,spelling_error,seed_selection,train
entha paddy ragam best,enta paddy ragam best,tanglish,phonetic,seed_selection,train
entha paddy ragam best,entha paddy ragambest,tanglish,voice_transcription_error,seed_selection,train
canal water not coming,canl water not coming,english,spelling_error,water_shortage,train
rain damaged my tomato what to do now,rain damaged my tomao what to do now,english,spelling_error,rain_damage,train
மஞ்சள் வயல்ல தண்ணி மிச்சப்படுத்த வழி,மஞ்சள் வயல்ல தண்ணி மிச்சபபடுத்த வழி,tamil,spelling_error,water_shortage,train
மஞ்சள் வயல்ல தண்ணி மிச்சப்படுத்த வழி,மஞ்சள் வயல்ல தன்ணி மிச்சப்படுத்த வழி,tamil,voice_transcription_error,water_shortage,train
paruththi ku poochi attack,paruththi ku pouchi attack,tanglish,spelling_error,pest_attack,train
paruththi ku poochi attack,paruththi ku poochchi attack,tanglish,phonetic,pest_attack,train
paruththi ku poochi attack,paruththi kupoochi attack,tanglish,voice_transcription_error,pest_attack,train
thakkali kaai puzhu,thkkali kaai puzhu,tanglish,spelling_error,fruit_borer,train
thakkali kaai puzhu,thakkali kaai puzu,tanglish,phonetic,fruit_borer,train
thakkali kaai puzhu,thakkalikaai pulu,tanglish,voice_transcription_error,fruit_borer,train
nalla makkacholam vidhai enga kidaikum,nlala makkacholam vidhai enga kidaikum,tanglish,spelling_error,seed_selection,train
nalla makkacholam vidhai enga kidaikum,nalla makkacholam vidai enga kidaikum,tanglish,phonetic,seed_selection,train
nalla makkacholam vidhai enga kidaikum,nalla makkacholamvidai enga kidaikum,tanglish,voice_transcription_error,seed_selection,train
drumstick price,drumstick pirce,tanglish,spelling_error,market_price,train
drip poda evlo selavu,driip poda evlo selavu,tanglish,spelling_error,drip_irrigation,train
drip poda evlo selavu,drip poda evalo selavu,tanglish,phonetic,drip_irrigation,train
drip poda evlo selavu,drip poda evloselavu,tanglish,voice_transcription_error,drip_irrigation,train
பாசிப்பயறு பயிரில பூச்சி தாக்குதல் இருக்கு,பாசிப்பயறு பயிரில பூச்சி தாக்குதல இருக்கு,tamil,spelling_error,pest_attack,train
photo vachu noi kandupudika mudiyuma,phooto vachu noi kandupudika mudiyuma,tanglish,spelling_error,image_upload_help,train
photo vachu noi kandupudika mudiyuma,photo vachu noi kandupudika mudiuma,tanglish,phonetic,image_upload_help,train
photo vachu noi kandupudika mudiyuma,photo vachu noi kandupudikamudiyuma,tanglish,voice_transcription_error,image_upload_help,train
chilli mite attack,chiilli mite attack,tanglish,spelling_error,thrips_mites,train
chilli mite attack,chilli mite atack,tanglish,phonetic,thrips_mites,train
chilli mite attack,chillimite attack,tanglish,voice_transcription_error,thrips_mites,train
மண்ணுல கரிமச்சத்து எப்படி கூட்டுறது,மண்ணுள கரிமச்சத்து எப்படி கூட்டுறது,tamil,spelling_error,soil_health,train
மண்ணுல கரிமச்சத்து எப்படி கூட்டுறது,மண்ணுள கரிமச்சத்து எப்படி கூட்டுரது,tamil,voice_transcription_error,soil_health,train
urad store panradhu epdi,urad store panrdahu epdi,tanglish,spelling_error,post_harvest_storage,train
urad store panradhu epdi,urad store panradhu eppadi,tanglish,phonetic,post_harvest_storage,train
urad store panradhu epdi,urad storepanradu epdi,tanglish,voice_transcription_error,post_harvest_storage,train
moong ku drip nalladha,moong ku dip nalladha,tanglish,spelling_error,drip_irrigation,train
moong ku drip nalladha,moong ku dripp nalladha,tanglish,phonetic,drip_irrigation,train
moong ku drip nalladha,moong kudrip nallada,tanglish,voice_transcription_error,drip_irrigation,train
பாசிப்பயறு எப்போ அறுவடை பண்ணலாம்,பாசிப்பயறு எப்போ அறுவடை பண்ணளாம்,tamil,spelling_error,harvesting,train
பாசிப்பயறு எப்போ அறுவடை பண்ணலாம்,பாசிப்பயறு எப்போ அறுவடைபன்ணலாம்,tamil,voice_transcription_error,harvesting,train
vazhai light green ah iruku valarchi illa,vazahi light green ah iruku valarchi illa,tanglish,spelling_error,nitrogen_deficiency,train
vazhai light green ah iruku valarchi illa,vazhai light green ah irukku valarchi illa,tanglish,phonetic,nitrogen_deficiency,train
vazhai light green ah iruku valarchi illa,valai lightgreen ah iruku valarchi illa,tanglish,voice_transcription_error,nitrogen_deficiency,train
vengayam ver valarchi illa,vengayam ver valachi illa,tanglish,spelling_error,phosphorus_deficiency,train
vengayam ver valarchi illa,vengayam ver valarchi illai,tanglish,phonetic,phosphorus_deficiency,train
vengayam ver valarchi illa,vengayam ver valarchiilla,tanglish,voice_transcription_error,phosphorus_deficiency,train
நாளைக்கு மழை இருக்குமா,நாளைக்கு மழை இருககுமா,tamil,spelling_error,weather,train
நாளைக்கு மழை இருக்குமா,நாளைக்கு மழைஇருக்குமா,tamil,voice_transcription_error,weather,train
good hybrid rice seeds,good hybrid rice seeeds,english,spelling_error,seed_selection,train
good hybrid rice seeds,good hybrid rice seats,english,voice_transcription_error,seed_selection,train
worms inside cotton bolls,worms inside cotton bollls,english,spelling_error,bollworm,train
small round spots on maize leaves what to do,smull round spots on maize leaves what to do,english,spelling_error,leaf_spot,train
small round spots on maize leaves what to do,small round spots on maize leafs what to do,english,voice_transcription_error,leaf_spot,train
rent a tractor near me,rent a trector near me,english,spelling_error,farm_machinery,train
how often should I water drumstick,how often should I watr drumstick,english,spelling_error,irrigation,train
how to apply for pm kisan,how to aply for pm kisan,english,spelling_error,pm_kisan,train
en payir photo anupalaama,en payir poto anupalaama,tanglish,spelling_error,image_upload_help,train
en payir photo anupalaama,en payiru photo anupalaama,tanglish,phonetic,image_upload_help,train
en payir photo anupalaama,enpayir photo anupalaama,tanglish,voice_transcription_error,image_upload_help,train
murungai ku urea eppo podanum,murongai ku urea eppo podanum,tanglish,spelling_error,fertilizer_timing,train
murungai ku urea eppo podanum,murunga ku urea eppo podanum,tanglish,phonetic,fertilizer_timing,train
murungai ku urea eppo podanum,murungai ku ureaeppo podanum,tanglish,voice_transcription_error,fertilizer_timing,train
coconut ku urea venuma,coconut ku urua venuma,tanglish,spelling_error,nitrogen_deficiency,train
coconut ku urea venuma,coconutku urea venuma,tanglish,voice_transcription_error,nitrogen_deficiency,train
good hybrid cotton seeds,good hbrid cotton seeds,english,spelling_error,seed_selection,train
good hybrid cotton seeds,good hybrid cotton seats,english,voice_transcription_error,seed_selection,train
what fertilizer should I use for paddy,what fertilizir should I use for paddy,english,spelling_error,fertilizer,train
what fertilizer should I use for paddy,what fertilizer should i use for party,english,voice_transcription_error,fertilizer,train
entha paruththi ragam best,entha paruthti ragam best,tanglish,spelling_error,seed_selection,train
entha paruththi ragam best,entha paruththi ragham best,tanglish,phonetic,seed_selection,train
entha paruththi ragam best,enthaparuththi ragam best,tanglish,voice_transcription_error,seed_selection,train
ஹலோ,ஹளோ,tamil,spelling_error,greeting,train
என் பயிர் போட்டோ அனுப்பலாமா,என் பயிர் போடடோ அனுப்பலாமா,tamil,spelling_error,image_upload_help,train
water stagnating in onion field after rain,water stagnating in onion field ater rain,english,spelling_error,rain_damage,train
market la groundnut vilai evlo,market la groundnut vilai evvlo,tanglish,spelling_error,market_price,train
market la groundnut vilai evlo,market la groundnut velai evlo,tanglish,phonetic,market_price,train
market la groundnut vilai evlo,market lagroundnut vilai evlo,tanglish,voice_transcription_error,market_price,train
coconut fruits rotting on the plant,coconut fruits rotting on the palnt,english,spelling_error,fruit_rot,train
tomato leaves drying from the tip,tomato leives drying from the tip,english,spelling_error,leaf_blight,train
tomato leaves drying from the tip,tomato leafs drying from the tip,english,voice_transcription_error,leaf_blight,train
"கரும்பு பழைய இலை வெளிர் மஞ்சள், வளர்ச்சி இல்ல","கரும்பு பளைய இலை வெளிர் மஞ்சள், வளர்ச்சி இல்ல",tamil,spelling_error,nitrogen_deficiency,train
"கரும்பு பழைய இலை வெளிர் மஞ்சள், வளர்ச்சி இல்ல",கரும்புபளைய இலை வெளிர் மஞ்சள் வளர்ச்சி இல்ல,tamil,voice_transcription_error,nitrogen_deficiency,train
தக்காளி பயிருக்கு தழைச்சத்து பத்தலையா,தக்காளி பயிருக்கு தளைச்சத்து பத்தலையா,tamil,spelling_error,nitrogen_deficiency,train
mani sathu kuraivu,mani sathhu kuraivu,tanglish,spelling_error,phosphorus_deficiency,train
mani sathu kuraivu,mani satu kuraivu,tanglish,phonetic,phosphorus_deficiency,train
mani sathu kuraivu,manisathu kuraivu,tanglish,voice_transcription_error,phosphorus_deficiency,train
subsidy for drip irrigation,subssidy for drip irrigation,english,spelling_error,subsidy,train
subsidy for drip irrigation,subsidy for trip irrigation,english,voice_transcription_error,subsidy,train
டிராக்டர் வாடகைக்கு எங்க கிடைக்கும்,டிராக்டர் வாடகைக்கு எங்க கிடைக்கும,tamil,spelling_error,farm_machinery,train
how to take a soil sample,how to take a soil smaple,english,spelling_error,soil_testing,train
nellu ilai karugal noi,nellu ilai karuugal noi,tanglish,spelling_error,leaf_blight,train
nellu ilai karugal noi,nellu ela karugal noi,tanglish,phonetic,leaf_blight,train
nellu ilai karugal noi,nellu ilai karugalnoi,tanglish,voice_transcription_error,leaf_blight,train
epdi irukeenga,edpi irukeenga,tanglish,spelling_error,greeting,train
epdi irukeenga,eppadi irukeenga,tanglish,phonetic,greeting,train
mazhai ku apram vayal fulla manjala theriyudhu,mazhai ku apram vayal fula manjala theriyudhu,tanglish,spelling_error,yellow_leaf,train
mazhai ku apram vayal fulla manjala theriyudhu,mazhai ku apram vayal fulla manjal ah theriyudhu,tanglish,phonetic,yellow_leaf,train
mazhai ku apram vayal fulla manjala theriyudhu,malaiku apram vayal fulla manjala theriyudu,tanglish,voice_transcription_error,yellow_leaf,train
மிளகாய் இலைக்கு அடியில வெள்ளை ஈ,மிளகாய் இளைக்கு அடியில வெள்ளை ஈ,tamil,spelling_error,whitefly,train
மிளகாய் இலைக்கு அடியில வெள்ளை ஈ,மிளகாய் இலைக்கு அடியில வெள்ளைஈ,tamil,voice_transcription_error,whitefly,train
kaai ellam kettu pogudhu,kaai ellam ktetu pogudhu,tanglish,spelling_error,fruit_rot,train
kaai ellam kettu pogudhu,kai ellam kettu pogudhu,tanglish,phonetic,fruit_rot,train
kaai ellam kettu pogudhu,kaai ellam kettupogudu,tanglish,voice_transcription_error,fruit_rot,train
how many splits for fertilizer in chilli,how many splits for fertilizer in chili,english,spelling_error,fertilizer_timing,train
how many splits for fertilizer in chilli,how many splits for fertiliser in chilli,english,voice_transcription_error,fertilizer_timing,train
government help for small farmers,government help for samll farmers,english,spelling_error,government_scheme,train
nellu ilai pulli noi ku enna pannanum,nellu illai pulli noi ku enna pannanum,tanglish,spelling_error,leaf_spot,train
nellu ilai pulli noi ku enna pannanum,nellu ilai pulli noy ku enna pannanum,tanglish,phonetic,leaf_spot,train
nellu ilai pulli noi ku enna pannanum,nellu ilaipulli noi ku enna pannanum,tanglish,voice_transcription_error,leaf_spot,train
where to buy quality groundnut seeds,were to buy quality groundnut seeds,english,spelling_error,seed_selection,train
where to buy quality groundnut seeds,where to buy quality groundnut seats,english,voice_transcription_error,seed_selection,train
disease spreading fast in my chilli field,disease spreading fst in my chilli field,english,spelling_error,crop_disease,train
பெருமழையில நெல் வயல் மூழ்கிடுச்சு,பெருமளையில நெல் வயல் மூழ்கிடுச்சு,tamil,spelling_error,rain_damage,train
மழைக்கு முன்னாடி உரம் போடலாமா,மழைக்கு முன்னாடி உரம போடலாமா,tamil,spelling_error,fertilizer_timing,train
மழைக்கு முன்னாடி உரம் போடலாமா,மழைக்கு முன்னாடிஉரம் போடளாமா,tamil,voice_transcription_error,fertilizer_timing,train
milagai aphid problem,mialgai aphid problem,tanglish,spelling_error,aphids,train
milagai aphid problem,milagai aphid prablam,tanglish,phonetic,aphids,train
milagai aphid problem,milagai aphidproblem,tanglish,voice_transcription_error,aphids,train
milagai kaai puzhu,milagai kai puzhu,tanglish,spelling_error,fruit_borer,train
milagai kaai puzhu,milagai kaay puzhu,tanglish,phonetic,fruit_borer,train
milagai kaai puzhu,milagai kaaipulu,tanglish,voice_transcription_error,fruit_borer,train
பஞ்சகவ்யா எப்படி பயன்படுத்துறது,பஞ்சகவ்யா எப்படி பயன்படுத்துரது,tamil,spelling_error,organic_farming,train
nel nadavu machine,nel nadvau machine,tanglish,spelling_error,farm_machinery,train
nel nadavu machine,nel nadav machine,tanglish,phonetic,farm_machinery,train
nel nadavu machine,nelnadavu machine,tanglish,voice_transcription_error,farm_machinery,train
பாசிப்பயறு வேர் வளர்ச்சி இல்ல,பாசிப்பயறு வேர் வளரச்சி இல்ல,tamil,spelling_error,phosphorus_deficiency,train
பாசிப்பயறு வேர் வளர்ச்சி இல்ல,பாசிப்பயருவேர் வளர்ச்சி இல்ல,tamil,voice_transcription_error,phosphorus_deficiency,train
pachai payaru store panradhu epdi,pachai payaru storre panradhu epdi,tanglish,spelling_error,post_harvest_storage,train
pachai payaru store panradhu epdi,pachai payaru store panradhu eppadi,tanglish,phonetic,post_harvest_storage,train
pachai payaru store panradhu epdi,pachai payaru storepanradu epdi,tanglish,voice_transcription_error,post_harvest_storage,train
hello farmer assist,hello farmer assit,english,spelling_error,greeting,train
my groundnut plants look sick what disease is this,my groundnut plans look sick what disease is this,english,spelling_error,crop_disease,train
water stagnating in sugarcane field after rain,water stagnating in sagarcane field after rain,english,spelling_error,rain_damage,train
short duration cotton ragam,shhort duration cotton ragam,tanglish,spelling_error,seed_selection,train
short duration cotton ragam,short duration cotton variety,tanglish,phonetic,seed_selection,train
short duration cotton ragam,short durationcotton ragam,tanglish,voice_transcription_error,seed_selection,train
சின்ன வெங்காயம் பயிருக்கு தழைச்சத்து பத்தலையா,சின்ன வெங்காயம் பயிருக்கு தழைச்சத்து பத்தளையா,tamil,spelling_error,nitrogen_deficiency,train
சின்ன வெங்காயம் பயிருக்கு தழைச்சத்து பத்தலையா,சின்ன வெங்காயம் பயிருக்கு தளைச்சத்து பத்தலையா,tamil,voice_transcription_error,nitrogen_deficiency,train
இலையில கருப்பு பூசணம் படியுது,இளையில கருப்பு பூசணம் படியுது,tamil,spelling_error,whitefly,train
இலையில கருப்பு பூசணம் படியுது,இளையில கருப்புபூசணம் படியுது,tamil,voice_transcription_error,whitefly,train
thenna ku thanni save panna vazhi,thenna ku thannni save panna vazhi,tanglish,spelling_error,water_shortage,train
thenna ku thanni save panna vazhi,thenna ku thanni save panna vali,tanglish,phonetic,water_shortage,train
thenna ku thanni save panna vazhi,thennaku thanni save panna vali,tanglish,voice_transcription_error,water_shortage,train
வறட்சியில மக்காச்சோளம் எப்படி காப்பாத்துறது,வறட்சியில மக்காச்சோளம் எபபடி காப்பாத்துறது,tamil,spelling_error,drought,train
வறட்சியில மக்காச்சோளம் எப்படி காப்பாத்துறது,வரட்சியில மக்காச்சோளம் எப்படிகாப்பாத்துறது,tamil,voice_transcription_error,drought,train
kuruvai season na enna,kuruvai season na ena,tanglish,spelling_error,agri_general_info,train
kuruvai season na enna,kuruva season na enna,tanglish,phonetic,agri_general_info,train
kuruvai season na enna,kuruvai seasonna enna,tanglish,voice_transcription_error,agri_general_info,train
turmeric drooping even after watering,turmeric drooping even after wateirng,english,spelling_error,wilting,train
holes in green gram fruits with worms,holes in green gram fruits with wroms,english,spelling_error,fruit_borer,train
why is small onion price low,why is small onino price low,english,spelling_error,market_price,train
kathiri la leaf curl romba iruku,kathhiri la leaf curl romba iruku,tanglish,spelling_error,leaf_curl,train
kathiri la leaf curl romba iruku,kathiri la leaf curl rmba iruku,tanglish,phonetic,leaf_curl,train
kathiri la leaf curl romba iruku,kathiri la leaf curl rombairuku,tanglish,voice_transcription_error,leaf_curl,train
kathirikai sedi ya poochi thinnudhu,kathirikai sedi ya poochi tihnnudhu,tanglish,spelling_error,pest_attack,train
kathirikai sedi ya poochi thinnudhu,kathirikai chedi ya poochi thinnudhu,tanglish,phonetic,pest_attack,train
kathirikai sedi ya poochi thinnudhu,kathirikai sedi ya poochithinnudu,tanglish,voice_transcription_error,pest_attack,train
lower leaves of maize becoming yellow,lowwer leaves of maize becoming yellow,english,spelling_error,yellow_leaf,train
lower leaves of maize becoming yellow,lower leafs of maize becoming yellow,english,voice_transcription_error,yellow_leaf,train
turmeric ver azhugudhu,turmeric ver azhguudhu,tanglish,spelling_error,root_rot,train
turmeric ver azhugudhu,turmeric ver azhugudh,tanglish,phonetic,root_rot,train
turmeric ver azhugudhu,turmeric veralugudu,tanglish,voice_transcription_error,root_rot,train
how to protect maize in a dry spell,how to protect mize in a dry spell,english,spelling_error,drought,train
vepam punnaakku eppo podanum,vepam punaakku eppo podanum,tanglish,spelling_error,organic_fertilizer,train
vepam punnaakku eppo podanum,vepam punnakku eppo podanum,tanglish,phonetic,organic_fertilizer,train
vepam punnaakku eppo podanum,vepam punnaakku eppopodanum,tanglish,voice_transcription_error,organic_fertilizer,train
கரும்பு நல்ல விலைக்கு எங்க விக்கலாம்,கரும்பு நள்ல விலைக்கு எங்க விக்கலாம்,tamil,spelling_error,market_price,train
கரும்பு நல்ல விலைக்கு எங்க விக்கலாம்,கரும்பு னல்ல விலைக்கு எங்க விக்கலாம்,tamil,voice_transcription_error,market_price,train
சின்ன வெங்காயம் பயிர் காப்பீடு எப்படி பண்றது,சின்ன வெங்காயம் பயிர் காப்பீடு எப்படி பண்ரது,tamil,spelling_error,crop_insurance,train
சின்ன வெங்காயம் பயிர் காப்பீடு எப்படி பண்றது,சின்ன வெங்காயம் பயிர் காப்பீடுஎப்படி பன்றது,tamil,voice_transcription_error,crop_insurance,train
வாழை வயல்ல பூச்சி அதிகமா இருக்கு,வாழை வயல்ல பூசசி அதிகமா இருக்கு,tamil,spelling_error,pest_attack,train
வாழை வயல்ல பூச்சி அதிகமா இருக்கு,வாளை வயல்ல பூச்சி அதிகமா இருக்கு,tamil,voice_transcription_error,pest_attack,train
caterpillar eating green gram fruits,caterpillar eating gruen gram fruits,english,spelling_error,fruit_borer,train
tiny insects scraping cotton leaves,tny insects scraping cotton leaves,english,spelling_error,thrips_mites,train
tiny insects scraping cotton leaves,tiny insex scraping cotton leaves,english,voice_transcription_error,thrips_mites,train
மழைக்கு அப்புறம் கரும்பு சாஞ்சிடுச்சு,மழைக்கு அபபுறம் கரும்பு சாஞ்சிடுச்சு,tamil,spelling_error,rain_damage,train
மழைக்கு அப்புறம் கரும்பு சாஞ்சிடுச்சு,மளைக்கு அப்புறம் கரும்பு சாஞ்சிடுச்சு,tamil,voice_transcription_error,rain_damage,train
whitefly problem in urad,whitefly problem in urda,english,spelling_error,whitefly,train
whitefly problem in urad,white fly problem in urad,english,voice_transcription_error,whitefly,train
milagai la leaf curl romba iruku,milgaai la leaf curl romba iruku,tanglish,spelling_error,leaf_curl,train
milagai la leaf curl romba iruku,milagai la leaf curl romba irukku,tanglish,phonetic,leaf_curl,train
milagai la leaf curl romba iruku,milagai laleaf curl romba iruku,tanglish,voice_transcription_error,leaf_curl,train
நெல் கீழ் இலைகள் மஞ்சளா இருக்கு,நெள் கீழ் இலைகள் மஞ்சளா இருக்கு,tamil,spelling_error,yellow_leaf,train
நெல் கீழ் இலைகள் மஞ்சளா இருக்கு,நெள் கீள் இலைகள் மஞ்சளாஇருக்கு,tamil,voice_transcription_error,yellow_leaf,train
whitefly problem in brinjal,whitfly problem in brinjal,english,spelling_error,whitefly,train
whitefly problem in brinjal,white fly problem in brinjal,english,voice_transcription_error,whitefly,train
why is my turmeric leaf turning yellow,why is my turmeric leaf turning yelloow,english,spelling_error,yellow_leaf,train
why is my turmeric leaf turning yellow,why is my turmeric leaf turning yello,english,voice_transcription_error,yellow_leaf,train
brown spots on moringa leaves,broown spots on moringa leaves,english,spelling_error,leaf_spot,train
brown spots on moringa leaves,brown spots on moringa leafs,english,voice_transcription_error,leaf_spot,train
பருத்தி இலையில சிலந்திப்பூச்சி,பருத்தி இலையில சிலன்திப்பூச்சி,tamil,spelling_error,thrips_mites,train
where to buy quality maize seeds,where to buy quality maize sedes,english,spelling_error,seed_selection,train
where to buy quality maize seeds,where to buy quality maize seats,english,voice_transcription_error,seed_selection,train
tomato fruit borer control,tomato fruit borer centrol,tanglish,spelling_error,fruit_borer,train
tomato fruit borer control,tomatofruit borer control,tanglish,voice_transcription_error,fruit_borer,train
how to store chilli without damage,how to store chilli without damgae,english,spelling_error,post_harvest_storage,train
hybrid ulundhu vidhai,hybrid ulundhu vidhi,tanglish,spelling_error,seed_selection,train
hybrid ulundhu vidhai,hibrid ulundhu vidhai,tanglish,phonetic,seed_selection,train
hybrid ulundhu vidhai,hybrid ulunduvidai,tanglish,voice_transcription_error,seed_selection,train
tiny black insects sucking banana shoots,tiny black insects sucking bnana shoots,english,spelling_error,aphids,train
tiny black insects sucking banana shoots,tiny black insex sucking banana shoots,english,voice_transcription_error,aphids,train
takkali kaai thulachirukku,takkali kaaai thulachirukku,tanglish,spelling_error,fruit_borer,train
takkali kaai thulachirukku,takkali kai thulachirukku,tanglish,phonetic,fruit_borer,train
takkali kaai thulachirukku,takkali kaaithulachirukku,tanglish,voice_transcription_error,fruit_borer,train
naalaiku mazha iruka,naalaiku mazhha iruka,tanglish,spelling_error,weather,train
naalaiku mazha iruka,nalaiku mazha iruka,tanglish,phonetic,weather,train
naalaiku mazha iruka,naalaiku malairuka,tanglish,voice_transcription_error,weather,train
நிலக்கடலை சேமிச்சு வைக்கிறது எப்படி,நிலககடலை சேமிச்சு வைக்கிறது எப்படி,tamil,spelling_error,post_harvest_storage,train
நிலக்கடலை சேமிச்சு வைக்கிறது எப்படி,நிளக்கடலை சேமிச்சு வைக்கிரது எப்படி,tamil,voice_transcription_error,post_harvest_storage,train
பருத்தி காய்க்குள்ள புழு,பருத்தி காய்க்குள்ள புளு,tamil,spelling_error,bollworm,train
பருத்தி காய்க்குள்ள புழு,பருத்தி காய்க்குள்ளபுளு,tamil,voice_transcription_error,bollworm,train
வெப்பத்தால உளுந்து பாதிப்பு,வெப்பததால உளுந்து பாதிப்பு,tamil,spelling_error,heat_stress,train
வெப்பத்தால உளுந்து பாதிப்பு,வெப்பத்தாளஉளுந்து பாதிப்பு,tamil,voice_transcription_error,heat_stress,train
மணிச்சத்து குறைபாடு,மனிச்சத்து குறைபாடு,tamil,spelling_error,phosphorus_deficiency,train
மணிச்சத்து குறைபாடு,மணிச்சத்து குரைபாடு,tamil,voice_transcription_error,phosphorus_deficiency,train
thenna pudhu ilai manjal narambu pachai,thenna pudhu ilai mannjal narambu pachai,tanglish,spelling_error,micronutrient_deficiency,train
thenna pudhu ilai manjal narambu pachai,thenna pudhu illai manjal narambu pachai,tanglish,phonetic,micronutrient_deficiency,train
thenna pudhu ilai manjal narambu pachai,thenna puduilai manjal narambu pachai,tanglish,voice_transcription_error,micronutrient_deficiency,train
ippo paasi payaru nadalaama,ippo pasi payaru nadalaama,tanglish,phonetic,sowing_time,train
ippo paasi payaru nadalaama,ippo paasipayaru nadalaama,tanglish,voice_transcription_error,sowing_time,train
my banana plants are wilting suddenly,my banana plants are wilting sudenly,english,spelling_error,wilting,train
my banana plants are wilting suddenly,my banana plants are wilding suddenly,english,voice_transcription_error,wilting,train
nilam valam illa enna pannalaam,nilam valma illa enna pannalaam,tanglish,spelling_error,soil_health,train
nilam valam illa enna pannalaam,nelam valam illa enna pannalaam,tanglish,phonetic,soil_health,train
nilam valam illa enna pannalaam,nilam valam illaenna pannalaam,tanglish,voice_transcription_error,soil_health,train
nilakadalai vaadal noi,niakadalai vaadal noi,tanglish,spelling_error,wilting,train
nilakadalai vaadal noi,nilakadalai vadal noi,tanglish,phonetic,wilting,train
nilakadalai vaadal noi,nilakadalai vaadalnoi,tanglish,voice_transcription_error,wilting,train
thanks sir,thansk sir,english,spelling_error,thanks,train
chinna vengayam ilai oodha colour,chinna vengayam ilai oodha coloour,tanglish,spelling_error,phosphorus_deficiency,train
chinna vengayam ilai oodha colour,chinna vengayam ilai udha colour,tanglish,phonetic,phosphorus_deficiency,train
chinna vengayam ilai oodha colour,chinna vengayamilai ooda colour,tanglish,voice_transcription_error,phosphorus_deficiency,train
paruthi kaai kulla puzhu,paruthi kaai kullla puzhu,tanglish,spelling_error,bollworm,train
paruthi kaai kulla puzhu,paruthi kaai kulla pulu,tanglish,phonetic,bollworm,train
paruthi kaai kulla puzhu,paruthi kaaikulla pulu,tanglish,voice_transcription_error,bollworm,train
high temperature affecting green gram,hihg temperature affecting green gram,english,spelling_error,heat_stress,train
நெல் எப்போ அறுவடை பண்ணலாம்,நெல் எப்போ அறுவடை பண்ணலாம,tamil,spelling_error,harvesting,train
நெல் எப்போ அறுவடை பண்ணலாம்,நெல் எப்போ அருவடை பண்ணலாம்,tamil,voice_transcription_error,harvesting,train
mann mela vellai padivu,man mela vellai padivu,tanglish,spelling_error,soil_ph,train
mann mela vellai padivu,mann mela vella padivu,tanglish,phonetic,soil_ph,train
mann mela vellai padivu,mann mela vellaipadivu,tanglish,voice_transcription_error,soil_ph,train
வாழை பயிருக்கு எவ்வளவு தண்ணீர் தேவை,வாழை பயிருக்கு எவ்வளவு தன்ணீர் தேவை,tamil,spelling_error,irrigation,train
வாழை பயிருக்கு எவ்வளவு தண்ணீர் தேவை,வாளை பயிருக்கு எவ்வளவு தண்ணீர்தேவை,tamil,voice_transcription_error,irrigation,train
தக்காளி தண்டு பலவீனமா சாயுது,தக்காளி தணடு பலவீனமா சாயுது,tamil,spelling_error,potassium_deficiency,train
தக்காளி தண்டு பலவீனமா சாயுது,தக்காளி தன்டு பலவீனமா சாயுது,tamil,voice_transcription_error,potassium_deficiency,train
best season for sugarcane in tamil nadu,best season for sugarcane in tamil ndu,english,spelling_error,sowing_time,train
drip laterals getting blocked,drip laterals getting bloked,english,spelling_error,drip_irrigation,train
drip laterals getting blocked,trip laterals getting blocked,english,voice_transcription_error,drip_irrigation,train
sudden wilt in sugarcane,sudden wilt in sugarane,english,spelling_error,wilting,train
nel ilai oram karugudhu,nel ilia oram karugudhu,tanglish,spelling_error,leaf_blight,train
nel ilai oram karugudhu,nel ela oram karugudhu,tanglish,phonetic,leaf_blight,train
nel ilai oram karugudhu,nelilai oram karugudu,tanglish,voice_transcription_error,leaf_blight,train
படத்த வச்சு நோய் கண்டுபிடிக்க முடியுமா,படத்த வசசு நோய் கண்டுபிடிக்க முடியுமா,tamil,spelling_error,image_upload_help,train
படத்த வச்சு நோய் கண்டுபிடிக்க முடியுமா,படத்த வச்சு நோய் கன்டுபிடிக்கமுடியுமா,tamil,voice_transcription_error,image_upload_help,train
turmeric sedi ver karuppa iruku,turmeric sedi ver karuppa iuku,tanglish,spelling_error,root_rot,train
turmeric sedi ver karuppa iruku,turmeric chedi ver karuppa iruku,tanglish,phonetic,root_rot,train
turmeric sedi ver karuppa iruku,turmeric sediver karuppa iruku,tanglish,voice_transcription_error,root_rot,train
onion pattam eppo,oniion pattam eppo,tanglish,spelling_error,sowing_time,train
onion pattam eppo,onion patam eppo,tanglish,phonetic,sowing_time,train
onion pattam eppo,onion pattameppo,tanglish,voice_transcription_error,sowing_time,train
வாழை பழத்தில கருப்பு குழி மாதிரி இருக்கு,வாழை பழத்தில கருப்பு குழி மாதிரி இருககு,tamil,spelling_error,fruit_rot,train
வாழை பழத்தில கருப்பு குழி மாதிரி இருக்கு,வாழை பழத்திள கருப்பு குழி மாதிரி இருக்கு,tamil,voice_transcription_error,fruit_rot,train
groundnut ilai la silver kodu,grounnut ilai la silver kodu,tanglish,spelling_error,thrips_mites,train
groundnut ilai la silver kodu,groundnut elai la silver kodu,tanglish,phonetic,thrips_mites,train
groundnut ilai la silver kodu,groundnut ilai lasilver kodu,tanglish,voice_transcription_error,thrips_mites,train
இன்னைக்கு கரும்பு விலை என்ன,இனனைக்கு கரும்பு விலை என்ன,tamil,spelling_error,market_price,train
இன்னைக்கு கரும்பு விலை என்ன,இன்னைக்கு கரும்புவிலை என்ன,tamil,voice_transcription_error,market_price,train
paruththi thrips problem,paruthtthi thrips problem,tanglish,spelling_error,thrips_mites,train
paruththi thrips problem,paruththi thrips prablam,tanglish,phonetic,thrips_mites,train
paruththi thrips problem,paruththi thripsproblem,tanglish,voice_transcription_error,thrips_mites,train
pmfby premium for paddy,pmfby pemium for paddy,english,spelling_error,crop_insurance,train
pmfby premium for paddy,pmfby premium for party,english,voice_transcription_error,crop_insurance,train
which crops tolerate drought,which crpos tolerate drought,english,spelling_error,drought,train
சின்ன வெங்காயம் பயிரில பூச்சி தாக்குதல் இருக்கு,சின்ன வெங்காயம் பயிரிள பூச்சி தாக்குதல் இருக்கு,tamil,spelling_error,pest_attack,train
சின்ன வெங்காயம் பயிரில பூச்சி தாக்குதல் இருக்கு,சின்ன வெங்காயம்பயிரிள பூச்சி தாக்குதல் இருக்கு,tamil,voice_transcription_error,pest_attack,train
sugarcane la manjal ilai romba iruku,sugarcane la manjal ilai rommba iruku,tanglish,spelling_error,yellow_leaf,train
sugarcane la manjal ilai romba iruku,sugarcane la manjal ilai romba irukudhu,tanglish,phonetic,yellow_leaf,train
sugarcane la manjal ilai romba iruku,sugarcane la manjal ilai rombairuku,tanglish,voice_transcription_error,yellow_leaf,train
romba nandri,rmoba nandri,tanglish,spelling_error,thanks,train
romba nandri,roomba nandri,tanglish,phonetic,thanks,train
milagai ilai la silver kodu,milagai ilai la silver koodu,tanglish,spelling_error,thrips_mites,train
milagai ilai la silver kodu,molagai ilai la silver kodu,tanglish,phonetic,thrips_mites,train
milagai ilai la silver kodu,milagai ilai la silverkodu,tanglish,voice_transcription_error,thrips_mites,train
tractor vaadagai ku enga,tractor vaadagai ku ena,tanglish,spelling_error,farm_machinery,train
tractor vaadagai ku enga,tractor vaadagai ku engae,tanglish,phonetic,farm_machinery,train
tractor vaadagai ku enga,tractorvaadagai ku enga,tanglish,voice_transcription_error,farm_machinery,train
murungai ku thozhu uram epdi podanum,murungai ku tozhu uram epdi podanum,tanglish,spelling_error,organic_fertilizer,train
murungai ku thozhu uram epdi podanum,murungai ku thozhu uram epdi podanuma,tanglish,phonetic,organic_fertilizer,train
murungai ku thozhu uram epdi podanum,murungaiku tholu uram epdi podanum,tanglish,voice_transcription_error,organic_fertilizer,train
paruththi ilai pulli noi ku enna pannanum,paruththi ilai pulli noi ku enna pananum,tanglish,spelling_error,leaf_spot,train
paruththi ilai pulli noi ku enna pannanum,paruththi ilai pulli noi ku ena pannanum,tanglish,phonetic,leaf_spot,train
paruththi ilai pulli noi ku enna pannanum,paruththi ilaipulli noi ku enna pannanum,tanglish,voice_transcription_error,leaf_spot,train
brown spots on rice leaves,brown spots on rice leavis,english,spelling_error,leaf_spot,train
brown spots on rice leaves,brown spots on rise leaves,english,voice_transcription_error,leaf_spot,train
murungakai aruppu eppo,murungakkai aruppu eppo,tanglish,spelling_error,harvesting,train
murungakai aruppu eppo,murungakai arupu eppo,tanglish,phonetic,harvesting,train
murungakai aruppu eppo,murungakai aruppueppo,tanglish,voice_transcription_error,harvesting,train
pm kisan panam varala,pm kisan panm varala,tanglish,spelling_error,pm_kisan,train
pm kisan panam varala,pm kisan panamu varala,tanglish,phonetic,pm_kisan,train
pm kisan panam varala,pmkisan panam varala,tanglish,voice_transcription_error,pm_kisan,train
banana store panradhu epdi,banana store panrahu epdi,tanglish,spelling_error,post_harvest_storage,train
banana store panradhu epdi,banana store panradhu epadi,tanglish,phonetic,post_harvest_storage,train
banana store panradhu epdi,banana store panraduepdi,tanglish,voice_transcription_error,post_harvest_storage,train
is my onion lacking nitrogen,is my onoin lacking nitrogen,english,spelling_error,nitrogen_deficiency,train
sugarcane eppo aruvadai,segarcane eppo aruvadai,tanglish,spelling_error,harvesting,train
sugarcane eppo aruvadai,sugarcane eppo aruvada,tanglish,phonetic,harvesting,train
sugarcane eppo aruvadai,sugarcane eppoaruvadai,tanglish,voice_transcription_error,harvesting,train
makkacholam ku urea venuma,makkacholam ku urea vnuma,tanglish,spelling_error,nitrogen_deficiency,train
makkacholam ku urea venuma,makka cholam ku urea venuma,tanglish,phonetic,nitrogen_deficiency,train
makkacholam ku urea venuma,makkacholamku urea venuma,tanglish,voice_transcription_error,nitrogen_deficiency,train
பருத்தி எப்போ அறுவடை பண்ணலாம்,பருத்தி எப்போ அறுவடை பண்ணளாம்,tamil,spelling_error,harvesting,train
பருத்தி எப்போ அறுவடை பண்ணலாம்,பருத்தி எப்போஅருவடை பண்ணலாம்,tamil,voice_transcription_error,harvesting,train
paruththi thanni paaichal schedule,paruththi thanni paaichaal schedule,tanglish,spelling_error,irrigation,train
paruththi thanni paaichal schedule,paruththi thannee paaichal schedule,tanglish,phonetic,irrigation,train
paruththi thanni paaichal schedule,paruththithanni paaichal schedule,tanglish,voice_transcription_error,irrigation,train
kalar nilam epdi sari panradhu,kalra nilam epdi sari panradhu,tanglish,spelling_error,soil_ph,train
kalar nilam epdi sari panradhu,kalar nelam epdi sari panradhu,tanglish,phonetic,soil_ph,train
kalar nilam epdi sari panradhu,kalar nilamepdi sari panradu,tanglish,voice_transcription_error,soil_ph,train
fertilizer plan for sugarcane,fertilizer plaan for sugarcane,english,spelling_error,fertilizer,train
fertilizer plan for sugarcane,fertiliser plan for sugarcane,english,voice_transcription_error,fertilizer,train
too many insects in black gram field,too many insects in black gam field,english,spelling_error,pest_attack,train
too many insects in black gram field,too many insex in black gram field,english,voice_transcription_error,pest_attack,train
hybrid na enna,hybrid na enan,tanglish,spelling_error,agri_general_info,train
hybrid na enna,hibrid na enna,tanglish,phonetic,agri_general_info,train
hybrid na enna,hybrid naenna,tanglish,voice_transcription_error,agri_general_info,train
too much heat coconut flowers dropping,too much heat coconut flowesr dropping,english,spelling_error,heat_stress,train
நிலக்கடலை நல்ல விளைச்சலுக்கு என்ன உரம்,நிலக்கடலை நல்ல விளைச்சலுக்கு என்ன உரம,tamil,spelling_error,fertilizer,train
my moong plants are wilting suddenly,my mong plants are wilting suddenly,english,spelling_error,wilting,train
my moong plants are wilting suddenly,my moong plants are wilding suddenly,english,voice_transcription_error,wilting,train
மிளகாய் இலை சுருண்டு போகுது,மிளகாய் இலை சுருன்டு போகுது,tamil,spelling_error,leaf_curl,train
katharikai ready ah nu epdi therinjukradhu,katharikai ready ah nu epdi thernijukradhu,tanglish,spelling_error,harvesting,train
katharikai ready ah nu epdi therinjukradhu,katharikai ready ah nu eppadi therinjukradhu,tanglish,phonetic,harvesting,train
katharikai ready ah nu epdi therinjukradhu,katharikai ready ah nu epditherinjukradu,tanglish,voice_transcription_error,harvesting,train
வாய்க்கால் தண்ணி வரல,வாய்க்காள் தண்ணி வரல,tamil,spelling_error,water_shortage,train
வாய்க்கால் தண்ணி வரல,வாய்க்கால் தன்ணிவரல,tamil,voice_transcription_error,water_shortage,train
takkali ilai adila vellai ee,takkali ilai adial vellai ee,tanglish,spelling_error,whitefly,train
takkali ilai adila vellai ee,takkali ilai adila vella ee,tanglish,phonetic,whitefly,train
takkali ilai adila vellai ee,takkali ilai adila vellaiee,tanglish,voice_transcription_error,whitefly,train
sudden wilt in tomato,sudden wit in tomato,english,spelling_error,wilting,train
too many insects in sugarcane field,too many insects in sugacrane field,english,spelling_error,pest_attack,train
too many insects in sugarcane field,too many insex in sugarcane field,english,voice_transcription_error,pest_attack,train
drumstick ilai oodha colour,drumstick illai oodha colour,tanglish,spelling_error,phosphorus_deficiency,train
drumstick ilai oodha colour,drumstick ilai oodacolour,tanglish,voice_transcription_error,phosphorus_deficiency,train
sprinkler or drip for chilli,sprinkler or driip for chilli,english,spelling_error,drip_irrigation,train
sprinkler or drip for chilli,sprinkler or trip for chilli,english,voice_transcription_error,drip_irrigation,train
thennai ku urea eppo podanum,thennai ku urea epop podanum,tanglish,spelling_error,fertilizer_timing,train
thennai ku urea eppo podanum,thennai ku urea epo podanum,tanglish,phonetic,fertilizer_timing,train
thennai ku urea eppo podanum,thennai ku ureaeppo podanum,tanglish,voice_transcription_error,fertilizer_timing,train
சின்ன வெங்காயம் பயிருக்கு எந்த உரம் போடலாம்?,சின்ன வெங்காயம் பயிருக்கு எந்த உரம் போடளாம்?,tamil,spelling_error,fertilizer,train
சின்ன வெங்காயம் பயிருக்கு எந்த உரம் போடலாம்?,சின்ன வெங்காயம்பயிருக்கு எந்த உரம் போடலாம்,tamil,voice_transcription_error,fertilizer,train
heavy rain flooded my banana field,heavy rain foloded my banana field,english,spelling_error,rain_damage,train
acre ku evlo uram,acre ku evo uram,tanglish,spelling_error,fertilizer,train
acre ku evlo uram,acre ku evlov uram,tanglish,phonetic,fertilizer,train
acre ku evlo uram,acreku evlo uram,tanglish,voice_transcription_error,fertilizer,train
takkali sedi thideernu vaadudhu,takkali sedi thideernu vaaadudhu,tanglish,spelling_error,wilting,train
takkali sedi thideernu vaadudhu,takkali sedi thideernu vaadudh,tanglish,phonetic,wilting,train
takkali sedi thideernu vaadudhu,takkalisedi thideernu vaadudu,tanglish,voice_transcription_error,wilting,train
தண்ணி விட்டும் கத்தரி வாடுது,தண்ணி விடடும் கத்தரி வாடுது,tamil,spelling_error,wilting,train
தண்ணி விட்டும் கத்தரி வாடுது,தண்ணிவிட்டும் கத்தரி வாடுது,tamil,voice_transcription_error,wilting,train
nellu leaf folder attack,nellu leaaf folder attack,tanglish,spelling_error,leaf_folder,train
nellu leaf folder attack,nellu leaf folder atack,tanglish,phonetic,leaf_folder,train
nellu leaf folder attack,nellu leaf folderattack,tanglish,voice_transcription_error,leaf_folder,train
tomato ilai surul noi,toato ilai surul noi,tanglish,spelling_error,leaf_curl,train
tomato ilai surul noi,tomato ilai surul noy,tanglish,phonetic,leaf_curl,train
tomato ilai surul noi,tomatoilai surul noi,tanglish,voice_transcription_error,leaf_curl,train
இயற்கை விவசாய சான்றிதழ் எப்படி வாங்குறது,இயர்கை விவசாய சான்றிதழ் எப்படி வாங்குறது,tamil,spelling_error,organic_farming,train
where to sell brinjal for a good price,where to sell brinjal for a good prie,english,spelling_error,market_price,train
where to sell brinjal for a good price,where to sell brinjol for a good price,english,voice_transcription_error,market_price,train
weather update for farming,weather update for ferming,english,spelling_error,weather,train
summer la cholam ilai karugudhu,summer la cholam iali karugudhu,tanglish,spelling_error,heat_stress,train
summer la cholam ilai karugudhu,summer la cholam ilai karuguthu,tanglish,phonetic,heat_stress,train
summer la cholam ilai karugudhu,summer la cholamilai karugudu,tanglish,voice_transcription_error,heat_stress,train
கத்தரி பழ அழுகல் நோய்,கத்தரி பள அழுகல் நோய்,tamil,spelling_error,fruit_rot,train
கத்தரி பழ அழுகல் நோய்,கத்தரி பழ அழுகல் னோய்,tamil,voice_transcription_error,fruit_rot,train
மழை இல்லாம மஞ்சள் காயுது,மழை இல்லாம மஞசள் காயுது,tamil,spelling_error,drought,train
மழை இல்லாம மஞ்சள் காயுது,மழை இள்லாம மஞ்சள் காயுது,tamil,voice_transcription_error,drought,train
paruthi poo viriyala,paruhi poo viriyala,tanglish,spelling_error,bollworm,train
paruthi poo viriyala,paruthi pu viriyala,tanglish,phonetic,bollworm,train
paruthi poo viriyala,paruthipoo viriyala,tanglish,voice_transcription_error,bollworm,train
soil pH is high how to reduce,siol pH is high how to reduce,english,spelling_error,soil_ph,train
thanni vittum chinna vengayam vaadudhu,thanni vittum chinna vengayam vaaduudhu,tanglish,spelling_error,wilting,train
thanni vittum chinna vengayam vaadudhu,thanni vittum chinna vengaayam vaadudhu,tanglish,phonetic,wilting,train
thanni vittum chinna vengayam vaadudhu,thannivittum chinna vengayam vaadudu,tanglish,voice_transcription_error,wilting,train
தென்னை வயல்ல தண்ணி மிச்சப்படுத்த வழி,தென்னை வயல்ல தணணி மிச்சப்படுத்த வழி,tamil,spelling_error,water_shortage,train
தென்னை வயல்ல தண்ணி மிச்சப்படுத்த வழி,தென்னை வயல்ல தன்ணி மிச்சப்படுத்தவழி,tamil,voice_transcription_error,water_shortage,train
mites on groundnut leaves,mites on groundnut levaes,english,spelling_error,thrips_mites,train
mites on groundnut leaves,mites on groundnut leafs,english,voice_transcription_error,thrips_mites,train
cotton ilai la silver kodu,ctton ilai la silver kodu,tanglish,spelling_error,thrips_mites,train
cotton ilai la silver kodu,cotton ela la silver kodu,tanglish,phonetic,thrips_mites,train
cotton ilai la silver kodu,cottonilai la silver kodu,tanglish,voice_transcription_error,thrips_mites,train
கத்தரி இலைச்சுருள் நோய்க்கு மருந்து என்ன,கத்தரி இலைச்சுருள் நோயக்கு மருந்து என்ன,tamil,spelling_error,leaf_curl,train
கத்தரி இலைச்சுருள் நோய்க்கு மருந்து என்ன,கத்தரி இளைச்சுருள் னோய்க்கு மருந்து என்ன,tamil,voice_transcription_error,leaf_curl,train
அறுவடைக்கு சரியான நேரம்,அறுவடைககு சரியான நேரம்,tamil,spelling_error,harvesting,train
அறுவடைக்கு சரியான நேரம்,அறுவடைக்கு சரியான னேரம்,tamil,voice_transcription_error,harvesting,train
how to insure my groundnut crop,how to insure my groundnut crp,english,spelling_error,crop_insurance,train
களர் நிலத்தை எப்படி சரி செய்றது,களர் நிளத்தை எப்படி சரி செய்றது,tamil,spelling_error,soil_ph,train
களர் நிலத்தை எப்படி சரி செய்றது,களர் னிலத்தை எப்படி சரி செய்றது,tamil,voice_transcription_error,soil_ph,train
when to irrigate my brinjal field,when to irriagte my brinjal field,english,spelling_error,irrigation,train
when to irrigate my brinjal field,when to irrigate my brinjol field,english,voice_transcription_error,irrigation,train
small green insects on tender shoots of black gram,small green inseects on tender shoots of black gram,english,spelling_error,aphids,train
small green insects on tender shoots of black gram,small green insex on tender shoots of black gram,english,voice_transcription_error,aphids,train
மழைக்கு அப்புறம் வயலே மஞ்சளா தெரியுது,மழைக்கு அபபுறம் வயலே மஞ்சளா தெரியுது,tamil,spelling_error,yellow_leaf,train
மழைக்கு அப்புறம் வயலே மஞ்சளா தெரியுது,மளைக்கு அப்புறம்வயலே மஞ்சளா தெரியுது,tamil,voice_transcription_error,yellow_leaf,train
ulundhu ready ah nu epdi therinjukradhu,uundhu ready ah nu epdi therinjukradhu,tanglish,spelling_error,harvesting,train
ulundhu ready ah nu epdi therinjukradhu,ulundhu ready ah nu epadi therinjukradhu,tanglish,phonetic,harvesting,train
ulundhu ready ah nu epdi therinjukradhu,ulundu ready ah nu epditherinjukradu,tanglish,voice_transcription_error,harvesting,train
tamil nadu agriculture schemes,tamil nadu agriculture scheemes,english,spelling_error,government_scheme,train
பருத்தி தண்ணி பாய்ச்சும் முறை,பருததி தண்ணி பாய்ச்சும் முறை,tamil,spelling_error,irrigation,train
பருத்தி தண்ணி பாய்ச்சும் முறை,பருத்தி தன்ணி பாய்ச்சும் முறை,tamil,voice_transcription_error,irrigation,train
ilai ottudhu erumbu varudhu,ilai ottuthu erumbu varudhu,tanglish,phonetic,aphids,train
ilai ottudhu erumbu varudhu,ilaiottudu erumbu varudu,tanglish,voice_transcription_error,aphids,train
soil became weak after years of chemicals,soil became weak after years of chemmicals,english,spelling_error,soil_health,train
பழைய இலை ஓரத்துல பழுப்பு,பழைய இளை ஓரத்துல பழுப்பு,tamil,spelling_error,potassium_deficiency,train
பழைய இலை ஓரத்துல பழுப்பு,பழையஇலை ஓரத்துல பழுப்பு,tamil,voice_transcription_error,potassium_deficiency,train
தென்னை இலை மஞ்சளாகுது ஏன்?,தென்னை இளை மஞ்சளாகுது ஏன்?,tamil,spelling_error,yellow_leaf,train
தென்னை இலை மஞ்சளாகுது ஏன்?,தென்னைஇலை மஞ்சளாகுது ஏன்,tamil,voice_transcription_error,yellow_leaf,train
rusty brown spots on paddy leaves after transplanting,rusty brown spots on paddy leaves after trasplanting,english,spelling_error,micronutrient_deficiency,train
rusty brown spots on paddy leaves after transplanting,rusty brown spots on paddy leafs after transplanting,english,voice_transcription_error,micronutrient_deficiency,train
potassium deficiency in maize,potassium deficiency in maiize,english,spelling_error,potassium_deficiency,train
உதவிக்கு நன்றி,உதவிக்கு னன்றி,tamil,spelling_error,thanks,train
நல்ல மக்காச்சோளம் விதை எங்க கிடைக்கும்,நலல மக்காச்சோளம் விதை எங்க கிடைக்கும்,tamil,spelling_error,seed_selection,train
நல்ல மக்காச்சோளம் விதை எங்க கிடைக்கும்,னள்ல மக்காச்சோளம் விதை எங்க கிடைக்கும்,tamil,voice_transcription_error,seed_selection,train
irrigation schedule for green gram,irrigation schedue for green gram,english,spelling_error,irrigation,train
vazhai ku edho noi vandhuruku,vazhai ku edho noi vandhureku,tanglish,spelling_error,crop_disease,train
vazhai ku edho noi vandhuruku,vazhai ku edho nooi vandhuruku,tanglish,phonetic,crop_disease,train
vazhai ku edho noi vandhuruku,valai kuedo noi vanduruku,tanglish,voice_transcription_error,crop_disease,train
tiny black insects sucking moong shoots,tiny black insects sucking moong soots,english,spelling_error,aphids,train
tiny black insects sucking moong shoots,tiny black insex sucking moong shoots,english,voice_transcription_error,aphids,train
கரும்பு பயிர் காப்பீடு எப்படி பண்றது,கரும்பு பயிர் காப்பீடு எப்படி பணறது,tamil,spelling_error,crop_insurance,train
கரும்பு பயிர் காப்பீடு எப்படி பண்றது,கரும்பு பயிர் காப்பீடு எப்படிபன்ரது,tamil,voice_transcription_error,crop_insurance,train
how to treat groundnut seeds before sowing,how to treat grooundnut seeds before sowing,english,spelling_error,seed_treatment,train
how to treat groundnut seeds before sowing,how to treat groundnut seats before sowing,english,voice_transcription_error,seed_treatment,train
fertilizer plan for maize,fretilizer plan for maize,english,spelling_error,fertilizer,train
fertilizer plan for maize,fertiliser plan for maize,english,voice_transcription_error,fertilizer,train
thakkali aruppu eppo,thakkali aruppu epppo,tanglish,spelling_error,harvesting,train
thakkali aruppu eppo,thakkali aruppu epo,tanglish,phonetic,harvesting,train
thakkali aruppu eppo,thakkaliaruppu eppo,tanglish,voice_transcription_error,harvesting,train
குறுகிய கால சின்ன வெங்காயம் ரகம்,குறுகிய கால சின்ன வெஙகாயம் ரகம்,tamil,spelling_error,seed_selection,train
குறுகிய கால சின்ன வெங்காயம் ரகம்,குறுகிய கால சின்ன வெங்காயம்ரகம்,tamil,voice_transcription_error,seed_selection,train
tiny insects scraping small onion leaves,tiy insects scraping small onion leaves,english,spelling_error,thrips_mites,train
tiny insects scraping small onion leaves,tiny insex scraping small onion leaves,english,voice_transcription_error,thrips_mites,train
when should I sow banana,when shoold I sow banana,english,spelling_error,sowing_time,train
mazhai naala ulundhu damage,mazhai naala ulundhu damaeg,tanglish,spelling_error,rain_damage,train
mazhai naala ulundhu damage,mazhai naala uluntu damage,tanglish,phonetic,rain_damage,train
mazhai naala ulundhu damage,malai naalaulundu damage,tanglish,voice_transcription_error,rain_damage,train
ilai manjal ah maarudhu yen,ilai majal ah maarudhu yen,tanglish,spelling_error,yellow_leaf,train
ilai manjal ah maarudhu yen,ilai manjel ah maarudhu yen,tanglish,phonetic,yellow_leaf,train
ilai manjal ah maarudhu yen,ilaimanjal ah maarudu yen,tanglish,voice_transcription_error,yellow_leaf,train
vaaikkaal thanni varala,vaaikkaal thani varala,tanglish,spelling_error,water_shortage,train
vaaikkaal thanni varala,vaaikkaal thannee varala,tanglish,phonetic,water_shortage,train
vaaikkaal thanni varala,vaaikkaal thannivarala,tanglish,voice_transcription_error,water_shortage,train
young tomato leaves yellow with green veins,young toato leaves yellow with green veins,english,spelling_error,micronutrient_deficiency,train
young tomato leaves yellow with green veins,young tomato leaves yello with green veins,english,voice_transcription_error,micronutrient_deficiency,train
harvester vaadagai evlo,harvester vadagai evlo,tanglish,spelling_error,farm_machinery,train
harvester vaadagai evlo,harvester vaadagai evvalavu,tanglish,phonetic,farm_machinery,train
harvester vaadagai evlo,harvester vaadagaievlo,tanglish,voice_transcription_error,farm_machinery,train
chilli ilai surundu pogudhu,chilli ilai surundu pougdhu,tanglish,spelling_error,leaf_curl,train
chilli ilai surundu pogudhu,chilli ela surundu pogudhu,tanglish,phonetic,leaf_curl,train
chilli ilai surundu pogudhu,chilliilai surundu pogudu,tanglish,voice_transcription_error,leaf_curl,train
kaai kulla puzhu,kaai kulla puhu,tanglish,spelling_error,fruit_borer,train
kaai kulla puzhu,kai kulla puzhu,tanglish,phonetic,fruit_borer,train
kaai kulla puzhu,kaai kullapulu,tanglish,voice_transcription_error,fruit_borer,train
irumbu sathu kuraivu murungakai,irmbu sathu kuraivu murungakai,tanglish,spelling_error,micronutrient_deficiency,train
irumbu sathu kuraivu murungakai,irumb sathu kuraivu murungakai,tanglish,phonetic,micronutrient_deficiency,train
irumbu sathu kuraivu murungakai,irumbusathu kuraivu murungakai,tanglish,voice_transcription_error,micronutrient_deficiency,train
மஞ்சள் பயிருக்கு தழைச்சத்து பத்தலையா,மஞ்சள் பயிருக்கு தழைச்சதது பத்தலையா,tamil,spelling_error,nitrogen_deficiency,train
மஞ்சள் பயிருக்கு தழைச்சத்து பத்தலையா,மஞ்சள் பயிருக்குதளைச்சத்து பத்தலையா,tamil,voice_transcription_error,nitrogen_deficiency,train
drought affecting tomato,drought afecting tomato,english,spelling_error,drought,train
பாசிப்பயறு பயிருக்கு தொழுவுரம் எப்படி போடணும்,பாசிப்பயறு பயிருக்கு தொளுவுரம் எப்படி போடணும்,tamil,spelling_error,organic_fertilizer,train
பாசிப்பயறு பயிருக்கு தொழுவுரம் எப்படி போடணும்,பாசிப்பயரு பயிருக்கு தொழுவுரம் எப்படி போடணும்,tamil,voice_transcription_error,organic_fertilizer,train
தக்காளி நல்ல விலைக்கு எங்க விக்கலாம்,தக்காளி நல்ல விலைக்கு எங்க விக்கலாம,tamil,spelling_error,market_price,train
தக்காளி நல்ல விலைக்கு எங்க விக்கலாம்,தக்காளினள்ல விலைக்கு எங்க விக்கலாம்,tamil,voice_transcription_error,market_price,train
சேமிச்ச கரும்பு ல பூச்சி,சேமிச்ச கரும்பு ள பூச்சி,tamil,spelling_error,post_harvest_storage,train
banana leaves scorching in summer,banana leaves scorching in sumemr,english,spelling_error,heat_stress,train
banana leaves scorching in summer,banana leafs scorching in summer,english,voice_transcription_error,heat_stress,train
how many days for onion harvest,how many days for onnion harvest,english,spelling_error,harvesting,train
how many days for onion harvest,how many days for onion harvist,english,voice_transcription_error,harvesting,train
குறுகிய கால கத்தரி ரகம்,குறுகிய காள கத்தரி ரகம்,tamil,spelling_error,seed_selection,train
fruit borer in green gram,fruit borer in green grom,english,spelling_error,fruit_borer,train
fruit borer in green gram,fruit border in green gram,english,voice_transcription_error,fruit_borer,train
vaazhai ku drip nalladha,vaazhai ku driip nalladha,tanglish,spelling_error,drip_irrigation,train
vaazhai ku drip nalladha,valai ku drip nalladha,tanglish,phonetic,drip_irrigation,train
vaazhai ku drip nalladha,vaalaiku drip nallada,tanglish,voice_transcription_error,drip_irrigation,train
pm kisan money not received,pm kissan money not received,english,spelling_error,pm_kisan,train
mann sample epdi edukanum,mannn sample epdi edukanum,tanglish,spelling_error,soil_testing,train
mann sample epdi edukanum,man sample epdi edukanum,tanglish,phonetic,soil_testing,train
mann sample epdi edukanum,mannsample epdi edukanum,tanglish,voice_transcription_error,soil_testing,train
தென்னை பயிரில பூச்சி தாக்குதல் இருக்கு,தென்னை பயிரில பூச்சி தாககுதல் இருக்கு,tamil,spelling_error,pest_attack,train
தென்னை பயிரில பூச்சி தாக்குதல் இருக்கு,தென்னை பயிரிள பூச்சி தாக்குதல் இருக்கு,tamil,voice_transcription_error,pest_attack,train
thanni vittum vazhai vaadudhu,thanni vittum vazhhai vaadudhu,tanglish,spelling_error,wilting,train
thanni vittum vazhai vaadudhu,thanni vittum vazhai vadudhu,tanglish,phonetic,wilting,train
thanni vittum vazhai vaadudhu,thannivittum valai vaadudu,tanglish,voice_transcription_error,wilting,train
coconut la manjal ilai romba iruku,coconut la manjal ilai romba iurku,tanglish,spelling_error,yellow_leaf,train
coconut la manjal ilai romba iruku,coconut la manjel ilai romba iruku,tanglish,phonetic,yellow_leaf,train
coconut la manjal ilai romba iruku,coconut la manjalilai romba iruku,tanglish,voice_transcription_error,yellow_leaf,train
நல்ல உளுந்து விதை எங்க கிடைக்கும்,நலல உளுந்து விதை எங்க கிடைக்கும்,tamil,spelling_error,seed_selection,train
நல்ல உளுந்து விதை எங்க கிடைக்கும்,நல்லஉளுந்து விதை எங்க கிடைக்கும்,tamil,voice_transcription_error,seed_selection,train
மண் வளத்தை எப்படி அதிகரிக்கிறது,மண் வளத்தை எப்படி அதிகரிக்கிரது,tamil,spelling_error,soil_health,train
மண் வளத்தை எப்படி அதிகரிக்கிறது,மன் வளத்தைஎப்படி அதிகரிக்கிரது,tamil,voice_transcription_error,soil_health,train
soil test enga pannalaam,soil test enag pannalaam,tanglish,spelling_error,soil_testing,train
soil test enga pannalaam,soil test enga pannalam,tanglish,phonetic,soil_testing,train
soil test enga pannalaam,soil test engapannalaam,tanglish,voice_transcription_error,soil_testing,train
rice crop got some disease how to cure,rice crop got some disese how to cure,english,spelling_error,crop_disease,train
rice crop got some disease how to cure,rise crop got some disease how to cure,english,voice_transcription_error,crop_disease,train
drumstick leaves scorching in summer,drumstick leaves scorching in smmer,english,spelling_error,heat_stress,train
drumstick leaves scorching in summer,drumstick leafs scorching in summer,english,voice_transcription_error,heat_stress,train
தக்காளி இலைச்சுருள் நோய்க்கு மருந்து என்ன,தக்காளி இலைச்சுருள் நோய்ககு மருந்து என்ன,tamil,spelling_error,leaf_curl,train
தக்காளி இலைச்சுருள் நோய்க்கு மருந்து என்ன,தக்காளி இலைச்சுருள்னோய்க்கு மருந்து என்ன,tamil,voice_transcription_error,leaf_curl,train
best fertilizer for urad,best fertilizer for uard,english,spelling_error,fertilizer,train
best fertilizer for urad,best fertiliser for urad,english,voice_transcription_error,fertilizer,train
vazhai aphid problem,vazhai aphhid problem,tanglish,spelling_error,aphids,train
vazhai aphid problem,vazhai aphid prablam,tanglish,phonetic,aphids,train
vazhai aphid problem,valai aphidproblem,tanglish,voice_transcription_error,aphids,train
super nandri sir,super nanrdi sir,tanglish,spelling_error,thanks,train
super nandri sir,super nandri saar,tanglish,phonetic,thanks,train
super nandri sir,supernandri sir,tanglish,voice_transcription_error,thanks,train
which brinjal variety is best,wich brinjal variety is best,english,spelling_error,seed_selection,train
which brinjal variety is best,which brinjol variety is best,english,voice_transcription_error,seed_selection,train
where to sell groundnut for a good price,wehre to sell groundnut for a good price,english,spelling_error,market_price,train
sprayer ku subsidy iruka,sprayer ku subbsidy iruka,tanglish,spelling_error,subsidy,train
sprayer ku subsidy iruka,sprayer ku subsidi iruka,tanglish,phonetic,subsidy,train
sprayer ku subsidy iruka,sprayer ku subsidyiruka,tanglish,voice_transcription_error,subsidy,train
இன்னைக்கு முருங்கை விலை என்ன,இன்னைக்கு முருங்கை விளை என்ன,tamil,spelling_error,market_price,train
kinathula thanni pathala,kinathula thanni pahala,tanglish,spelling_error,water_shortage,train
kinathula thanni pathala,kinathula thani pathala,tanglish,phonetic,water_shortage,train
kinathula thanni pathala,kinathulathanni pathala,tanglish,voice_transcription_error,water_shortage,train
borer inside rice stem,borer inside ricce stem,english,spelling_error,stem_borer,train
borer inside rice stem,borer inside rise stem,english,voice_transcription_error,stem_borer,train
pm kisan next thavanai eppo,pm kisan next thavanai epo,tanglish,spelling_error,pm_kisan,train
pm kisan next thavanai eppo,pm kisan nextthavanai eppo,tanglish,voice_transcription_error,pm_kisan,train
முருங்கை இலை ஊதா நிறமா இருக்கு,முருஙகை இலை ஊதா நிறமா இருக்கு,tamil,spelling_error,phosphorus_deficiency,train
முருங்கை இலை ஊதா நிறமா இருக்கு,முருங்கைஇலை ஊதா னிறமா இருக்கு,tamil,voice_transcription_error,phosphorus_deficiency,train
பாசிப்பயறு எவ்வளவு நாள் சேமிக்கலாம்,பாசிப்பயறு எவ்வளவு னாள் சேமிக்கலாம்,tamil,spelling_error,post_harvest_storage,train
பாசிப்பயறு எவ்வளவு நாள் சேமிக்கலாம்,பாசிப்பயருஎவ்வளவு னாள் சேமிக்கலாம்,tamil,voice_transcription_error,post_harvest_storage,train
பருத்தி இலையில பழுப்பு புள்ளி வருது,பருத்தி இலையில பளுப்பு புள்ளி வருது,tamil,spelling_error,leaf_spot,train
பருத்தி இலையில பழுப்பு புள்ளி வருது,பருத்தி இளையில பழுப்பு புள்ளிவருது,tamil,voice_transcription_error,leaf_spot,train
leaf curl problem in tomato,leaf curl problem in tomto,english,spelling_error,leaf_curl,train
how to protect tomato in a dry spell,how to protcet tomato in a dry spell,english,spelling_error,drought,train
காப்பீடு பணம் இன்னும் வரல,காப்பீடு பணம் இன்னும் வரள,tamil,spelling_error,crop_insurance,train
காப்பீடு பணம் இன்னும் வரல,காப்பீடு பனம் இன்னும் வரல,tamil,voice_transcription_error,crop_insurance,train
hi anna,hi ana,tanglish,spelling_error,greeting,train
hi anna,hi annaa,tanglish,phonetic,greeting,train
drought affecting chilli,drought afecting chilli,english,spelling_error,drought,train
செடி அடிப்பகுதி அழுகுது,செடி அடிப்பகுதி அளுகுது,tamil,spelling_error,root_rot,train
செடி அடிப்பகுதி அழுகுது,செடிஅடிப்பகுதி அழுகுது,tamil,voice_transcription_error,root_rot,train
chemical illama coconut podalaama,chemcal illama coconut podalaama,tanglish,spelling_error,organic_farming,train
chemical illama coconut podalaama,chemical illamacoconut podalaama,tanglish,voice_transcription_error,organic_farming,train
நெல் செடிய பூச்சி தின்னுது,நெல் செடிய பூச்சி தினனுது,tamil,spelling_error,pest_attack,train
நெல் செடிய பூச்சி தின்னுது,னெல் செடிய பூச்சிதின்னுது,tamil,voice_transcription_error,pest_attack,train
சோலார் பம்ப் மானியம்,சோலார் பமப் மானியம்,tamil,spelling_error,subsidy,train
சோலார் பம்ப் மானியம்,சோலார் பம்ப்மானியம்,tamil,voice_transcription_error,subsidy,train
plants dying and roots black in turmeric,plants dying and roots black in tumeric,english,spelling_error,root_rot,train
மேலுரம் எப்போ இடணும்,மேலுரம் எபபோ இடணும்,tamil,spelling_error,fertilizer_timing,train
chilli thrips problem,chilli thrips prolem,tanglish,spelling_error,thrips_mites,train
chilli thrips problem,chilli thrips prablam,tanglish,phonetic,thrips_mites,train
chilli thrips problem,chilli thripsproblem,tanglish,voice_transcription_error,thrips_mites,train
மிளகாய் வயல்ல பூச்சி அதிகமா இருக்கு,மிளகாய் வயல்ல பூச்சி அதிகமா இருககு,tamil,spelling_error,pest_attack,train
மிளகாய் வயல்ல பூச்சி அதிகமா இருக்கு,மிளகாய் வயல்லபூச்சி அதிகமா இருக்கு,tamil,voice_transcription_error,pest_attack,train
மழை இல்லாம சின்ன வெங்காயம் காயுது,மளை இல்லாம சின்ன வெங்காயம் காயுது,tamil,spelling_error,drought,train
black spots coming on turmeric leaf,black sputs coming on turmeric leaf,english,spelling_error,leaf_spot,train
whole field looks yellow after rain,whole field looks yellow afer rain,english,spelling_error,yellow_leaf,train
whole field looks yellow after rain,whole field looks yello after rain,english,voice_transcription_error,yellow_leaf,train
வெப்பத்தால மிளகாய் பாதிப்பு,வெப்பத்தால மிளகாய பாதிப்பு,tamil,spelling_error,heat_stress,train
வெப்பத்தால மிளகாய் பாதிப்பு,வெப்பத்தாள மிளகாய்பாதிப்பு,tamil,voice_transcription_error,heat_stress,train
insects in stored moong,insex in stored moong,english,voice_transcription_error,post_harvest_storage,train
vengayam ku micronutrient venuma,vengaym ku micronutrient venuma,tanglish,spelling_error,micronutrient_deficiency,train
vengayam ku micronutrient venuma,vengyam ku micronutrient venuma,tanglish,phonetic,micronutrient_deficiency,train
vengayam ku micronutrient venuma,vengayamku micronutrient venuma,tanglish,voice_transcription_error,micronutrient_deficiency,train
நெல் பயிருக்கு தொழுவுரம் எப்படி போடணும்,நெல் பயிருக்கு தொளுவுரம் எப்படி போடணும்,tamil,spelling_error,organic_fertilizer,train
நெல் பயிருக்கு தொழுவுரம் எப்படி போடணும்,நெள் பயிருக்கு தொழுவுரம் எப்படி போடனும்,tamil,voice_transcription_error,organic_fertilizer,train
thanni kammi ah iruku enna payir podalaam,thanni kammi ah iruku enna payar podalaam,tanglish,spelling_error,water_shortage,train
thanni kammi ah iruku enna payir podalaam,thanni kammi ah irukudhu enna payir podalaam,tanglish,phonetic,water_shortage,train
thanni kammi ah iruku enna payir podalaam,thannikammi ah iruku enna payir podalaam,tanglish,voice_transcription_error,water_shortage,train
தென்னை இலை ஊதா நிறமா இருக்கு,தென்னை இலை ஊதா னிறமா இருக்கு,tamil,spelling_error,phosphorus_deficiency,train
தென்னை இலை ஊதா நிறமா இருக்கு,தென்னை இளை ஊதா நிரமா இருக்கு,tamil,voice_transcription_error,phosphorus_deficiency,train
takkali pazham azhugal,takkali pazhaam azhugal,tanglish,spelling_error,fruit_rot,train
takkali pazham azhugal,takkali pazam azhugal,tanglish,phonetic,fruit_rot,train
takkali pazham azhugal,takkali palamalugal,tanglish,voice_transcription_error,fruit_rot,train
பாசிப்பயறு சேமிச்சு வைக்கிறது எப்படி,பாசிப்பயரு சேமிச்சு வைக்கிறது எப்படி,tamil,spelling_error,post_harvest_storage,train
பாசிப்பயறு சேமிச்சு வைக்கிறது எப்படி,பாசிப்பயறு சேமிச்சு வைக்கிறதுஎப்படி,tamil,voice_transcription_error,post_harvest_storage,train
தக்காளி கீழ் இலைகள் மஞ்சளா இருக்கு,தககாளி கீழ் இலைகள் மஞ்சளா இருக்கு,tamil,spelling_error,yellow_leaf,train
தக்காளி கீழ் இலைகள் மஞ்சளா இருக்கு,தக்காளி கீள் இலைகள் மஞ்சளா இருக்கு,tamil,voice_transcription_error,yellow_leaf,train
மிளகாய் காய் செடியிலேயே அழுகுது,மிளகாய காய் செடியிலேயே அழுகுது,tamil,spelling_error,fruit_rot,train
மிளகாய் காய் செடியிலேயே அழுகுது,மிளகாய் காய் செடியிளேயே அழுகுது,tamil,voice_transcription_error,fruit_rot,train
whole brinjal plant dried and died,whole brinjal plant dried and did,english,spelling_error,wilting,train
whole brinjal plant dried and died,whole brinjol plant dried and died,english,voice_transcription_error,wilting,train
paruthi ilai oram karugudhu,paruthi ilai oam karugudhu,tanglish,spelling_error,leaf_blight,train
paruthi ilai oram karugudhu,paruti ilai oram karugudhu,tanglish,phonetic,leaf_blight,train
paruthi ilai oram karugudhu,paruthi ilai oramkarugudu,tanglish,voice_transcription_error,leaf_blight,train
central shoot drying in turmeric,cetral shoot drying in turmeric,english,spelling_error,stem_borer,train
coconut poda best season,coconut poda best seasen,tanglish,spelling_error,sowing_time,train
coconut poda best season,coconutpoda best season,tanglish,voice_transcription_error,sowing_time,train
base of black gram plant is rotting,base of blak gram plant is rotting,english,spelling_error,root_rot,train
paddy leaves have burnt looking patches,pady leaves have burnt looking patches,english,spelling_error,leaf_blight,train
paddy leaves have burnt looking patches,party leaves have burnt looking patches,english,voice_transcription_error,leaf_blight,train
short duration sugarcane ragam,short duuration sugarcane ragam,tanglish,spelling_error,seed_selection,train
short duration sugarcane ragam,short duration sugarcane variety,tanglish,phonetic,seed_selection,train
short duration sugarcane ragam,short duration sugarcaneragam,tanglish,voice_transcription_error,seed_selection,train
best time for top dressing in coconut,best time for top dressing in cocconut,english,spelling_error,fertilizer_timing,train
cotton ku thanni save panna vazhi,cotton ku thnni save panna vazhi,tanglish,spelling_error,water_shortage,train
cotton ku thanni save panna vazhi,cotton ku tanni save panna vazhi,tanglish,phonetic,water_shortage,train
cotton ku thanni save panna vazhi,cottonku thanni save panna vali,tanglish,voice_transcription_error,water_shortage,train
how to dry coconut before storage,how to dry coconut before storrage,english,spelling_error,post_harvest_storage,train
paddy vayal ku eppo thanni vidanum,paddy vayal ku eppo thanni vidaanum,tanglish,spelling_error,irrigation,train
paddy vayal ku eppo thanni vidanum,paddy vayal ku epo thanni vidanum,tanglish,phonetic,irrigation,train
paddy vayal ku eppo thanni vidanum,paddyvayal ku eppo thanni vidanum,tanglish,voice_transcription_error,irrigation,train
mannu test panna evlo selavu,mannu test panna evlo seluvu,tanglish,spelling_error,soil_testing,train
mannu test panna evlo selavu,mannu test panna evlo selavu kanakku,tanglish,phonetic,soil_testing,train
mannu test panna evlo selavu,mannutest panna evlo selavu,tanglish,voice_transcription_error,soil_testing,train
bio fertilizer seed treatment for black gram,bio fertilizer seeed treatment for black gram,english,spelling_error,seed_treatment,train
bio fertilizer seed treatment for black gram,bio fertiliser seed treatment for black gram,english,voice_transcription_error,seed_treatment,train
when to apply urea for groundnut,wheen to apply urea for groundnut,english,spelling_error,fertilizer_timing,train
when to apply urea for groundnut,when to apply uria for groundnut,english,voice_transcription_error,fertilizer_timing,train
water stagnating in cotton field after rain,water stagnating in cototn field after rain,english,spelling_error,rain_damage,train
mites on cotton leaves,mitees on cotton leaves,english,spelling_error,thrips_mites,train
mites on cotton leaves,mites on cotton leafs,english,voice_transcription_error,thrips_mites,train
how to correct acidic soil,how to correct acidic siol,english,spelling_error,soil_ph,train
can I apply fertilizer before rain,can I apply fertilizr before rain,english,spelling_error,fertilizer_timing,train
can I apply fertilizer before rain,can i apply fertiliser before rain,english,voice_transcription_error,fertilizer_timing,train
dark purplish leaves in small onion,darrk purplish leaves in small onion,english,spelling_error,phosphorus_deficiency,train
dark purplish leaves in small onion,dark purplish leafs in small onion,english,voice_transcription_error,phosphorus_deficiency,train
மிளகாய் குருத்துல சின்ன பச்சை பூச்சி,மிளகாய குருத்துல சின்ன பச்சை பூச்சி,tamil,spelling_error,aphids,train
மிளகாய் குருத்துல சின்ன பச்சை பூச்சி,மிளகாய் குருத்துலசின்ன பச்சை பூச்சி,tamil,voice_transcription_error,aphids,train
கரும்பு அறுவடைக்கு தயாரானத எப்படி தெரியும்,கருமபு அறுவடைக்கு தயாரானத எப்படி தெரியும்,tamil,spelling_error,harvesting,train
கரும்பு அறுவடைக்கு தயாரானத எப்படி தெரியும்,கரும்புஅருவடைக்கு தயாரானத எப்படி தெரியும்,tamil,voice_transcription_error,harvesting,train
மிளகாய் கீழ் இலைகள் மஞ்சளா இருக்கு,மிளகாய் கீழ இலைகள் மஞ்சளா இருக்கு,tamil,spelling_error,yellow_leaf,train
மிளகாய் கீழ் இலைகள் மஞ்சளா இருக்கு,மிளகாய் கீழ் இளைகள் மஞ்சளாஇருக்கு,tamil,voice_transcription_error,yellow_leaf,train
பெருமழையில தென்னை வயல் மூழ்கிடுச்சு,பெருமளையில தென்னை வயல் மூழ்கிடுச்சு,tamil,spelling_error,rain_damage,train
பெருமழையில தென்னை வயல் மூழ்கிடுச்சு,பெருமழையில தென்னைவயல் மூழ்கிடுச்சு,tamil,voice_transcription_error,rain_damage,train
என் நிலம் உவர் மண்,என் னிலம் உவர் மண்,tamil,spelling_error,soil_ph,train
whole moong plant dried and died,whhole moong plant dried and died,english,spelling_error,wilting,train
insects in stored drumstick,insects in stred drumstick,english,spelling_error,post_harvest_storage,train
insects in stored drumstick,insex in stored drumstick,english,voice_transcription_error,post_harvest_storage,train
sprinkler or drip for brinjal,sprinler or drip for brinjal,english,spelling_error,drip_irrigation,train
sprinkler or drip for brinjal,sprinkler or trip for brinjal,english,voice_transcription_error,drip_irrigation,train
phosphorus pathala brinjal,phosphorus pathala brinjaal,tanglish,spelling_error,phosphorus_deficiency,train
phosphorus pathala brinjal,phosphoruspathala brinjal,tanglish,voice_transcription_error,phosphorus_deficiency,train
tomato ku noi pudichiruchu sir,tomato ku noi pudichruchu sir,tanglish,spelling_error,crop_disease,train
tomato ku noi pudichiruchu sir,tomato ku noi pudichiruchu saar,tanglish,phonetic,crop_disease,train
tomato ku noi pudichiruchu sir,tomato ku noi pudichiruchusir,tanglish,voice_transcription_error,crop_disease,train
banana crop got some disease how to cure,banana crop got some disease how to curre,english,spelling_error,crop_disease,train
how many splits for fertilizer in maize,how may splits for fertilizer in maize,english,spelling_error,fertilizer_timing,train
how many splits for fertilizer in maize,how many splits for fertiliser in maize,english,voice_transcription_error,fertilizer_timing,train
நெல் நடவு இயந்திரம்,நெல் நடவு இயந்திரம,tamil,spelling_error,farm_machinery,train
நெல் நடவு இயந்திரம்,னெல் நடவு இயந்திரம்,tamil,voice_transcription_error,farm_machinery,train
"முருங்கை பழைய இலை வெளிர் மஞ்சள், வளர்ச்சி இல்ல","முருங்கை பழைய இளை வெளிர் மஞ்சள், வளர்ச்சி இல்ல",tamil,spelling_error,nitrogen_deficiency,train
"முருங்கை பழைய இலை வெளிர் மஞ்சள், வளர்ச்சி இல்ல",முருங்கை பழைய இலை வெளிர் மஞ்சள் வளர்ச்சிஇல்ல,tamil,voice_transcription_error,nitrogen_deficiency,train
மண் மாதிரி எப்படி எடுக்கணும்,மண் மாதிரி எப்படி எடுக்கணும,tamil,spelling_error,soil_testing,train
மண் மாதிரி எப்படி எடுக்கணும்,மண் மாதிரிஎப்படி எடுக்கணும்,tamil,voice_transcription_error,soil_testing,train
when to irrigate my coconut field,when to irrigate my coconut fied,english,spelling_error,irrigation,train
base of chilli plant is rotting,base of chilli pant is rotting,english,spelling_error,root_rot,train
valai vaadal noi,valai vaaadal noi,tanglish,spelling_error,wilting,train
valai vaadal noi,valai vadal noi,tanglish,phonetic,wilting,train
valai vaadal noi,valaivaadal noi,tanglish,voice_transcription_error,wilting,train
milagai fruit borer control,milagai fruit broer control,tanglish,spelling_error,fruit_borer,train
milagai fruit borer control,molagai fruit borer control,tanglish,phonetic,fruit_borer,train
milagai fruit borer control,milagai fruit borercontrol,tanglish,voice_transcription_error,fruit_borer,train
caterpillar eating tomato fruits,caterpillar eating tomato frutis,english,spelling_error,fruit_borer,train
thenna pattam eppo,thenna pttam eppo,tanglish,spelling_error,sowing_time,train
thenna pattam eppo,thenna pattam yeppo,tanglish,phonetic,sowing_time,train
thenna pattam eppo,thennapattam eppo,tanglish,voice_transcription_error,sowing_time,train
maize light green ah iruku valarchi illa,maize light green ah iruku valarchi illai,tanglish,phonetic,nitrogen_deficiency,train
maize light green ah iruku valarchi illa,maize light green ah iruku valarchiilla,tanglish,voice_transcription_error,nitrogen_deficiency,train
good hybrid chilli seeds,good hybrid chillli seeds,english,spelling_error,seed_selection,train
good hybrid chilli seeds,good hybrid chilli seats,english,voice_transcription_error,seed_selection,train
is vermicompost good for sugarcane,is vermiocmpost good for sugarcane,english,spelling_error,organic_fertilizer,train
sprinkler or drip for small onion,sprinkler or drip for small oinon,english,spelling_error,drip_irrigation,train
sprinkler or drip for small onion,sprinkler or trip for small onion,english,voice_transcription_error,drip_irrigation,train
வணக்கம் ஐயா,வணக்கம ஐயா,tamil,spelling_error,greeting,train
chemical illama katharikai podalaama,chemical illama katharikai pedalaama,tanglish,spelling_error,organic_farming,train
chemical illama katharikai podalaama,chemicalillama katharikai podalaama,tanglish,voice_transcription_error,organic_farming,train
how to insure my cotton crop,how to isure my cotton crop,english,spelling_error,crop_insurance,train
cotton ilai surul noi,cotton iloi surul noi,tanglish,spelling_error,leaf_curl,train
cotton ilai surul noi,cotton ela surul noi,tanglish,phonetic,leaf_curl,train
cotton ilai surul noi,cotton ilaisurul noi,tanglish,voice_transcription_error,leaf_curl,train
pmfby premium for groundnut,pmfby premimu for groundnut,english,spelling_error,crop_insurance,train
too many insects in cotton field,too many insex in cotton field,english,voice_transcription_error,pest_attack,train
மக்காச்சோளம் தண்டு துளைப்பான் தாக்குதல்,மக்காச்சோளம் தண்டு துளைப்பான் தாக்குதள்,tamil,spelling_error,stem_borer,train
மக்காச்சோளம் தண்டு துளைப்பான் தாக்குதல்,மக்காச்சோளம் தன்டு துளைப்பான்தாக்குதல்,tamil,voice_transcription_error,stem_borer,train
நெல் இலை நுனியில இருந்து காயுது,நெள் இலை நுனியில இருந்து காயுது,tamil,spelling_error,leaf_blight,train
நெல் இலை நுனியில இருந்து காயுது,னெல் இலை நுனியில இருந்து காயுது,tamil,voice_transcription_error,leaf_blight,train
vengayam ilai karugal noi,vengayam ilai kargal noi,tanglish,spelling_error,leaf_blight,train
vengayam ilai karugal noi,vengayam ela karugal noi,tanglish,phonetic,leaf_blight,train
vengayam ilai karugal noi,vengayamilai karugal noi,tanglish,voice_transcription_error,leaf_blight,train
sprinkler ah drip ah,sprinkleer ah drip ah,tanglish,spelling_error,drip_irrigation,train
sprinkler ah drip ah,sprinkler ah dripp ah,tanglish,phonetic,drip_irrigation,train
sprinkler ah drip ah,sprinklerah drip ah,tanglish,voice_transcription_error,drip_irrigation,train
மஞ்சள் செடி முழுசா காய்ஞ்சு செத்துப் போச்சு,மஞ்சள் செடி முழுசா காய்ஞசு செத்துப் போச்சு,tamil,spelling_error,wilting,train
sugarcane thandu thulaippan,sugarcane thndu thulaippan,tanglish,spelling_error,stem_borer,train
sugarcane thandu thulaippan,sugarcane tandu thulaippan,tanglish,phonetic,stem_borer,train
sugarcane thandu thulaippan,sugarcanethandu thulaippan,tanglish,voice_transcription_error,stem_borer,train
இயற்கை விவசாயம் எப்படி ஆரம்பிக்கிறது,இயர்கை விவசாயம் எப்படி ஆரம்பிக்கிறது,tamil,spelling_error,organic_farming,train
chilli leaves curling upwards,chilli leeaves curling upwards,english,spelling_error,leaf_curl,train
chilli leaves curling upwards,chilli leafs curling upwards,english,voice_transcription_error,leaf_curl,train
paruthi kaai udhirudhu puzhu naala,paruthi kaia udhirudhu puzhu naala,tanglish,spelling_error,bollworm,train
paruthi kaai udhirudhu puzhu naala,paruthi kaay udhirudhu puzhu naala,tanglish,phonetic,bollworm,train
paruthi kaai udhirudhu puzhu naala,paruthi kaai udirudu pulunaala,tanglish,voice_transcription_error,bollworm,train
where to buy quality sugarcane seeds,where to buy quality sugarcine seeds,english,spelling_error,seed_selection,train
where to buy quality sugarcane seeds,where to buy quality sugarcane seats,english,voice_transcription_error,seed_selection,train
pachai payaru ilai surul noi,pachai payaru ilai surl noi,tanglish,spelling_error,leaf_curl,train
pachai payaru ilai surul noi,pachai payaru ilai surul nooi,tanglish,phonetic,leaf_curl,train
pachai payaru ilai surul noi,pachai payaru ilaisurul noi,tanglish,voice_transcription_error,leaf_curl,train
how to make jeevamirtham,how to make jevamirtham,english,spelling_error,organic_fertilizer,train
crop insurance last date for samba,crop insurance last date for saamba,english,spelling_error,crop_insurance,train
summer la cotton ilai karugudhu,summer la cotton ilai kaarugudhu,tanglish,spelling_error,heat_stress,train
summer la cotton ilai karugudhu,summer la cotton ilai karugudu,tanglish,phonetic,heat_stress,train
summer la cotton ilai karugudhu,summer lacotton ilai karugudu,tanglish,voice_transcription_error,heat_stress,train
moong sedi thideernu vaadudhu,moong sedi tideernu vaadudhu,tanglish,spelling_error,wilting,train
moong sedi thideernu vaadudhu,moong sedi thideernu vaadudh,tanglish,phonetic,wilting,train
moong sedi thideernu vaadudhu,moong sedi thideernuvaadudu,tanglish,voice_transcription_error,wilting,train
thakkali ilai la brown pulli iruku,thakkali iali la brown pulli iruku,tanglish,spelling_error,leaf_spot,train
thakkali ilai la brown pulli iruku,thakkali elai la brown pulli iruku,tanglish,phonetic,leaf_spot,train
thakkali ilai la brown pulli iruku,thakkaliilai la brown pulli iruku,tanglish,voice_transcription_error,leaf_spot,train
fruit borer in black gram,fruiit borer in black gram,english,spelling_error,fruit_borer,train
fruit borer in black gram,fruit border in black gram,english,voice_transcription_error,fruit_borer,train
how to protect rice in a dry spell,how to potect rice in a dry spell,english,spelling_error,drought,train
how to protect rice in a dry spell,how to protect rise in a dry spell,english,voice_transcription_error,drought,train
manjal vayal ku eppo thanni vidanum,manjal vayal ku eppo tanni vidanum,tanglish,spelling_error,irrigation,train
manjal vayal ku eppo thanni vidanum,manjal vayalu ku eppo thanni vidanum,tanglish,phonetic,irrigation,train
manjal vayal ku eppo thanni vidanum,manjal vayal ku eppothanni vidanum,tanglish,voice_transcription_error,irrigation,train
சிறு விவசாயிகளுக்கு அரசு உதவி,சிறு விவசாயிகளுககு அரசு உதவி,tamil,spelling_error,government_scheme,train
சிறு விவசாயிகளுக்கு அரசு உதவி,சிரு விவசாயிகளுக்கு அரசு உதவி,tamil,voice_transcription_error,government_scheme,train
entha paasi payaru ragam best,entha paosi payaru ragam best,tanglish,spelling_error,seed_selection,train
entha paasi payaru ragam best,endha paasi payaru ragam best,tanglish,phonetic,seed_selection,train
entha paasi payaru ragam best,entha paasi payaruragam best,tanglish,voice_transcription_error,seed_selection,train
கத்தரி குருத்துல சின்ன பச்சை பூச்சி,கத்தரி குருததுல சின்ன பச்சை பூச்சி,tamil,spelling_error,aphids,train
கத்தரி குருத்துல சின்ன பச்சை பூச்சி,கத்தரி குருத்துள சின்ன பச்சை பூச்சி,tamil,voice_transcription_error,aphids,train
irumbu sathu kuraivu thakkali,irumbu sathu kuraiivu thakkali,tanglish,spelling_error,micronutrient_deficiency,train
irumbu sathu kuraivu thakkali,irumbu satu kuraivu thakkali,tanglish,phonetic,micronutrient_deficiency,train
irumbu sathu kuraivu thakkali,irumbu sathu kuraivuthakkali,tanglish,voice_transcription_error,micronutrient_deficiency,train
tractor subsidy in tamil nadu,tractor subsidy in tamil naadu,english,spelling_error,subsidy,train
where to sell sugarcane for a good price,where to sell sugarcane for a good priec,english,spelling_error,market_price,train
mazhai naala groundnut damage,mazzhai naala groundnut damage,tanglish,spelling_error,rain_damage,train
mazhai naala groundnut damage,malai naala groundnut damage,tanglish,phonetic,rain_damage,train
mazhai naala groundnut damage,malai naala groundnutdamage,tanglish,voice_transcription_error,rain_damage,train
chilli leaves scorching in summer,cholli leaves scorching in summer,english,spelling_error,heat_stress,train
chilli leaves scorching in summer,chilli leafs scorching in summer,english,voice_transcription_error,heat_stress,train
verkadalai ku drip nalladha,verkadalai ku drip nlladha,tanglish,spelling_error,drip_irrigation,train
verkadalai ku drip nalladha,verkadala ku drip nalladha,tanglish,phonetic,drip_irrigation,train
verkadalai ku drip nalladha,verkadalai kudrip nallada,tanglish,voice_transcription_error,drip_irrigation,train
plants dying and roots black in urad,plants dying and roots blcak in urad,english,spelling_error,root_rot,train
short duration thakkali ragam,short duration thakkoli ragam,tanglish,spelling_error,seed_selection,train
short duration thakkali ragam,short duration thakkali variety,tanglish,phonetic,seed_selection,train
short duration thakkali ragam,shortduration thakkali ragam,tanglish,voice_transcription_error,seed_selection,train
zinc kuraivu,zinc kuarivu,tanglish,spelling_error,micronutrient_deficiency,train
விவசாய வானிலை அறிக்கை,விவசாய வானிலை அரிக்கை,tamil,spelling_error,weather,train
விவசாய வானிலை அறிக்கை,விவசாய வானிளை அறிக்கை,tamil,voice_transcription_error,weather,train
banana pazhathula karuppu kuzhi,banena pazhathula karuppu kuzhi,tanglish,spelling_error,fruit_rot,train
banana pazhathula karuppu kuzhi,banana pazhathula karuppu kuli,tanglish,phonetic,fruit_rot,train
banana pazhathula karuppu kuzhi,banana palathula karuppukuli,tanglish,voice_transcription_error,fruit_rot,train
how to protect groundnut from heat,how to protect gorundnut from heat,english,spelling_error,heat_stress,train
when should I sow small onion,when should I sow small onino,english,spelling_error,sowing_time,train
தக்காளி நடவுக்கு ஏத்த பருவம்,தக்காளி னடவுக்கு ஏத்த பருவம்,tamil,spelling_error,sowing_time,train
plants dying and roots black in banana,plants dyiing and roots black in banana,english,spelling_error,root_rot,train
maize crop got some disease how to cure,maize crop got some disaese how to cure,english,spelling_error,crop_disease,train
valai root rot problem,valai root rot problum,tanglish,spelling_error,root_rot,train
valai root rot problem,valai root rot prablam,tanglish,phonetic,root_rot,train
valai root rot problem,valairoot rot problem,tanglish,voice_transcription_error,root_rot,train
மஞ்சள் பயிருக்கு எவ்வளவு தண்ணீர் தேவை,மஞ்சள பயிருக்கு எவ்வளவு தண்ணீர் தேவை,tamil,spelling_error,irrigation,train
neluku entha uram podanum,neluku entha uram padanum,tanglish,spelling_error,fertilizer,train
neluku entha uram podanum,neluku entha oram podanum,tanglish,phonetic,fertilizer,train
neluku entha uram podanum,nelukuentha uram podanum,tanglish,voice_transcription_error,fertilizer,train
too much heat rice flowers dropping,too muhc heat rice flowers dropping,english,spelling_error,heat_stress,train
too much heat rice flowers dropping,too much heat rise flowers dropping,english,voice_transcription_error,heat_stress,train
short duration maize variety,short duation maize variety,english,spelling_error,seed_selection,train
"சின்ன வெங்காயம் புது இலை மஞ்சள், நரம்பு பச்சை","சின்ன வெங்காயம் புது இலை மஞசள், நரம்பு பச்சை",tamil,spelling_error,micronutrient_deficiency,train
"சின்ன வெங்காயம் புது இலை மஞ்சள், நரம்பு பச்சை",சின்ன வெங்காயம் புது இலை மஞ்சள் னரம்பு பச்சை,tamil,voice_transcription_error,micronutrient_deficiency,train
கரும்பு தண்டு துளைப்பான் தாக்குதல்,கரும்பு தணடு துளைப்பான் தாக்குதல்,tamil,spelling_error,stem_borer,train
கரும்பு தண்டு துளைப்பான் தாக்குதல்,கரும்பு தண்டு துளைப்பான் தாக்குதள்,tamil,voice_transcription_error,stem_borer,train
ஆழ்துளைக் கிணறுல தண்ணி குறைஞ்சு போச்சு,ஆள்துளைக் கிணறுல தண்ணி குறைஞ்சு போச்சு,tamil,spelling_error,water_shortage,train
ஆழ்துளைக் கிணறுல தண்ணி குறைஞ்சு போச்சு,ஆழ்துளைக் கினறுல தண்ணி குறைஞ்சு போச்சு,tamil,voice_transcription_error,water_shortage,train
ilai la karuppa pooshanam,ilia la karuppa pooshanam,tanglish,spelling_error,whitefly,train
ilai la karuppa pooshanam,illai la karuppa pooshanam,tanglish,phonetic,whitefly,train
ilai la karuppa pooshanam,ilaila karuppa pooshanam,tanglish,voice_transcription_error,whitefly,train
when to apply urea for black gram,when to apply urea for black grma,english,spelling_error,fertilizer_timing,train
when to apply urea for black gram,when to apply uria for black gram,english,voice_transcription_error,fertilizer_timing,train
paruththi ilai karugal noi,paruththi ilai kaugal noi,tanglish,spelling_error,leaf_blight,train
paruththi ilai karugal noi,paruththi ilai karugal nooi,tanglish,phonetic,leaf_blight,train
paruththi ilai karugal noi,paruththiilai karugal noi,tanglish,voice_transcription_error,leaf_blight,train
மஞ்சள் விலை ஏன் குறைஞ்சிருக்கு,மஞ்சள் விலை ஏன குறைஞ்சிருக்கு,tamil,spelling_error,market_price,train
மஞ்சள் விலை ஏன் குறைஞ்சிருக்கு,மஞ்சள் விலை ஏன் குரைஞ்சிருக்கு,tamil,voice_transcription_error,market_price,train
how to insure my onion crop,how to insire my onion crop,english,spelling_error,crop_insurance,train
why is banana price low,why is baanna price low,english,spelling_error,market_price,train
thank you,thak you,english,spelling_error,thanks,train
base of tomato plant is rotting,base of tomatto plant is rotting,english,spelling_error,root_rot,train
chilli pazhaya ilai oram brown,chhilli pazhaya ilai oram brown,tanglish,spelling_error,potassium_deficiency,train
chilli pazhaya ilai oram brown,chilli pazhaya elai oram brown,tanglish,phonetic,potassium_deficiency,train
chilli pazhaya ilai oram brown,chillipalaya ilai oram brown,tanglish,voice_transcription_error,potassium_deficiency,train
is it the right time to plant turmeric now,is it the righht time to plant turmeric now,english,spelling_error,sowing_time,train
weather eppadi iruku,weather eppadi iruu,tanglish,spelling_error,weather,train
weather eppadi iruku,weather eppadi iruk,tanglish,phonetic,weather,train
weather eppadi iruku,weather eppadiiruku,tanglish,voice_transcription_error,weather,train
குறுவை பருவம் என்றால் என்ன,குறுவை பருவம் என்றால் எனன,tamil,spelling_error,agri_general_info,train
குறுவை பருவம் என்றால் என்ன,குருவை பருவம் என்றால் என்ன,tamil,voice_transcription_error,agri_general_info,train
ulundhu ethana naal la aruvadai,uludnhu ethana naal la aruvadai,tanglish,spelling_error,harvesting,train
ulundhu ethana naal la aruvadai,ulundhu ethana naal la aruvadhai,tanglish,phonetic,harvesting,train
ulundhu ethana naal la aruvadai,ulunduethana naal la aruvadai,tanglish,voice_transcription_error,harvesting,train
சின்ன வெங்காயம் நடவுக்கு ஏத்த பருவம்,சின்ன வெங்காயம நடவுக்கு ஏத்த பருவம்,tamil,spelling_error,sowing_time,train
சின்ன வெங்காயம் நடவுக்கு ஏத்த பருவம்,சின்ன வெங்காயம் னடவுக்கு ஏத்த பருவம்,tamil,voice_transcription_error,sowing_time,train
தக்காளி காய் செடியிலேயே அழுகுது,தக்காளி காய் செடியிளேயே அழுகுது,tamil,spelling_error,fruit_rot,train
best fertilizer for coconut,bet fertilizer for coconut,english,spelling_error,fertilizer,train
best fertilizer for coconut,best fertiliser for coconut,english,voice_transcription_error,fertilizer,train
my chilli plants look sick what disease is this,my challi plants look sick what disease is this,english,spelling_error,crop_disease,train
vayal la noi vegama paravudhu,vayal la noi vegaa paravudhu,tanglish,spelling_error,crop_disease,train
vayal la noi vegama paravudhu,vayal la nooi vegama paravudhu,tanglish,phonetic,crop_disease,train
vayal la noi vegama paravudhu,vayal la noivegama paravudu,tanglish,voice_transcription_error,crop_disease,train
கரும்பு செடியில என்ன நோய்னு தெரியல,கரும்பு செடியில என்ன நோயனு தெரியல,tamil,spelling_error,crop_disease,train
கரும்பு செடியில என்ன நோய்னு தெரியல,கரும்பு செடியிள என்ன நோய்னு தெரியல,tamil,voice_transcription_error,crop_disease,train
பிஎம் கிசான் e-KYC,பிஎம் கிசான e-KYC,tamil,spelling_error,pm_kisan,train
dead heart in maize,dead heart in maiez,english,spelling_error,stem_borer,train
is vermicompost good for groundnut,is vermicompost good for graundnut,english,spelling_error,organic_fertilizer,train
payir kaappeedu last date,payir kaappeedu last daet,tanglish,spelling_error,crop_insurance,train
payir kaappeedu last date,payir kaappidu last date,tanglish,phonetic,crop_insurance,train
payir kaappeedu last date,payir kaappeedu lastdate,tanglish,voice_transcription_error,crop_insurance,train
subsidy for solar pump,subsiddy for solar pump,english,spelling_error,subsidy,train
holes in brinjal fruits with worms,holes in brijnal fruits with worms,english,spelling_error,fruit_borer,train
holes in brinjal fruits with worms,holes in brinjol fruits with worms,english,voice_transcription_error,fruit_borer,train
moong older leaves pale yellow and plant weak,moong older leavs pale yellow and plant weak,english,spelling_error,nitrogen_deficiency,train
moong older leaves pale yellow and plant weak,moong older leafs pale yellow and plant weak,english,voice_transcription_error,nitrogen_deficiency,train
can you identify disease from an image,can you identify disease from an imege,english,spelling_error,image_upload_help,train
mann parisodhanai epdi,mnan parisodhanai epdi,tanglish,spelling_error,soil_testing,train
mann parisodhanai epdi,mann parisodhanai yepdi,tanglish,phonetic,soil_testing,train
mann parisodhanai epdi,mannparisodanai epdi,tanglish,voice_transcription_error,soil_testing,train
மஞ்சள் நல்ல விலைக்கு எங்க விக்கலாம்,மஞ்சள நல்ல விலைக்கு எங்க விக்கலாம்,tamil,spelling_error,market_price,train
whitefly milagai la romba,whitefly mlagai la romba,tanglish,spelling_error,whitefly,train
whitefly milagai la romba,whitefly molagai la romba,tanglish,phonetic,whitefly,train
whitefly milagai la romba,whitefly milagaila romba,tanglish,voice_transcription_error,whitefly,train
பருத்தி காய் உதிருது புழுவால,பருத்தி காய் உதிருது புழுவாள,tamil,spelling_error,bollworm,train
பருத்தி காய் உதிருது புழுவால,பருத்தி காய்உதிருது புழுவால,tamil,voice_transcription_error,bollworm,train
பாசிப்பயறு குருத்துல சின்ன பச்சை பூச்சி,பாசிப்பயறு குருததுல சின்ன பச்சை பூச்சி,tamil,spelling_error,aphids,train
பாசிப்பயறு குருத்துல சின்ன பச்சை பூச்சி,பாசிப்பயறு குருத்துள சின்ன பச்சை பூச்சி,tamil,voice_transcription_error,aphids,train
மக்காச்சோளம் பயிருக்கு தொழுவுரம் எப்படி போடணும்,மக்காச்சோளம் பயிருக்கு தொழுவுரம் எப்படி போடனும்,tamil,spelling_error,organic_fertilizer,train
மக்காச்சோளம் பயிருக்கு தொழுவுரம் எப்படி போடணும்,மக்காச்சோளம் பயிருக்கு தொளுவுரம் எப்படி போடணும்,tamil,voice_transcription_error,organic_fertilizer,train
வாழை விதை நேர்த்தி எப்படி செய்றது,வாழை விதை னேர்த்தி எப்படி செய்றது,tamil,spelling_error,seed_treatment,train
chilli ku urea venuma,chilli ku uea venuma,tanglish,spelling_error,nitrogen_deficiency,train
chilli ku urea venuma,chilli kuurea venuma,tanglish,voice_transcription_error,nitrogen_deficiency,train
சின்ன வெங்காயம் இலை ஓரம் கருகுது,சின்ன வெங்காயம் இளை ஓரம் கருகுது,tamil,spelling_error,leaf_blight,train
சின்ன வெங்காயம் இலை ஓரம் கருகுது,சின்ன வெங்காயம் இளைஓரம் கருகுது,tamil,voice_transcription_error,leaf_blight,train
irrigation schedule for chilli,irriagtion schedule for chilli,english,spelling_error,irrigation,train
உளுந்து செடியில கருப்பு சின்ன பூச்சி,உளுன்து செடியில கருப்பு சின்ன பூச்சி,tamil,spelling_error,aphids,train
உளுந்து செடியில கருப்பு சின்ன பூச்சி,உளுன்து செடியிள கருப்பு சின்ன பூச்சி,tamil,voice_transcription_error,aphids,train
leaf tips turning brown and dry in rice,leaf tips turning brown and dry in rce,english,spelling_error,leaf_blight,train
leaf tips turning brown and dry in rice,leaf tips turning brown and dry in rise,english,voice_transcription_error,leaf_blight,train
vengayam thandu weak ah saayudhu,vengayam thandu weak ah saayuhu,tanglish,spelling_error,potassium_deficiency,train
vengayam thandu weak ah saayudhu,vengyam thandu weak ah saayudhu,tanglish,phonetic,potassium_deficiency,train
vengayam thandu weak ah saayudhu,vengayamthandu weak ah saayudu,tanglish,voice_transcription_error,potassium_deficiency,train
heavy rain flooded my turmeric field,heavy rain floded my turmeric field,english,spelling_error,rain_damage,train
tomato kaai sedi layae azhugudhu,tmoato kaai sedi layae azhugudhu,tanglish,spelling_error,fruit_rot,train
tomato kaai sedi layae azhugudhu,tomato kaai chedi layae azhugudhu,tanglish,phonetic,fruit_rot,train
tomato kaai sedi layae azhugudhu,tomatokaai sedi layae alugudu,tanglish,voice_transcription_error,fruit_rot,train
tomato leaves have burnt looking patches,tomato leaves have burnt loooking patches,english,spelling_error,leaf_blight,train
tomato leaves have burnt looking patches,tomato leafs have burnt looking patches,english,voice_transcription_error,leaf_blight,train
நெல் தண்ணி பாய்ச்சும் முறை,நெல தண்ணி பாய்ச்சும் முறை,tamil,spelling_error,irrigation,train
நெல் தண்ணி பாய்ச்சும் முறை,நெல்தன்ணி பாய்ச்சும் முறை,tamil,voice_transcription_error,irrigation,train
irumbu sathu kuraivu onion,irubu sathu kuraivu onion,tanglish,spelling_error,micronutrient_deficiency,train
irumbu sathu kuraivu onion,irumb sathu kuraivu onion,tanglish,phonetic,micronutrient_deficiency,train
irumbu sathu kuraivu onion,irumbu sathukuraivu onion,tanglish,voice_transcription_error,micronutrient_deficiency,train
kathiri kaai sedi layae azhugudhu,kahtiri kaai sedi layae azhugudhu,tanglish,spelling_error,fruit_rot,train
kathiri kaai sedi layae azhugudhu,kathiri kaai chedi layae azhugudhu,tanglish,phonetic,fruit_rot,train
kathiri kaai sedi layae azhugudhu,kathiri kaai sedilayae alugudu,tanglish,voice_transcription_error,fruit_rot,train
phosphorus pathala urad,phosphorus pathula urad,tanglish,spelling_error,phosphorus_deficiency,train
phosphorus pathala urad,phosphoruspathala urad,tanglish,voice_transcription_error,phosphorus_deficiency,train
insurance panam innum varala,insurence panam innum varala,tanglish,spelling_error,crop_insurance,train
insurance panam innum varala,insurance panam innumvarala,tanglish,voice_transcription_error,crop_insurance,train
when to irrigate my green gram field,when to irriggate my green gram field,english,spelling_error,irrigation,train
மஞ்சள் பயிருக்கு எத்தனை நாளுக்கு ஒரு தடவை தண்ணி பாய்ச்சணும்,மஞ்சள பயிருக்கு எத்தனை நாளுக்கு ஒரு தடவை தண்ணி பாய்ச்சணும்,tamil,spelling_error,irrigation,train
மஞ்சள் பயிருக்கு எத்தனை நாளுக்கு ஒரு தடவை தண்ணி பாய்ச்சணும்,மஞ்சள்பயிருக்கு எத்தனை நாளுக்கு ஒரு தடவை தன்ணி பாய்ச்சணும்,tamil,voice_transcription_error,irrigation,train
how to use cow dung manure for groundnut,how to use cow dung manure for grounnut,english,spelling_error,organic_fertilizer,train
paddy leaves folded with white streaks,paddy leaves folded with wite streaks,english,spelling_error,leaf_folder,train
paddy leaves folded with white streaks,paddy leafs folded with white streaks,english,voice_transcription_error,leaf_folder,train
ilai la karuppu pulli varuthu,ilai la karuppu pulli vauthu,tanglish,spelling_error,leaf_spot,train
ilai la karuppu pulli varuthu,ilai la karuppu pulli pulli varuthu,tanglish,phonetic,leaf_spot,train
ilai la karuppu pulli varuthu,ilai lakaruppu pulli varuthu,tanglish,voice_transcription_error,leaf_spot,train
paruthi eppo aruvadai,paruthi epo aruvadai,tanglish,spelling_error,harvesting,train
paruthi eppo aruvadai,paruthi yeppo aruvadai,tanglish,phonetic,harvesting,train
paruthi eppo aruvadai,paruthieppo aruvadai,tanglish,voice_transcription_error,harvesting,train
tomato growth slow and light green colour,tomato growth slow and lgiht green colour,english,spelling_error,nitrogen_deficiency,train
milaga ku organic poochi viratti,milaga ku organic poochi virtati,tanglish,spelling_error,organic_farming,train
milaga ku organic poochi viratti,milaga ku organic poochchi viratti,tanglish,phonetic,organic_farming,train
milaga ku organic poochi viratti,milaga kuorganic poochi viratti,tanglish,voice_transcription_error,organic_farming,train
what is kharif season,wht is kharif season,english,spelling_error,agri_general_info,train
vellam vandhu payir pochu,vellam vandhu payir pchu,tanglish,spelling_error,rain_damage,train
vellam vandhu payir pochu,vellam vandhu payiru pochu,tanglish,phonetic,rain_damage,train
vellam vandhu payir pochu,vellam vandupayir pochu,tanglish,voice_transcription_error,rain_damage,train
சேமிப்புக்கு முன்னாடி வாழை எப்படி காய வைக்கணும்,சேமிப்புககு முன்னாடி வாழை எப்படி காய வைக்கணும்,tamil,spelling_error,post_harvest_storage,train
சேமிப்புக்கு முன்னாடி வாழை எப்படி காய வைக்கணும்,சேமிப்புக்கு முன்னாடி வாழை எப்படி காய வைக்கனும்,tamil,voice_transcription_error,post_harvest_storage,train
fruit rot in brinjal,fruuit rot in brinjal,english,spelling_error,fruit_rot,train
fruit rot in brinjal,fruit rot in brinjol,english,voice_transcription_error,fruit_rot,train
காலை வணக்கம்,காலை வணககம்,tamil,spelling_error,greeting,train
காலை வணக்கம்,காளை வணக்கம்,tamil,voice_transcription_error,greeting,train
today coconut price,todday coconut price,english,spelling_error,market_price,train
my sugarcane plants look sick what disease is this,my sugarcane plants look sick what diisease is this,english,spelling_error,crop_disease,train
groundnut sedi ver karuppa iruku,groundnut sedi ver karupa iruku,tanglish,spelling_error,root_rot,train
groundnut sedi ver karuppa iruku,groundnut sedi veru karuppa iruku,tanglish,phonetic,root_rot,train
groundnut sedi ver karuppa iruku,groundnut sedi verkaruppa iruku,tanglish,voice_transcription_error,root_rot,train
veyil la irundhu payira epdi kaapathuradhu,veyil la irundhu pyira epdi kaapathuradhu,tanglish,spelling_error,heat_stress,train
veyil la irundhu payira epdi kaapathuradhu,veyyil la irundhu payira epdi kaapathuradhu,tanglish,phonetic,heat_stress,train
veyil la irundhu payira epdi kaapathuradhu,veyil la irundupayira epdi kaapathuradu,tanglish,voice_transcription_error,heat_stress,train
மிளகாய் வெள்ளை ஈ தொல்லை,மிளகாய் வெளளை ஈ தொல்லை,tamil,spelling_error,whitefly,train
மிளகாய் வெள்ளை ஈ தொல்லை,மிளகாய் வெள்ளை ஈதொல்லை,tamil,voice_transcription_error,whitefly,train
groundnut leaves curling with silvery patches,groundnut leavees curling with silvery patches,english,spelling_error,thrips_mites,train
groundnut leaves curling with silvery patches,groundnut leafs curling with silvery patches,english,voice_transcription_error,thrips_mites,train
வாழை செடியில கருப்பு சின்ன பூச்சி,வாழை செடியிள கருப்பு சின்ன பூச்சி,tamil,spelling_error,aphids,train
மழையால வாழை சேதம்,மளையால வாழை சேதம்,tamil,spelling_error,rain_damage,train
மழையால வாழை சேதம்,மளையால வாழைசேதம்,tamil,voice_transcription_error,rain_damage,train
hybrid turmeric vidhai,hbrid turmeric vidhai,tanglish,spelling_error,seed_selection,train
hybrid turmeric vidhai,hibrid turmeric vidhai,tanglish,phonetic,seed_selection,train
hybrid turmeric vidhai,hybrid turmericvidai,tanglish,voice_transcription_error,seed_selection,train
thanks anna,thakns anna,tanglish,spelling_error,thanks,train
thanks anna,thanks annaa,tanglish,phonetic,thanks,train
ulundhu aphid problem,ulundhu aphd problem,tanglish,spelling_error,aphids,train
ulundhu aphid problem,ulunthu aphid problem,tanglish,phonetic,aphids,train
ulundhu aphid problem,ulunduaphid problem,tanglish,voice_transcription_error,aphids,train
valai sedi ya poochi thinnudhu,valai sedi ya poochi thinndhu,tanglish,spelling_error,pest_attack,train
valai sedi ya poochi thinnudhu,valai sedi ya puchi thinnudhu,tanglish,phonetic,pest_attack,train
valai sedi ya poochi thinnudhu,valai sedi yapoochi thinnudu,tanglish,voice_transcription_error,pest_attack,train
ok thanks,ok thaks,english,spelling_error,thanks,train
my sugarcane plants are wilting suddenly,my sugarcane plats are wilting suddenly,english,spelling_error,wilting,train
my sugarcane plants are wilting suddenly,my sugarcane plants are wilding suddenly,english,voice_transcription_error,wilting,train
maize leaves have burnt looking patches,maizze leaves have burnt looking patches,english,spelling_error,leaf_blight,train
maize leaves have burnt looking patches,maize leafs have burnt looking patches,english,voice_transcription_error,leaf_blight,train
market la manjal vilai evlo,market la manjal vilai evo,tanglish,spelling_error,market_price,train
market la manjal vilai evlo,market la manjal vilai evlov,tanglish,phonetic,market_price,train
market la manjal vilai evlo,market lamanjal vilai evlo,tanglish,voice_transcription_error,market_price,train
கோடையில முருங்கை இலை கருகுது,கோடையிள முருங்கை இலை கருகுது,tamil,spelling_error,heat_stress,train
கோடையில முருங்கை இலை கருகுது,கோடையில முருங்கை இலைகருகுது,tamil,voice_transcription_error,heat_stress,train
தென்னை பழத்தில கருப்பு குழி மாதிரி இருக்கு,தென்னை பளத்தில கருப்பு குழி மாதிரி இருக்கு,tamil,spelling_error,fruit_rot,train
தென்னை பழத்தில கருப்பு குழி மாதிரி இருக்கு,தென்னை பழத்திள கருப்பு குழி மாதிரி இருக்கு,tamil,voice_transcription_error,fruit_rot,train
how to dry cotton before storage,how to dry cotton before storaeg,english,spelling_error,post_harvest_storage,train
இலை எரிஞ்ச மாதிரி இருக்கு,இளை எரிஞ்ச மாதிரி இருக்கு,tamil,spelling_error,leaf_blight,train
nadavu panni evlo naal la uram,naadavu panni evlo naal la uram,tanglish,spelling_error,fertilizer_timing,train
nadavu panni evlo naal la uram,nadavu panni evlo nal la uram,tanglish,phonetic,fertilizer_timing,train
nadavu panni evlo naal la uram,nadavu panni evlo naalla uram,tanglish,voice_transcription_error,fertilizer_timing,train
மழைக்கு அப்புறம் மக்காச்சோளம் சாஞ்சிடுச்சு,மழைககு அப்புறம் மக்காச்சோளம் சாஞ்சிடுச்சு,tamil,spelling_error,rain_damage,train
மழைக்கு அப்புறம் மக்காச்சோளம் சாஞ்சிடுச்சு,மழைக்கு அப்புரம் மக்காச்சோளம் சாஞ்சிடுச்சு,tamil,voice_transcription_error,rain_damage,train
ஜீவாமிர்தம் எப்படி தயாரிக்கிறது,ஜீவாமிர்தம் எப்படி தயாரிக்கிரது,tamil,spelling_error,organic_fertilizer,train
இலை படம் எப்படி அனுப்புறது,இலை படம் எபபடி அனுப்புறது,tamil,spelling_error,image_upload_help,train
இலை படம் எப்படி அனுப்புறது,இலை படம் எப்படி அனுப்புரது,tamil,voice_transcription_error,image_upload_help,train
how often should I water turmeric,how often should I water turmeeric,english,spelling_error,irrigation,train
மிளகாய் விதை நேர்த்தி எப்படி செய்றது,மிளகாய் விதை நேர்த்தி எப்படி செயறது,tamil,spelling_error,seed_treatment,train
மிளகாய் விதை நேர்த்தி எப்படி செய்றது,மிளகாய் விதை நேர்த்திஎப்படி செய்றது,tamil,voice_transcription_error,seed_treatment,train
white empty ear heads in paddy,whte empty ear heads in paddy,english,spelling_error,stem_borer,train
white empty ear heads in paddy,white empty ear heads in party,english,voice_transcription_error,stem_borer,train
today black gram price,today black gram prece,english,spelling_error,market_price,train
உளுந்து பயிருக்கு எவ்வளவு தண்ணீர் தேவை,உளுந்து பயிருக்கு எவ்வளவு தன்ணீர் தேவை,tamil,spelling_error,irrigation,train
உளுந்து பயிருக்கு எவ்வளவு தண்ணீர் தேவை,உளுந்துபயிருக்கு எவ்வளவு தண்ணீர் தேவை,tamil,voice_transcription_error,irrigation,train
milagai ilai la brown pulli iruku,milagai ilai la brown pulli iruuku,tanglish,spelling_error,leaf_spot,train
milagai ilai la brown pulli iruku,milagai ela la brown pulli iruku,tanglish,phonetic,leaf_spot,train
milagai ilai la brown pulli iruku,milagai ilai la brown pulliiruku,tanglish,voice_transcription_error,leaf_spot,train
"முருங்கை புது இலை மஞ்சள், நரம்பு பச்சை","முருங்கை புது இலை மஞ்சள், நரம்பு பசசை",tamil,spelling_error,micronutrient_deficiency,train
"முருங்கை புது இலை மஞ்சள், நரம்பு பச்சை",முருங்கை புது இலை மஞ்சள்நரம்பு பச்சை,tamil,voice_transcription_error,micronutrient_deficiency,train
sedi aatuna vellai poochi parakudhu,sedi aatuna vellai puchi parakudhu,tanglish,phonetic,whitefly,train
sedi aatuna vellai poochi parakudhu,sediaatuna vellai poochi parakudu,tanglish,voice_transcription_error,whitefly,train
thandu kulla puzhu,thandu kulla puhu,tanglish,spelling_error,stem_borer,train
thandu kulla puzhu,thandu kulla puzh,tanglish,phonetic,stem_borer,train
thandu kulla puzhu,thandu kullapulu,tanglish,voice_transcription_error,stem_borer,train
why is my coconut leaf turning yellow,why is my coconut leaf turning ylelow,english,spelling_error,yellow_leaf,train
why is my coconut leaf turning yellow,why is my coconut leaf turning yello,english,voice_transcription_error,yellow_leaf,train
leaf tips turning brown and dry in tomato,leaf tips turning borwn and dry in tomato,english,spelling_error,leaf_blight,train
coconut older leaves pale yellow and plant weak,coconut older leaves pale yellow and platn weak,english,spelling_error,nitrogen_deficiency,train
coconut older leaves pale yellow and plant weak,coconut older leaves pale yello and plant weak,english,voice_transcription_error,nitrogen_deficiency,train
dark purplish leaves in cotton,dark purplish leavves in cotton,english,spelling_error,phosphorus_deficiency,train
dark purplish leaves in cotton,dark purplish leafs in cotton,english,voice_transcription_error,phosphorus_deficiency,train
அறுவடைக்கு முன்னாடியே காய் அழுகுது,அறுவடைக்கு முனனாடியே காய் அழுகுது,tamil,spelling_error,fruit_rot,train
அறுவடைக்கு முன்னாடியே காய் அழுகுது,அறுவடைக்கு முன்னாடியேகாய் அளுகுது,tamil,voice_transcription_error,fruit_rot,train
paasi payaru eppo vidhaikanum,paasi payau eppo vidhaikanum,tanglish,spelling_error,sowing_time,train
paasi payaru eppo vidhaikanum,pasi payaru eppo vidhaikanum,tanglish,phonetic,sowing_time,train
paasi payaru eppo vidhaikanum,paasipayaru eppo vidaikanum,tanglish,voice_transcription_error,sowing_time,train
நிலக்கடலை இலை சுரண்டுன மாதிரி இருக்கு,னிலக்கடலை இலை சுரண்டுன மாதிரி இருக்கு,tamil,spelling_error,thrips_mites,train
நிலக்கடலை இலை சுரண்டுன மாதிரி இருக்கு,நிலக்கடலை இலைசுரன்டுன மாதிரி இருக்கு,tamil,voice_transcription_error,thrips_mites,train
how do I find which disease my urad has,how do I find wich disease my urad has,english,spelling_error,crop_disease,train
insects eating my sugarcane crop,insects eatng my sugarcane crop,english,spelling_error,pest_attack,train
insects eating my sugarcane crop,insex eating my sugarcane crop,english,voice_transcription_error,pest_attack,train
karumbu ku thozhu uram epdi podanum,karubmu ku thozhu uram epdi podanum,tanglish,spelling_error,organic_fertilizer,train
karumbu ku thozhu uram epdi podanum,karumbu ku thozhu uram epadi podanum,tanglish,phonetic,organic_fertilizer,train
karumbu ku thozhu uram epdi podanum,karumbu kutholu uram epdi podanum,tanglish,voice_transcription_error,organic_fertilizer,train
karumbu nadu kuruthu kaayudhu,karumbu nadu kuruuthu kaayudhu,tanglish,spelling_error,stem_borer,train
karumbu nadu kuruthu kaayudhu,karumbu nadu kuruthu kaayuthu,tanglish,phonetic,stem_borer,train
karumbu nadu kuruthu kaayudhu,karumbu nadukuruthu kaayudu,tanglish,voice_transcription_error,stem_borer,train
sugarcane ilai la brown pulli iruku,sugarcane ilai la brown pilli iruku,tanglish,spelling_error,leaf_spot,train
sugarcane ilai la brown pulli iruku,sugarcane ilai la brown puli iruku,tanglish,phonetic,leaf_spot,train
sugarcane ilai la brown pulli iruku,sugarcane ilaila brown pulli iruku,tanglish,voice_transcription_error,leaf_spot,train
how to use cow dung manure for banana,how to use cow dng manure for banana,english,spelling_error,organic_fertilizer,train
how many splits for fertilizer in groundnut,how many spits for fertilizer in groundnut,english,spelling_error,fertilizer_timing,train
how many splits for fertilizer in groundnut,how many splits for fertiliser in groundnut,english,voice_transcription_error,fertilizer_timing,train
tractor subsidy,tractor subidy,tanglish,spelling_error,subsidy,train
tractor subsidy,traktor subsidy,tanglish,phonetic,subsidy,train
sottu neer paasanam moong ku,sottu neer paasanam monog ku,tanglish,spelling_error,drip_irrigation,train
sottu neer paasanam moong ku,sottu neer pasanam moong ku,tanglish,phonetic,drip_irrigation,train
sottu neer paasanam moong ku,sottu neer paasanam moongku,tanglish,voice_transcription_error,drip_irrigation,train
வறட்சியில நிலக்கடலை எப்படி காப்பாத்துறது,வரட்சியில நிலக்கடலை எப்படி காப்பாத்துறது,tamil,spelling_error,drought,train
cotton leaves drying from the tip,cotton leaves dring from the tip,english,spelling_error,leaf_blight,train
cotton leaves drying from the tip,cotton leafs drying from the tip,english,voice_transcription_error,leaf_blight,train
takkali pazhathula karuppu kuzhi,takkali pazhathula krauppu kuzhi,tanglish,spelling_error,fruit_rot,train
takkali pazhathula karuppu kuzhi,takkali pazhathula karuppu kuli,tanglish,phonetic,fruit_rot,train
takkali pazhathula karuppu kuzhi,takkalipalathula karuppu kuli,tanglish,voice_transcription_error,fruit_rot,train
பாசிப்பயறு இலைக்கு அடியில வெள்ளை ஈ,பாசிப்பயறு இளைக்கு அடியில வெள்ளை ஈ,tamil,spelling_error,whitefly,train
பாசிப்பயறு இலைக்கு அடியில வெள்ளை ஈ,பாசிப்பயரு இலைக்கு அடியில வெள்ளை ஈ,tamil,voice_transcription_error,whitefly,train
sugarcane older leaves pale yellow and plant weak,sugarcane older leaevs pale yellow and plant weak,english,spelling_error,nitrogen_deficiency,train
sugarcane older leaves pale yellow and plant weak,sugarcane older leaves pale yello and plant weak,english,voice_transcription_error,nitrogen_deficiency,train
uluntu vellai ee thollai,ulunu vellai ee thollai,tanglish,spelling_error,whitefly,train
uluntu vellai ee thollai,uluntu vellai ie thollai,tanglish,phonetic,whitefly,train
uluntu vellai ee thollai,uluntu vellaiee thollai,tanglish,voice_transcription_error,whitefly,train
உரத்த எத்தனை தடவை பிரிச்சு போடணும்,உரத்த எத்தனை தடவை பிரிச்சு போடனும்,tamil,spelling_error,fertilizer_timing,train
உரத்த எத்தனை தடவை பிரிச்சு போடணும்,உரத்த எத்தனைதடவை பிரிச்சு போடணும்,tamil,voice_transcription_error,fertilizer_timing,train
mazhai naala thakkali damage,mizhai naala thakkali damage,tanglish,spelling_error,rain_damage,train
mazhai naala thakkali damage,mazhai naala takkali damage,tanglish,phonetic,rain_damage,train
mazhai naala thakkali damage,malainaala thakkali damage,tanglish,voice_transcription_error,rain_damage,train
panchagavya epdi use panradhu,pachagavya epdi use panradhu,tanglish,spelling_error,organic_farming,train
panchagavya epdi use panradhu,panchakavya epdi use panradhu,tanglish,phonetic,organic_farming,train
panchagavya epdi use panradhu,panchagavya epdi usepanradu,tanglish,voice_transcription_error,organic_farming,train
தக்காளி காய் துளைச்சு இருக்கு,தககாளி காய் துளைச்சு இருக்கு,tamil,spelling_error,fruit_borer,train
ulundhu thandu weak ah saayudhu,uludhu thandu weak ah saayudhu,tanglish,spelling_error,potassium_deficiency,train
ulundhu thandu weak ah saayudhu,uluntu thandu weak ah saayudhu,tanglish,phonetic,potassium_deficiency,train
ulundhu thandu weak ah saayudhu,ulundu thandu weakah saayudu,tanglish,voice_transcription_error,potassium_deficiency,train
where can I get soil tested,where can I get soil tsted,english,spelling_error,soil_testing,train
kadalai thrips problem,kadalai trips problem,tanglish,spelling_error,thrips_mites,train
kadalai thrips problem,kadala thrips problem,tanglish,phonetic,thrips_mites,train
kadalai thrips problem,kadalaithrips problem,tanglish,voice_transcription_error,thrips_mites,train
arasu thittam list sollunga,arasu tihttam list sollunga,tanglish,spelling_error,government_scheme,train
arasu thittam list sollunga,govt thittam list sollunga,tanglish,phonetic,government_scheme,train
arasu thittam list sollunga,arasu thittamlist sollunga,tanglish,voice_transcription_error,government_scheme,train
வேப்பம் புண்ணாக்கு எப்போ போடணும்,வேப்பம் புன்ணாக்கு எப்போ போடணும்,tamil,spelling_error,organic_fertilizer,train
வேப்பம் புண்ணாக்கு எப்போ போடணும்,வேப்பம் புண்ணாக்குஎப்போ போடணும்,tamil,voice_transcription_error,organic_fertilizer,train
காய்க்குள்ள புழு,காய்ககுள்ள புழு,tamil,spelling_error,fruit_borer,train
green gram shoots wilting and fruits bored,green gram shots wilting and fruits bored,english,spelling_error,fruit_borer,train
green gram shoots wilting and fruits bored,green gram shoots wilding and fruits bored,english,voice_transcription_error,fruit_borer,train
dark purplish leaves in tomato,dark purplish leaves in tomatto,english,spelling_error,phosphorus_deficiency,train
dark purplish leaves in tomato,dark purplish leafs in tomato,english,voice_transcription_error,phosphorus_deficiency,train
makkacholam ku noi pudichiruchu sir,makkacholam ku noi pudachiruchu sir,tanglish,spelling_error,crop_disease,train
makkacholam ku noi pudichiruchu sir,makka cholam ku noi pudichiruchu sir,tanglish,phonetic,crop_disease,train
makkacholam ku noi pudichiruchu sir,makkacholam ku noi pudichiruchusir,tanglish,voice_transcription_error,crop_disease,train
how to improve soil fertility,how to improve soal fertility,english,spelling_error,soil_health,train
இலை சுருட்டி உள்ள புழு இருக்கு,இலை சுருட்டி உள்ள புழு இருககு,tamil,spelling_error,leaf_folder,train
இலை சுருட்டி உள்ள புழு இருக்கு,இளை சுருட்டி உள்ள புழுஇருக்கு,tamil,voice_transcription_error,leaf_folder,train
chilli shoots wilting and fruits bored,chilli shoots wilding and fruits bored,english,voice_transcription_error,fruit_borer,train
hello,helo,english,spelling_error,greeting,train
will it rain this week,will it raon this week,english,spelling_error,weather,train
சின்ன வெங்காயம் செடிய பூச்சி தின்னுது,சின்னவெங்காயம் செடிய பூச்சி தின்னுது,tamil,voice_transcription_error,pest_attack,train
tomato light green ah iruku valarchi illa,tomato light green ah iruku valarchi ila,tanglish,spelling_error,nitrogen_deficiency,train
tomato light green ah iruku valarchi illa,tomato light green ah iruku valarchiilla,tanglish,voice_transcription_error,nitrogen_deficiency,train
how to start organic farming,how to satrt organic farming,english,spelling_error,organic_farming,train
how to protect cotton from heat,how to protect cotton fram heat,english,spelling_error,heat_stress,train
nel kathir vellaiya kaaliya iruku,nel kathir vellaiya kalaiya iruku,tanglish,spelling_error,stem_borer,train
nel kathir vellaiya kaaliya iruku,nel katir vellaiya kaaliya iruku,tanglish,phonetic,stem_borer,train
nel kathir vellaiya kaaliya iruku,nel kathir vellaiya kaaliyairuku,tanglish,voice_transcription_error,stem_borer,train
how to store paddy without damage,how to store party without damage,english,voice_transcription_error,post_harvest_storage,train
தக்காளி இலை சுருண்டு போகுது,தக்காளி இளை சுருண்டு போகுது,tamil,spelling_error,leaf_curl,train
இந்த போட்டோவ பாருங்க,இநத போட்டோவ பாருங்க,tamil,spelling_error,image_upload_help,train
இந்த போட்டோவ பாருங்க,இன்த போட்டோவபாருங்க,tamil,voice_transcription_error,image_upload_help,train
தண்ணி விட்டும் சின்ன வெங்காயம் வாடுது,தன்ணி விட்டும் சின்ன வெங்காயம் வாடுது,tamil,spelling_error,wilting,train
தண்ணி விட்டும் சின்ன வெங்காயம் வாடுது,தண்ணிவிட்டும் சின்ன வெங்காயம் வாடுது,tamil,voice_transcription_error,wilting,train
thakkali ver azhugudhu,thakkalli ver azhugudhu,tanglish,spelling_error,root_rot,train
thakkali ver azhugudhu,tomatto ver azhugudhu,tanglish,phonetic,root_rot,train
thakkali ver azhugudhu,thakkali veralugudu,tanglish,voice_transcription_error,root_rot,train
thennai vidhai enga vaanganum,thennai vidhi enga vaanganum,tanglish,spelling_error,seed_selection,train
thennai vidhai enga vaanganum,thenna vidhai enga vaanganum,tanglish,phonetic,seed_selection,train
thennai vidhai enga vaanganum,thennaividai enga vaanganum,tanglish,voice_transcription_error,seed_selection,train
மிளகாய் காய் துளைச்சு இருக்கு,மிளகாய் காய் துளைச்சுஇருக்கு,tamil,voice_transcription_error,fruit_borer,train
இந்த வாரம் மழை வருமா,இந்த வாரம மழை வருமா,tamil,spelling_error,weather,train
இந்த வாரம் மழை வருமா,இந்த வாரம் மளை வருமா,tamil,voice_transcription_error,weather,train
phosphorus pathala thakkali,phosphorus pathula thakkali,tanglish,spelling_error,phosphorus_deficiency,train
phosphorus pathala thakkali,phosphorus pathala tomatto,tanglish,phonetic,phosphorus_deficiency,train
phosphorus pathala thakkali,phosphoruspathala thakkali,tanglish,voice_transcription_error,phosphorus_deficiency,train
nilakadalai root rot problem,nilakadalai reot rot problem,tanglish,spelling_error,root_rot,train
nilakadalai root rot problem,nilakadala root rot problem,tanglish,phonetic,root_rot,train
nilakadalai root rot problem,nilakadalai root rotproblem,tanglish,voice_transcription_error,root_rot,train
chilli ku thozhu uram epdi podanum,chilli ku thozzhu uram epdi podanum,tanglish,spelling_error,organic_fertilizer,train
chilli ku thozhu uram epdi podanum,chilli ku thozhu uraam epdi podanum,tanglish,phonetic,organic_fertilizer,train
chilli ku thozhu uram epdi podanum,chilli kutholu uram epdi podanum,tanglish,voice_transcription_error,organic_fertilizer,train
உளுந்து இலை ஓரம் பழுப்பா கருகுது,உளுநது இலை ஓரம் பழுப்பா கருகுது,tamil,spelling_error,potassium_deficiency,train
உளுந்து இலை ஓரம் பழுப்பா கருகுது,உளுன்து இளை ஓரம் பழுப்பா கருகுது,tamil,voice_transcription_error,potassium_deficiency,train
insects eating my rice crop,insects eating my riice crop,english,spelling_error,pest_attack,train
insects eating my rice crop,insex eating my rice crop,english,voice_transcription_error,pest_attack,train
tiny black insects sucking chilli shoots,tinny black insects sucking chilli shoots,english,spelling_error,aphids,train
tiny black insects sucking chilli shoots,tiny black insex sucking chilli shoots,english,voice_transcription_error,aphids,train
பருத்தி இலை சுரண்டுன மாதிரி இருக்கு,பருத்தி இளை சுரண்டுன மாதிரி இருக்கு,tamil,spelling_error,thrips_mites,train
பருத்தி இலை சுரண்டுன மாதிரி இருக்கு,பருத்தி இலைசுரண்டுன மாதிரி இருக்கு,tamil,voice_transcription_error,thrips_mites,train
entha maasam thennai podalaam,entha maasaam thennai podalaam,tanglish,spelling_error,sowing_time,train
entha maasam thennai podalaam,entha maasam thennai podalam,tanglish,phonetic,sowing_time,train
entha maasam thennai podalaam,entha maasam thennaipodalaam,tanglish,voice_transcription_error,sowing_time,train
vaazhai seed treatment,vaazhai seed treatmment,tanglish,spelling_error,seed_treatment,train
vaazhai seed treatment,vazhai seed treatment,tanglish,phonetic,seed_treatment,train
vaazhai seed treatment,vaalaiseed treatment,tanglish,voice_transcription_error,seed_treatment,train
vengayam mite attack,vengayam mite attuck,tanglish,spelling_error,thrips_mites,train
vengayam mite attack,vengayam mite atack,tanglish,phonetic,thrips_mites,train
vengayam mite attack,vengayam miteattack,tanglish,voice_transcription_error,thrips_mites,train
மக்காச்சோளம் இலை நுனியில இருந்து காயுது,மககாச்சோளம் இலை நுனியில இருந்து காயுது,tamil,spelling_error,leaf_blight,train
தக்காளி தண்ணி பாய்ச்சும் முறை,தக்காளி தண்ணி பாய்ச்சும முறை,tamil,spelling_error,irrigation,train
தக்காளி தண்ணி பாய்ச்சும் முறை,தக்காளி தன்ணி பாய்ச்சும் முறை,tamil,voice_transcription_error,irrigation,train
varatchi la katharikai epdi kaapathuradhu,varachi la katharikai epdi kaapathuradhu,tanglish,spelling_error,drought,train
varatchi la katharikai epdi kaapathuradhu,varatchi la katharikai yepdi kaapathuradhu,tanglish,phonetic,drought,train
varatchi la katharikai epdi kaapathuradhu,varatchi la katharikaiepdi kaapathuradu,tanglish,voice_transcription_error,drought,train
kathiri nalla vilai ku enga vikkalaam,kathiri nalla vilai ku ena vikkalaam,tanglish,spelling_error,market_price,train
kathiri nalla vilai ku enga vikkalaam,kathiri nala vilai ku enga vikkalaam,tanglish,phonetic,market_price,train
kathiri nalla vilai ku enga vikkalaam,kathiri nalla vilai kuenga vikkalaam,tanglish,voice_transcription_error,market_price,train
chemical illama murungakai podalaama,chemical illaam murungakai podalaama,tanglish,spelling_error,organic_farming,train
chemical illama murungakai podalaama,chemical illama murunga kaai podalaama,tanglish,phonetic,organic_farming,train
chemical illama murungakai podalaama,chemical illamamurungakai podalaama,tanglish,voice_transcription_error,organic_farming,train
nel stem borer attack,nel stem barer attack,tanglish,spelling_error,stem_borer,train
nel stem borer attack,nel stem borer atack,tanglish,phonetic,stem_borer,train
nel stem borer attack,nel stem borerattack,tanglish,voice_transcription_error,stem_borer,train
நெல் இலையில பழுப்பு புள்ளி வருது,நெல இலையில பழுப்பு புள்ளி வருது,tamil,spelling_error,leaf_spot,train
நெல் இலையில பழுப்பு புள்ளி வருது,நெல் இலையில பளுப்புபுள்ளி வருது,tamil,voice_transcription_error,leaf_spot,train
vazhai kaai sedi layae azhugudhu,vaazhai kaai sedi layae azhugudhu,tanglish,spelling_error,fruit_rot,train
vazhai kaai sedi layae azhugudhu,vazhai kaai chedi layae azhugudhu,tanglish,phonetic,fruit_rot,train
vazhai kaai sedi layae azhugudhu,valaikaai sedi layae alugudu,tanglish,voice_transcription_error,fruit_rot,train
manjal stem borer attack,manjal sem borer attack,tanglish,spelling_error,stem_borer,train
manjal stem borer attack,manjal stem borer atack,tanglish,phonetic,stem_borer,train
manjal stem borer attack,manjal stemborer attack,tanglish,voice_transcription_error,stem_borer,train
holes in chilli fruits with worms,hoels in chilli fruits with worms,english,spelling_error,fruit_borer,train
uram na enna,uram na ennna,tanglish,spelling_error,agri_general_info,train
uram na enna,oram na enna,tanglish,phonetic,agri_general_info,train
uram na enna,uram naenna,tanglish,voice_transcription_error,agri_general_info,train
tomato sedi ver karuppa iruku,tomato sedi ver karupa iruku,tanglish,spelling_error,root_rot,train
tomato sedi ver karuppa iruku,tomato sedi ver karuppa irukudhu,tanglish,phonetic,root_rot,train
tomato sedi ver karuppa iruku,tomato sediver karuppa iruku,tanglish,voice_transcription_error,root_rot,train
துத்தநாகக் குறைபாடு,துத்தநாகக் குரைபாடு,tamil,spelling_error,micronutrient_deficiency,train
sugarcane growth slow and light green colour,sugarcane growth solw and light green colour,english,spelling_error,nitrogen_deficiency,train
thennai pazham azhugal,thennai paham azhugal,tanglish,spelling_error,fruit_rot,train
thennai pazham azhugal,tennai pazham azhugal,tanglish,phonetic,fruit_rot,train
thennai pazham azhugal,thennai palamalugal,tanglish,voice_transcription_error,fruit_rot,train
வாழை செடி திடீர்னு வாடுது,வாளை செடி திடீர்னு வாடுது,tamil,spelling_error,wilting,train
பாசிப்பயறு அறுவடைக்கு தயாரானத எப்படி தெரியும்,பாசிப்பயரு அறுவடைக்கு தயாரானத எப்படி தெரியும்,tamil,spelling_error,harvesting,train
பாசிப்பயறு அறுவடைக்கு தயாரானத எப்படி தெரியும்,பாசிப்பயரு அறுவடைக்கு தயாரானத எப்படிதெரியும்,tamil,voice_transcription_error,harvesting,train
pic anupuren check pannunga,pic anupuren chcek pannunga,tanglish,spelling_error,image_upload_help,train
pic anupuren check pannunga,pic anupurencheck pannunga,tanglish,voice_transcription_error,image_upload_help,train
சேமிச்ச நிலக்கடலை ல பூச்சி,சேமிச்ச னிலக்கடலை ல பூச்சி,tamil,spelling_error,post_harvest_storage,train
சேமிச்ச நிலக்கடலை ல பூச்சி,சேமிச்ச னிலக்கடலை லபூச்சி,tamil,voice_transcription_error,post_harvest_storage,train
மழைக்கு அப்புறம் வாழை சாஞ்சிடுச்சு,மழைககு அப்புறம் வாழை சாஞ்சிடுச்சு,tamil,spelling_error,rain_damage,train
உளுந்து இலைச்சுருள் நோய்க்கு மருந்து என்ன,உளுநது இலைச்சுருள் நோய்க்கு மருந்து என்ன,tamil,spelling_error,leaf_curl,train
உளுந்து இலைச்சுருள் நோய்க்கு மருந்து என்ன,உளுந்து இளைச்சுருள் நோய்க்குமருந்து என்ன,tamil,voice_transcription_error,leaf_curl,train
sedi adi paguthi azhugudhu,sedi adi paguthi azhuguudhu,tanglish,spelling_error,root_rot,train
sedi adi paguthi azhugudhu,sedi adi paguthi alugudhu,tanglish,phonetic,root_rot,train
sedi adi paguthi azhugudhu,sedi adipaguthi alugudu,tanglish,voice_transcription_error,root_rot,train
mazhai illama katharikai kaayudhu,mzahai illama katharikai kaayudhu,tanglish,spelling_error,drought,train
mazhai illama katharikai kaayudhu,mazhai illama katharikai kaayudu,tanglish,phonetic,drought,train
mazhai illama katharikai kaayudhu,malaiillama katharikai kaayudu,tanglish,voice_transcription_error,drought,train
small green insects on tender shoots of banana,small green inssects on tender shoots of banana,english,spelling_error,aphids,train
small green insects on tender shoots of banana,small green insex on tender shoots of banana,english,voice_transcription_error,aphids,train
கோடையில தென்னை இலை கருகுது,கோடையில தெனனை இலை கருகுது,tamil,spelling_error,heat_stress,train
கோடையில தென்னை இலை கருகுது,கோடையிள தென்னை இலை கருகுது,tamil,voice_transcription_error,heat_stress,train
உளுந்து வெள்ளை ஈ தொல்லை,உளுந்து வெள்ளை ஈ தொள்லை,tamil,spelling_error,whitefly,train
உளுந்து வெள்ளை ஈ தொல்லை,உளுன்துவெள்ளை ஈ தொல்லை,tamil,voice_transcription_error,whitefly,train
why is chilli price low,why is chilli prace low,english,spelling_error,market_price,train
ulundhu thanni paaichal schedule,ulunhu thanni paaichal schedule,tanglish,spelling_error,irrigation,train
ulundhu thanni paaichal schedule,ulundhu tanni paaichal schedule,tanglish,phonetic,irrigation,train
ulundhu thanni paaichal schedule,ulundu thanni paaichalschedule,tanglish,voice_transcription_error,irrigation,train
தக்காளி செடி திடீர்னு வாடுது,தக்காளி செடிதிடீர்னு வாடுது,tamil,voice_transcription_error,wilting,train
poor root growth in banana,poor root growh in banana,english,spelling_error,phosphorus_deficiency,train
mazhai illama coconut kaayudhu,mazai illama coconut kaayudhu,tanglish,spelling_error,drought,train
mazhai illama coconut kaayudhu,mala illama coconut kaayudhu,tanglish,phonetic,drought,train
mazhai illama coconut kaayudhu,malaiillama coconut kaayudu,tanglish,voice_transcription_error,drought,train
makkacholam la manjal ilai romba iruku,makkacholam la manjal iai romba iruku,tanglish,spelling_error,yellow_leaf,train
makkacholam la manjal ilai romba iruku,makkacholam la manjal ilai romba irukku,tanglish,phonetic,yellow_leaf,train
makkacholam la manjal ilai romba iruku,makkacholamla manjal ilai romba iruku,tanglish,voice_transcription_error,yellow_leaf,train
heavy rain flooded my drumstick field,heavy rain floodd my drumstick field,english,spelling_error,rain_damage,train
kisan 2000 varala,kisan2000 varala,tanglish,voice_transcription_error,pm_kisan,train
cotton mite attack,cottno mite attack,tanglish,spelling_error,thrips_mites,train
cotton mite attack,cotton mite atack,tanglish,phonetic,thrips_mites,train
cotton mite attack,cottonmite attack,tanglish,voice_transcription_error,thrips_mites,train
நெல் தண்டு துளைப்பான் தாக்குதல்,நெல் தண்டு துளைபபான் தாக்குதல்,tamil,spelling_error,stem_borer,train
நெல் தண்டு துளைப்பான் தாக்குதல்,னெல் தன்டு துளைப்பான்தாக்குதல்,tamil,voice_transcription_error,stem_borer,train
paruththi ilai adila vellai ee,paruththi ilai adila velai ee,tanglish,spelling_error,whitefly,train
paruththi ilai adila vellai ee,paruththi ilai adila vellai ie,tanglish,phonetic,whitefly,train
paruththi ilai adila vellai ee,paruththi ilai adila vellaiee,tanglish,voice_transcription_error,whitefly,train
paruthi keezh ilai ellam manjal,paruthi keezh ilai ellam menjal,tanglish,spelling_error,yellow_leaf,train
paruthi keezh ilai ellam manjal,paruthi keezh ilai ellam manjel,tanglish,phonetic,yellow_leaf,train
paruthi keezh ilai ellam manjal,paruthikeel ilai ellam manjal,tanglish,voice_transcription_error,yellow_leaf,train
nellu nadu kuruthu kaayudhu,nellu nadu kurthu kaayudhu,tanglish,spelling_error,stem_borer,train
nellu nadu kuruthu kaayudhu,nellu nadu kuruthu kaayudu,tanglish,phonetic,stem_borer,train
nellu nadu kuruthu kaayudhu,nellu nadukuruthu kaayudu,tanglish,voice_transcription_error,stem_borer,train
chinna vengayam keezh ilai ellam manjal,chinna vengiyam keezh ilai ellam manjal,tanglish,spelling_error,yellow_leaf,train
chinna vengayam keezh ilai ellam manjal,chinna vengayam keezh ilai ellam manjel,tanglish,phonetic,yellow_leaf,train
chinna vengayam keezh ilai ellam manjal,chinna vengayam keelilai ellam manjal,tanglish,voice_transcription_error,yellow_leaf,train
drought affecting brinjal,drouught affecting brinjal,english,spelling_error,drought,train
drought affecting brinjal,drought affecting brinjol,english,voice_transcription_error,drought,train
paddy price,pdady price,tanglish,spelling_error,market_price,train
heat naala karimbu affect,heat nala karimbu affect,tanglish,spelling_error,heat_stress,train
heat naala karimbu affect,heatnaala karimbu affect,tanglish,voice_transcription_error,heat_stress,train
தக்காளி இலை ஓரம் கருகுது,தக்காளி இலை ஓரம கருகுது,tamil,spelling_error,leaf_blight,train
தக்காளி இலை ஓரம் கருகுது,தக்காளி இளை ஓரம் கருகுது,tamil,voice_transcription_error,leaf_blight,train
hello sir,heello sir,tanglish,spelling_error,greeting,train
hello sir,hello saar,tanglish,phonetic,greeting,train
summer la karumbu ilai karugudhu,summer la karumbu ilai karuguhu,tanglish,spelling_error,heat_stress,train
summer la karumbu ilai karugudhu,summer la karumbu elai karugudhu,tanglish,phonetic,heat_stress,train
summer la karumbu ilai karugudhu,summer la karumbu ilaikarugudu,tanglish,voice_transcription_error,heat_stress,train
தமிழ்நாடு வேளாண் திட்டங்கள்,தமிழ்நாடு வேளான் திட்டங்கள்,tamil,spelling_error,government_scheme,train
தமிழ்நாடு வேளாண் திட்டங்கள்,தமிள்னாடு வேளாண்திட்டங்கள்,tamil,voice_transcription_error,government_scheme,train
maize uram schedule,maize uam schedule,tanglish,spelling_error,fertilizer,train
maize uram schedule,maize uraam schedule,tanglish,phonetic,fertilizer,train
maize uram schedule,maize uramschedule,tanglish,voice_transcription_error,fertilizer,train
what is fertilizer,what is ferilizer,english,spelling_error,agri_general_info,train
what is fertilizer,what is fertiliser,english,voice_transcription_error,agri_general_info,train
கரும்பு வேர் வளர்ச்சி இல்ல,கரும்பு வேர் வளரச்சி இல்ல,tamil,spelling_error,phosphorus_deficiency,train
கரும்பு வேர் வளர்ச்சி இல்ல,கரும்பு வேர் வளர்ச்சி இள்ல,tamil,voice_transcription_error,phosphorus_deficiency,train
how do I find which disease my coconut has,how do I fid which disease my coconut has,english,spelling_error,crop_disease,train
groundnut thandu weak ah saayudhu,groundnut thandu wiak ah saayudhu,tanglish,spelling_error,potassium_deficiency,train
groundnut thandu weak ah saayudhu,groundnut thandu weak ah saayudh,tanglish,phonetic,potassium_deficiency,train
groundnut thandu weak ah saayudhu,groundnut thandu weakah saayudu,tanglish,voice_transcription_error,potassium_deficiency,train
where to get seed subsidy,where to get seed sbsidy,english,spelling_error,subsidy,train
small round spots on groundnut leaves what to do,small round spots on groundnut leaves wat to do,english,spelling_error,leaf_spot,train
small round spots on groundnut leaves what to do,small round spots on groundnut leafs what to do,english,voice_transcription_error,leaf_spot,train
saambal sathu kuraivu,saambal sathhu kuraivu,tanglish,spelling_error,potassium_deficiency,train
saambal sathu kuraivu,sambal sathu kuraivu,tanglish,phonetic,potassium_deficiency,train
saambal sathu kuraivu,saambal sathukuraivu,tanglish,voice_transcription_error,potassium_deficiency,train
தென்னை தண்டு பலவீனமா சாயுது,தெனனை தண்டு பலவீனமா சாயுது,tamil,spelling_error,potassium_deficiency,train
தென்னை தண்டு பலவீனமா சாயுது,தென்னை தண்டு பளவீனமா சாயுது,tamil,voice_transcription_error,potassium_deficiency,train
aruvadai ku munnadiye kaai azhugudhu,aruvadai ku munnadiye kaai azugudhu,tanglish,spelling_error,fruit_rot,train
aruvadai ku munnadiye kaai azhugudhu,aruvadhai ku munnadiye kaai azhugudhu,tanglish,phonetic,fruit_rot,train
aruvadai ku munnadiye kaai azhugudhu,aruvadai ku munnadiye kaaialugudu,tanglish,voice_transcription_error,fruit_rot,train
chinna vengayam ku thanni save panna vazhi,chinna vengayma ku thanni save panna vazhi,tanglish,spelling_error,water_shortage,train
chinna vengayam ku thanni save panna vazhi,chinna vengyam ku thanni save panna vazhi,tanglish,phonetic,water_shortage,train
chinna vengayam ku thanni save panna vazhi,chinnavengayam ku thanni save panna vali,tanglish,voice_transcription_error,water_shortage,train
pm kisan apply epdi,pm kisan appy epdi,tanglish,spelling_error,pm_kisan,train
pm kisan apply epdi,pm kisan apply eppadi,tanglish,phonetic,pm_kisan,train
pm kisan apply epdi,pm kisanapply epdi,tanglish,voice_transcription_error,pm_kisan,train
varatchi thaangura payir edhu,varatchi thaangura payri edhu,tanglish,spelling_error,drought,train
varatchi thaangura payir edhu,varatchi thaangura payir edu,tanglish,phonetic,drought,train
varatchi thaangura payir edhu,varatchithaangura payir edu,tanglish,voice_transcription_error,drought,train
மழையால பாசிப்பயறு சேதம்,மழையால பாசிப்பயறு சேதம,tamil,spelling_error,rain_damage,train
மழையால பாசிப்பயறு சேதம்,மழையாள பாசிப்பயரு சேதம்,tamil,voice_transcription_error,rain_damage,train
பருத்தி செடியில கருப்பு சின்ன பூச்சி,பருத்தி செடியிள கருப்பு சின்ன பூச்சி,tamil,spelling_error,aphids,train
verkadalai pazhaya ilai oram brown,verkadalai pazhaya iai oram brown,tanglish,spelling_error,potassium_deficiency,train
verkadalai pazhaya ilai oram brown,verkadala pazhaya ilai oram brown,tanglish,phonetic,potassium_deficiency,train
verkadalai pazhaya ilai oram brown,verkadalai palaya ilaioram brown,tanglish,voice_transcription_error,potassium_deficiency,train
சேமிச்ச மிளகாய் ல பூச்சி,சேமிச்ச மிளகாய ல பூச்சி,tamil,spelling_error,post_harvest_storage,train
சேமிச்ச மிளகாய் ல பூச்சி,சேமிச்ச மிளகாய் ள பூச்சி,tamil,voice_transcription_error,post_harvest_storage,train
what schemes are there for farmers,whut schemes are there for farmers,english,spelling_error,government_scheme,train
paruththi pazhaya ilai velir manjal,paruththi pazhaya iai velir manjal,tanglish,spelling_error,nitrogen_deficiency,train
paruththi pazhaya ilai velir manjal,paruththi pazhaya illai velir manjal,tanglish,phonetic,nitrogen_deficiency,train
paruththi pazhaya ilai velir manjal,paruththi palaya ilai velirmanjal,tanglish,voice_transcription_error,nitrogen_deficiency,train
varatchi la thennai epdi kaapathuradhu,varatchi la thennai epdi kaupathuradhu,tanglish,spelling_error,drought,train
varatchi la thennai epdi kaapathuradhu,varachi la thennai epdi kaapathuradhu,tanglish,phonetic,drought,train
varatchi la thennai epdi kaapathuradhu,varatchi la thennai epdikaapathuradu,tanglish,voice_transcription_error,drought,train
தக்காளி அறுவடைக்கு தயாரானத எப்படி தெரியும்,தக்காளி அறுவடைககு தயாரானத எப்படி தெரியும்,tamil,spelling_error,harvesting,train
insects eating my chilli crop,insects eating my chili crop,english,spelling_error,pest_attack,train
insects eating my chilli crop,insex eating my chilli crop,english,voice_transcription_error,pest_attack,train
small green insects on tender shoots of brinjal,small green insects on tender shooots of brinjal,english,spelling_error,aphids,train
small green insects on tender shoots of brinjal,small green insects on tender shoots of brinjol,english,voice_transcription_error,aphids,train
pachai payaru ilai oodha colour,pachai payaru illai oodha colour,tanglish,spelling_error,phosphorus_deficiency,train
pachai payaru ilai oodha colour,pacha payaru ilai oodha colour,tanglish,phonetic,phosphorus_deficiency,train
pachai payaru ilai oodha colour,pachai payaruilai ooda colour,tanglish,voice_transcription_error,phosphorus_deficiency,train
seed treatment with trichoderma,sed treatment with trichoderma,english,spelling_error,seed_treatment,train
natural farming methods,natural farming mtehods,english,spelling_error,organic_farming,train
takkali ilai surundu pogudhu,takkali iali surundu pogudhu,tanglish,spelling_error,leaf_curl,train
takkali ilai surundu pogudhu,takkali illai surundu pogudhu,tanglish,phonetic,leaf_curl,train
takkali ilai surundu pogudhu,takkaliilai surundu pogudu,tanglish,voice_transcription_error,leaf_curl,train
katharikai kuruthu la chinna pachai poochi,katharikai kuruthu la chinna pachai poohci,tanglish,spelling_error,aphids,train
katharikai kuruthu la chinna pachai poochi,katharikai kuruthu la chinna pacha poochi,tanglish,phonetic,aphids,train
katharikai kuruthu la chinna pachai poochi,katharikai kuruthu la chinnapachai poochi,tanglish,voice_transcription_error,aphids,train
turmeric noi ku enna marundhu,turmeric noi ku enna marundu,tanglish,spelling_error,crop_disease,train
turmeric noi ku enna marundhu,turmeric noi ku yenna marundhu,tanglish,phonetic,crop_disease,train
turmeric noi ku enna marundhu,turmeric noi ku ennamarundu,tanglish,voice_transcription_error,crop_disease,train
urad ku organic poochi viratti,urad ku organic poochi vriatti,tanglish,spelling_error,organic_farming,train
urad ku organic poochi viratti,urad ku organic puchi viratti,tanglish,phonetic,organic_farming,train
urad ku organic poochi viratti,urad kuorganic poochi viratti,tanglish,voice_transcription_error,organic_farming,train
manjal nadu kuruthu kaayudhu,manjal nadu kurtuhu kaayudhu,tanglish,spelling_error,stem_borer,train
manjal nadu kuruthu kaayudhu,manjel nadu kuruthu kaayudhu,tanglish,phonetic,stem_borer,train
manjal nadu kuruthu kaayudhu,manjalnadu kuruthu kaayudu,tanglish,voice_transcription_error,stem_borer,train
urad vaadal noi,uraad vaadal noi,tanglish,spelling_error,wilting,train
urad vaadal noi,urad vaadal noy,tanglish,phonetic,wilting,train
urad vaadal noi,urad vaadalnoi,tanglish,voice_transcription_error,wilting,train
sugarcane uram schedule,sugarcane uarm schedule,tanglish,spelling_error,fertilizer,train
sugarcane uram schedule,sugarcane uraam schedule,tanglish,phonetic,fertilizer,train
sugarcane uram schedule,sugarcaneuram schedule,tanglish,voice_transcription_error,fertilizer,train
why are my tomato leaves folding,why are my tomato leaves falding,english,spelling_error,leaf_curl,train
why are my tomato leaves folding,why are my tomato leafs folding,english,voice_transcription_error,leaf_curl,train
cotton vidhai enga vaanganum,cotton vidahi enga vaanganum,tanglish,spelling_error,seed_selection,train
cotton vidhai enga vaanganum,cotton vidhai engae vaanganum,tanglish,phonetic,seed_selection,train
cotton vidhai enga vaanganum,cotton vidaienga vaanganum,tanglish,voice_transcription_error,seed_selection,train
irrigation schedule for coconut,irrigation schedule for coconuut,english,spelling_error,irrigation,train
maize thandu thulaippan,maizze thandu thulaippan,tanglish,spelling_error,stem_borer,train
maize thandu thulaippan,maize thandu tulaippan,tanglish,phonetic,stem_borer,train
maize thandu thulaippan,maizethandu thulaippan,tanglish,voice_transcription_error,stem_borer,train
leaf tips turning brown and dry in maize,leaf tips turning browwn and dry in maize,english,spelling_error,leaf_blight,train
nelu eppo aruvadai,nelu eppo arruvadai,tanglish,spelling_error,harvesting,train
nelu eppo aruvadai,nelu eppo aruvadhai,tanglish,phonetic,harvesting,train
nelu eppo aruvadai,nelueppo aruvadai,tanglish,voice_transcription_error,harvesting,train
கத்தரி இலை சுருண்டு போகுது,கத்தரி இளை சுருண்டு போகுது,tamil,spelling_error,leaf_curl,train
கத்தரி இலை சுருண்டு போகுது,கத்தரிஇளை சுருண்டு போகுது,tamil,voice_transcription_error,leaf_curl,train
chinna vivasayi ku govt help,chinna vivasayi ku govt heelp,tanglish,spelling_error,government_scheme,train
chinna vivasayi ku govt help,chinna vivasaayi ku govt help,tanglish,phonetic,government_scheme,train
chinna vivasayi ku govt help,chinna vivasayi ku govthelp,tanglish,voice_transcription_error,government_scheme,train
நெல் இலை மடிஞ்சு வெள்ளை கோடு இருக்கு,நெல் இலை மடிஞசு வெள்ளை கோடு இருக்கு,tamil,spelling_error,leaf_folder,train
நெல் இலை மடிஞ்சு வெள்ளை கோடு இருக்கு,நெள் இலை மடிஞ்சு வெள்ளை கோடு இருக்கு,tamil,voice_transcription_error,leaf_folder,train
is it the right time to plant banana now,is it the right tie to plant banana now,english,spelling_error,sowing_time,train
brinjal sedi la enna noi nu theriyala,binjal sedi la enna noi nu theriyala,tanglish,spelling_error,crop_disease,train
brinjal sedi la enna noi nu theriyala,brinjal sedi la enna nooi nu theriyala,tanglish,phonetic,crop_disease,train
brinjal sedi la enna noi nu theriyala,brinjal sedi la ennanoi nu theriyala,tanglish,voice_transcription_error,crop_disease,train
trichoderma vachu vidhai nerthi,trichoderma vachu vidhai nerti,tanglish,spelling_error,seed_treatment,train
trichoderma vachu vidhai nerthi,trichoderma vachu vedhai nerthi,tanglish,phonetic,seed_treatment,train
trichoderma vachu vidhai nerthi,trichoderma vachu vidainerthi,tanglish,voice_transcription_error,seed_treatment,train
நிலக்கடலை செடி வேர் கருப்பா இருக்கு,னிலக்கடலை செடி வேர் கருப்பா இருக்கு,tamil,spelling_error,root_rot,train
நிலக்கடலை செடி வேர் கருப்பா இருக்கு,நிலக்கடலை செடிவேர் கருப்பா இருக்கு,tamil,voice_transcription_error,root_rot,train
மிளகாய் இலைப்பேன் தாக்குதல்,மிளகாய் இலைபபேன் தாக்குதல்,tamil,spelling_error,thrips_mites,train
மிளகாய் இலைப்பேன் தாக்குதல்,மிளகாய்இளைப்பேன் தாக்குதல்,tamil,voice_transcription_error,thrips_mites,train
too much heat cotton flowers dropping,too much heat cotton flowers droppong,english,spelling_error,heat_stress,train
what fertilizer should I use for coconut,what fertilizer shuld I use for coconut,english,spelling_error,fertilizer,train
what fertilizer should I use for coconut,what fertiliser should i use for coconut,english,voice_transcription_error,fertilizer,train
katharikai ku best uram,katharikai ku bset uram,tanglish,spelling_error,fertilizer,train
katharikai ku best uram,katharikai ku best oram,tanglish,phonetic,fertilizer,train
katharikai ku best uram,katharikai kubest uram,tanglish,voice_transcription_error,fertilizer,train
thennai ku evlo naal ku oru thadava thanni,thennaai ku evlo naal ku oru thadava thanni,tanglish,spelling_error,irrigation,train
thennai ku evlo naal ku oru thadava thanni,thennai ku evlo naalu ku oru thadava thanni,tanglish,phonetic,irrigation,train
thennai ku evlo naal ku oru thadava thanni,thennai ku evlo naal ku oru thadavathanni,tanglish,voice_transcription_error,irrigation,train
chinna vengayam uram schedule,chinna vengayam uram scheduel,tanglish,spelling_error,fertilizer,train
chinna vengayam uram schedule,chinna vengyam uram schedule,tanglish,phonetic,fertilizer,train
chinna vengayam uram schedule,chinnavengayam uram schedule,tanglish,voice_transcription_error,fertilizer,train
சேமிப்புக்கு முன்னாடி தென்னை எப்படி காய வைக்கணும்,சேமிப்புக்கு முன்னாடி தென்னை எப்படி காய வைக்கனும்,tamil,spelling_error,post_harvest_storage,train
உளுந்து வேர் அழுகுது,உளுந்து வேர் அளுகுது,tamil,spelling_error,root_rot,train
உளுந்து வேர் அழுகுது,உளுந்து வேர்அளுகுது,tamil,voice_transcription_error,root_rot,train
இன்னைக்கு மருந்து தெளிக்கலாமா மழை வருமா,இன்னைக்கு மருநது தெளிக்கலாமா மழை வருமா,tamil,spelling_error,weather,train
இன்னைக்கு மருந்து தெளிக்கலாமா மழை வருமா,இன்னைக்கு மருன்து தெளிக்கலாமா மழை வருமா,tamil,voice_transcription_error,weather,train
karuppu chinna poochi sedi la,karuppu cinna poochi sedi la,tanglish,spelling_error,aphids,train
karuppu chinna poochi sedi la,karuppu chinna pooch sedi la,tanglish,phonetic,aphids,train
karuppu chinna poochi sedi la,karuppu chinnapoochi sedi la,tanglish,voice_transcription_error,aphids,train
solar pump subsidy,solar pump susidy,tanglish,spelling_error,subsidy,train
solar pump subsidy,solar pump sabsidi,tanglish,phonetic,subsidy,train
solar pump subsidy,solar pumpsubsidy,tanglish,voice_transcription_error,subsidy,train
how do I find which disease my tomato has,how do I find which disease my tomto has,english,spelling_error,crop_disease,train
turmeric stems weak and falling,turmeric stems woak and falling,english,spelling_error,potassium_deficiency,train
which month to plant green gram,which month to pant green gram,english,spelling_error,sowing_time,train
mannula organic matter epdi koottradhu,mannula organic matter edi koottradhu,tanglish,spelling_error,soil_health,train
mannula organic matter epdi koottradhu,mannula organic matter epadi koottradhu,tanglish,phonetic,soil_health,train
mannula organic matter epdi koottradhu,mannula organic matterepdi koottradu,tanglish,voice_transcription_error,soil_health,train
வாழை பழ அழுகல் நோய்,வாளை பழ அழுகல் நோய்,tamil,spelling_error,fruit_rot,train
வாழை பழ அழுகல் நோய்,வாழைபழ அழுகல் னோய்,tamil,voice_transcription_error,fruit_rot,train
தெளிப்பு நீர் பாசனமா சொட்டு நீரா,தெளிப்பு நீர் பாசனமா சொடடு நீரா,tamil,spelling_error,drip_irrigation,train
தெளிப்பு நீர் பாசனமா சொட்டு நீரா,தெளிப்பு நீர் பாசனமாசொட்டு நீரா,tamil,voice_transcription_error,drip_irrigation,train
insects in stored brinjal,innsects in stored brinjal,english,spelling_error,post_harvest_storage,train
insects in stored brinjal,insex in stored brinjal,english,voice_transcription_error,post_harvest_storage,train
எந்த முருங்கை ரகம் நல்லது,எந்த முருங்கை ரகம் நள்லது,tamil,spelling_error,seed_selection,train
which power tiller is good for a small farm,which power tilller is good for a small farm,english,spelling_error,farm_machinery,train
how to store green gram without damage,how to store green gram withouut damage,english,spelling_error,post_harvest_storage,train
sottu neer paasanam cholam ku,soottu neer paasanam cholam ku,tanglish,spelling_error,drip_irrigation,train
sottu neer paasanam cholam ku,sottu neer paasanam solam ku,tanglish,phonetic,drip_irrigation,train
sottu neer paasanam cholam ku,sottu neerpaasanam cholam ku,tanglish,voice_transcription_error,drip_irrigation,train
banana fruits rotting on the plant,banana fruits rotting on the pllant,english,spelling_error,fruit_rot,train
cotton kuruthu la chinna pachai poochi,cotton kuruthu la chhinna pachai poochi,tanglish,spelling_error,aphids,train
cotton kuruthu la chinna pachai poochi,cotton kuruthu la chinna pacha poochi,tanglish,phonetic,aphids,train
cotton kuruthu la chinna pachai poochi,cottonkuruthu la chinna pachai poochi,tanglish,voice_transcription_error,aphids,train
nelu ver valarchi illa,nelu ver valarchi ila,tanglish,spelling_error,phosphorus_deficiency,train
nelu ver valarchi illa,nelu vervalarchi illa,tanglish,voice_transcription_error,phosphorus_deficiency,train
high temperature affecting black gram,high temperature affecting black gam,english,spelling_error,heat_stress,train
vanakkam,vanakam,tanglish,phonetic,greeting,train
varatchi la pachai payaru epdi kaapathuradhu,varatchi la pachai payaru epdi kaapathruadhu,tanglish,spelling_error,drought,train
varatchi la pachai payaru epdi kaapathuradhu,varatchi la pacha payaru epdi kaapathuradhu,tanglish,phonetic,drought,train
varatchi la pachai payaru epdi kaapathuradhu,varatchila pachai payaru epdi kaapathuradu,tanglish,voice_transcription_error,drought,train
ilai erinja maadhiri iruku,ilai errinja maadhiri iruku,tanglish,spelling_error,leaf_blight,train
ilai erinja maadhiri iruku,illai erinja maadhiri iruku,tanglish,phonetic,leaf_blight,train
ilai erinja maadhiri iruku,ilaierinja maadiri iruku,tanglish,voice_transcription_error,leaf_blight,train
vidhai maaniyam enga,vidhai maaniyam ennga,tanglish,spelling_error,subsidy,train
vidhai maaniyam enga,vidhai maaniyam engae,tanglish,phonetic,subsidy,train
vidhai maaniyam enga,vidai maaniyamenga,tanglish,voice_transcription_error,subsidy,train
mites on chilli leaves,mites on chlili leaves,english,spelling_error,thrips_mites,train
mites on chilli leaves,mites on chilli leafs,english,voice_transcription_error,thrips_mites,train
வெப்பத்தால கத்தரி பாதிப்பு,வெப்பத்தாள கத்தரி பாதிப்பு,tamil,spelling_error,heat_stress,train
nelu sedi la enna noi nu theriyala,nelu seid la enna noi nu theriyala,tanglish,spelling_error,crop_disease,train
nelu sedi la enna noi nu theriyala,nelu chedi la enna noi nu theriyala,tanglish,phonetic,crop_disease,train
nelu sedi la enna noi nu theriyala,nelu sedi la enna noi nutheriyala,tanglish,voice_transcription_error,crop_disease,train
borer inside turmeric stem,borer inside turmeroc stem,english,spelling_error,stem_borer,train
borer inside turmeric stem,border inside turmeric stem,english,voice_transcription_error,stem_borer,train
which month to plant turmeric,which moth to plant turmeric,english,spelling_error,sowing_time,train
ulundhu poda best season,ulundhu pda best season,tanglish,spelling_error,sowing_time,train
ulundhu poda best season,ulundu poda best season,tanglish,phonetic,sowing_time,train
ulundhu poda best season,ulundu podabest season,tanglish,voice_transcription_error,sowing_time,train
சின்ன வெங்காயம் இலை நுனியில இருந்து காயுது,சின்ன வெங்காயம் இளை நுனியில இருந்து காயுது,tamil,spelling_error,leaf_blight,train
vengayam ilai oram karugudhu,vengayam ilai orm karugudhu,tanglish,spelling_error,leaf_blight,train
vengayam ilai oram karugudhu,vengayam ela oram karugudhu,tanglish,phonetic,leaf_blight,train
vengayam ilai oram karugudhu,vengayam ilai oramkarugudu,tanglish,voice_transcription_error,leaf_blight,train
நெல் இரும்புச்சத்து குறைபாடு,நெல் இரும்புச்சத்து குரைபாடு,tamil,spelling_error,micronutrient_deficiency,train
நெல் இரும்புச்சத்து குறைபாடு,னெல்இரும்புச்சத்து குரைபாடு,tamil,voice_transcription_error,micronutrient_deficiency,train
pmfby premium evlo,pmby premium evlo,tanglish,spelling_error,crop_insurance,train
pmfby premium evlo,pmfby premium evalo,tanglish,phonetic,crop_insurance,train
pmfby premium evlo,pmfbypremium evlo,tanglish,voice_transcription_error,crop_insurance,train
leaf curl problem in cotton,leaaf curl problem in cotton,english,spelling_error,leaf_curl,train
tomato fruits rotting on the plant,tomato fruits rottnig on the plant,english,spelling_error,fruit_rot,train
mazhai illama sugarcane kaayudhu,mazhai illama sugarcane kaauydhu,tanglish,spelling_error,drought,train
mazhai illama sugarcane kaayudhu,mazhai illama sugarcane kayudhu,tanglish,phonetic,drought,train
mazhai illama sugarcane kaayudhu,malai illamasugarcane kaayudu,tanglish,voice_transcription_error,drought,train
nalla manjal vidhai enga kidaikum,nalla manjl vidhai enga kidaikum,tanglish,spelling_error,seed_selection,train
nalla manjal vidhai enga kidaikum,nalla manjal vidai enga kidaikum,tanglish,phonetic,seed_selection,train
nalla manjal vidhai enga kidaikum,nalla manjal vidai engakidaikum,tanglish,voice_transcription_error,seed_selection,train
முருங்கை நல்ல விளைச்சலுக்கு என்ன உரம்,முருங்கை னல்ல விளைச்சலுக்கு என்ன உரம்,tamil,spelling_error,fertilizer,train
முருங்கை நல்ல விளைச்சலுக்கு என்ன உரம்,முருங்கை நள்ல விளைச்சலுக்கு என்ன உரம்,tamil,voice_transcription_error,fertilizer,train
தக்காளி நல்ல விளைச்சலுக்கு என்ன உரம்,தக்காளி நல்ல விளைசசலுக்கு என்ன உரம்,tamil,spelling_error,fertilizer,train
தக்காளி நல்ல விளைச்சலுக்கு என்ன உரம்,தக்காளி நள்ல விளைச்சலுக்கு என்ன உரம்,tamil,voice_transcription_error,fertilizer,train
சேமிப்புக்கு முன்னாடி உளுந்து எப்படி காய வைக்கணும்,சேமிப்புக்கு முனனாடி உளுந்து எப்படி காய வைக்கணும்,tamil,spelling_error,post_harvest_storage,train
rain damaged my moringa what to do now,rain damgaed my moringa what to do now,english,spelling_error,rain_damage,train
best season for maize in tamil nadu,best seasn for maize in tamil nadu,english,spelling_error,sowing_time,train
pmfby premium for green gram,pfmby premium for green gram,english,spelling_error,crop_insurance,train
fruit rot in coconut,fuit rot in coconut,english,spelling_error,fruit_rot,train
கரும்பு விலை ஏன் குறைஞ்சிருக்கு,கரும்பு விலை ஏன் குறைஞசிருக்கு,tamil,spelling_error,market_price,train
கரும்பு விலை ஏன் குறைஞ்சிருக்கு,கரும்பு விளை ஏன்குரைஞ்சிருக்கு,tamil,voice_transcription_error,market_price,train
best time for top dressing in tomato,best time for top dresing in tomato,english,spelling_error,fertilizer_timing,train
நெல் இலை சுரண்டப்பட்டிருக்கு,நெல் இலை சுரணடப்பட்டிருக்கு,tamil,spelling_error,leaf_folder,train
நெல் இலை சுரண்டப்பட்டிருக்கு,நெள் இலை சுரண்டப்பட்டிருக்கு,tamil,voice_transcription_error,leaf_folder,train
uluntu keezh ilai ellam manjal,uluntu keeezh ilai ellam manjal,tanglish,spelling_error,yellow_leaf,train
uluntu keezh ilai ellam manjal,uluntu keezh illai ellam manjal,tanglish,phonetic,yellow_leaf,train
uluntu keezh ilai ellam manjal,uluntu keel ilaiellam manjal,tanglish,voice_transcription_error,yellow_leaf,train
how to dry tomato before storage,how to dry tomato before stroage,english,spelling_error,post_harvest_storage,train
"உளுந்து பழைய இலை வெளிர் மஞ்சள், வளர்ச்சி இல்ல","உளுந்து பழைய இலை வெளிர் மஞ்சள், வளரச்சி இல்ல",tamil,spelling_error,nitrogen_deficiency,train
"உளுந்து பழைய இலை வெளிர் மஞ்சள், வளர்ச்சி இல்ல",உளுன்து பழைய இலை வெளிர் மஞ்சள் வளர்ச்சி இல்ல,tamil,voice_transcription_error,nitrogen_deficiency,train
இலை மஞ்சள் நிறமா மாறுது என்ன காரணம்,இலை மஞசள் நிறமா மாறுது என்ன காரணம்,tamil,spelling_error,yellow_leaf,train
இலை மஞ்சள் நிறமா மாறுது என்ன காரணம்,இலைமஞ்சள் னிறமா மாறுது என்ன காரணம்,tamil,voice_transcription_error,yellow_leaf,train
dead heart in paddy,dead heart in pady,english,spelling_error,stem_borer,train
dead heart in paddy,dead heart in party,english,voice_transcription_error,stem_borer,train
murungai ready ah nu epdi therinjukradhu,murungai ready ah nu epdi therinjkradhu,tanglish,spelling_error,harvesting,train
murungai ready ah nu epdi therinjukradhu,murunga ready ah nu epdi therinjukradhu,tanglish,phonetic,harvesting,train
murungai ready ah nu epdi therinjukradhu,murungaiready ah nu epdi therinjukradu,tanglish,voice_transcription_error,harvesting,train
drip system cost for 1 acre,drip system cost for 1 acrre,english,spelling_error,drip_irrigation,train
drip system cost for 1 acre,trip system cost for 1 acre,english,voice_transcription_error,drip_irrigation,train
periya mazhai la turmeric vayal moozhgiruchu,periya mazhai la turmeric vayal moozhgiruhcu,tanglish,spelling_error,rain_damage,train
periya mazhai la turmeric vayal moozhgiruchu,periya mala la turmeric vayal moozhgiruchu,tanglish,phonetic,rain_damage,train
periya mazhai la turmeric vayal moozhgiruchu,periyamalai la turmeric vayal moolgiruchu,tanglish,voice_transcription_error,rain_damage,train
தென்னை சேமிச்சு வைக்கிறது எப்படி,தென்னை சேமிச்சு வைககிறது எப்படி,tamil,spelling_error,post_harvest_storage,train
தென்னை சேமிச்சு வைக்கிறது எப்படி,தென்னை சேமிச்சு வைக்கிரது எப்படி,tamil,voice_transcription_error,post_harvest_storage,train
இலை ஒட்டிக்கிட்டு எறும்பு வருது,இலை ஒட்டிக்கிட்டு எரும்பு வருது,tamil,spelling_error,aphids,train
நிலக்கடலை வேர் அழுகுது,னிலக்கடலை வேர் அழுகுது,tamil,spelling_error,root_rot,train
நிலக்கடலை வேர் அழுகுது,நிலக்கடலைவேர் அழுகுது,tamil,voice_transcription_error,root_rot,train
தண்ணி விட்டும் உளுந்து வாடுது,தண்ணி விடடும் உளுந்து வாடுது,tamil,spelling_error,wilting,train
தண்ணி விட்டும் உளுந்து வாடுது,தண்ணி விட்டும் உளுன்துவாடுது,tamil,voice_transcription_error,wilting,train
moong sedi la enna noi nu theriyala,moong sedi la ena noi nu theriyala,tanglish,spelling_error,crop_disease,train
moong sedi la enna noi nu theriyala,moong chedi la enna noi nu theriyala,tanglish,phonetic,crop_disease,train
moong sedi la enna noi nu theriyala,moong sedi la ennanoi nu theriyala,tanglish,voice_transcription_error,crop_disease,train
makkacholam ku micronutrient venuma,makkcholam ku micronutrient venuma,tanglish,spelling_error,micronutrient_deficiency,train
makkacholam ku micronutrient venuma,makka cholam ku micronutrient venuma,tanglish,phonetic,micronutrient_deficiency,train
makkacholam ku micronutrient venuma,makkacholam kumicronutrient venuma,tanglish,voice_transcription_error,micronutrient_deficiency,train
ulundhu sedi ya poochi thinnudhu,ulundhu sedi ya poohi thinnudhu,tanglish,spelling_error,pest_attack,train
ulundhu sedi ya poochi thinnudhu,uluntu sedi ya poochi thinnudhu,tanglish,phonetic,pest_attack,train
ulundhu sedi ya poochi thinnudhu,ulundusedi ya poochi thinnudu,tanglish,voice_transcription_error,pest_attack,train
nel ilai madinju vellai kodu,nel ilai madinju velai kodu,tanglish,spelling_error,leaf_folder,train
nel ilai madinju vellai kodu,nellu ilai madinju vellai kodu,tanglish,phonetic,leaf_folder,train
nel ilai madinju vellai kodu,nel ilai madinjuvellai kodu,tanglish,voice_transcription_error,leaf_folder,train
brinjal leaves curling upwards,brinjal leaves curling upwerds,english,spelling_error,leaf_curl,train
brinjal leaves curling upwards,brinjol leaves curling upwards,english,voice_transcription_error,leaf_curl,train
caterpillar eating brinjal fruits,caterpillar eating brinjal fruitts,english,spelling_error,fruit_borer,train
caterpillar eating brinjal fruits,caterpillar eating brinjol fruits,english,voice_transcription_error,fruit_borer,train
milagai kaai thulachirukku,milagai kaai thulaachirukku,tanglish,spelling_error,fruit_borer,train
milagai kaai thulachirukku,milagai kai thulachirukku,tanglish,phonetic,fruit_borer,train
milagai kaai thulachirukku,milagai kaaithulachirukku,tanglish,voice_transcription_error,fruit_borer,train
aruvadai ku correct time,aruvaai ku correct time,tanglish,spelling_error,harvesting,train
aruvadai ku correct time,aruvadhai ku correct time,tanglish,phonetic,harvesting,train
aruvadai ku correct time,aruvadai kucorrect time,tanglish,voice_transcription_error,harvesting,train
வணக்கம்,வணககம்,tamil,spelling_error,greeting,train
vanakkam bot,vankkam bot,tanglish,spelling_error,greeting,train
vanakkam bot,vanakam bot,tanglish,phonetic,greeting,train
brinjal ku thanni evlo venum,brinjal ku thani evlo venum,tanglish,phonetic,irrigation,validation
brinjal ku thanni evlo venum,brinjal ku thanni evlovenum,tanglish,voice_transcription_error,irrigation,validation
no rain for weeks my cotton is drying,no rain for weeeks my cotton is drying,english,spelling_error,drought,validation
drip ku maaniyam,dip ku maaniyam,tanglish,spelling_error,subsidy,validation
drip ku maaniyam,dripp ku maaniyam,tanglish,phonetic,subsidy,validation
drip ku maaniyam,drip kumaaniyam,tanglish,voice_transcription_error,subsidy,validation
takkali blight vandhuruchu,takkali blight vandhuruchhu,tanglish,spelling_error,leaf_blight,validation
takkali blight vandhuruchu,takkali blight vanthuruchu,tanglish,phonetic,leaf_blight,validation
takkali blight vandhuruchu,takkali blightvanduruchu,tanglish,voice_transcription_error,leaf_blight,validation
அதிக வெயில்ல மஞ்சள் பூ உதிருது,அதிக வெயிள்ல மஞ்சள் பூ உதிருது,tamil,spelling_error,heat_stress,validation
அதிக வெயில்ல மஞ்சள் பூ உதிருது,அதிக வெயிள்ல மஞ்சள்பூ உதிருது,tamil,voice_transcription_error,heat_stress,validation
vaazhai evlo naal vachukalaam,vaazhai evvlo naal vachukalaam,tanglish,spelling_error,post_harvest_storage,validation
vaazhai evlo naal vachukalaam,vaazhai evalo naal vachukalaam,tanglish,phonetic,post_harvest_storage,validation
vaazhai evlo naal vachukalaam,vaalaievlo naal vachukalaam,tanglish,voice_transcription_error,post_harvest_storage,validation
how to know tomato is ready for harvest,how to kow tomato is ready for harvest,english,spelling_error,harvesting,validation
how to know tomato is ready for harvest,how to know tomato is ready for harvist,english,voice_transcription_error,harvesting,validation
mazhai ku munnadi uram podalaama,mezhai ku munnadi uram podalaama,tanglish,spelling_error,fertilizer_timing,validation
mazhai ku munnadi uram podalaama,malai ku munnadi uram podalaama,tanglish,phonetic,fertilizer_timing,validation
mazhai ku munnadi uram podalaama,malai ku munnadi urampodalaama,tanglish,voice_transcription_error,fertilizer_timing,validation
மண் கார அமில நிலை அதிகம்,மன் கார அமில நிலை அதிகம்,tamil,spelling_error,soil_ph,validation
மண் கார அமில நிலை அதிகம்,மன் கார அமிள நிலை அதிகம்,tamil,voice_transcription_error,soil_ph,validation
organic certificate epdi vaangradhu,organic certificate epid vaangradhu,tanglish,spelling_error,organic_farming,validation
organic certificate epdi vaangradhu,organic certificate yepdi vaangradhu,tanglish,phonetic,organic_farming,validation
organic certificate epdi vaangradhu,organiccertificate epdi vaangradu,tanglish,voice_transcription_error,organic_farming,validation
aphids on moong,aphids on miong,english,spelling_error,aphids,validation
rice leaf edges burning brown,rice lefa edges burning brown,english,spelling_error,potassium_deficiency,validation
rice leaf edges burning brown,rise leaf edges burning brown,english,voice_transcription_error,potassium_deficiency,validation
drip pipe adaikudhu,drip pipe adaaikudhu,tanglish,spelling_error,drip_irrigation,validation
drip pipe adaikudhu,dripp pipe adaikudhu,tanglish,phonetic,drip_irrigation,validation
drip pipe adaikudhu,drippipe adaikudu,tanglish,voice_transcription_error,drip_irrigation,validation
root rot in tomato how to control,rooot rot in tomato how to control,english,spelling_error,root_rot,validation
தக்காளி காய்ப்புழு தாக்குதல்,தக்காளி காய்ப்புழு தாக்குதள்,tamil,spelling_error,fruit_borer,validation
தக்காளி காய்ப்புழு தாக்குதல்,தக்காளி காய்ப்புழுதாக்குதல்,tamil,voice_transcription_error,fruit_borer,validation
இலையில கருப்பு புள்ளிகள் இருக்கு,இலையில கருப்பு புள்ளிகள் இருககு,tamil,spelling_error,leaf_spot,validation
இலையில கருப்பு புள்ளிகள் இருக்கு,இலையிலகருப்பு புள்ளிகள் இருக்கு,tamil,voice_transcription_error,leaf_spot,validation
phosphorus deficiency in small onion,phosphorus deficiency in sall onion,english,spelling_error,phosphorus_deficiency,validation
அதிக வெயில்ல நெல் பூ உதிருது,அதிக வெயிள்ல நெல் பூ உதிருது,tamil,spelling_error,heat_stress,validation
அதிக வெயில்ல நெல் பூ உதிருது,அதிகவெயிள்ல நெல் பூ உதிருது,tamil,voice_transcription_error,heat_stress,validation
தென்னை இலைப்புள்ளி நோய்க்கு என்ன செய்யலாம்,தென்னை இலைப்புள்ளி நோயக்கு என்ன செய்யலாம்,tamil,spelling_error,leaf_spot,validation
தென்னை இலைப்புள்ளி நோய்க்கு என்ன செய்யலாம்,தென்னை இலைப்புள்ளி னோய்க்கு என்னசெய்யலாம்,tamil,voice_transcription_error,leaf_spot,validation
indha vaaram mazhai varuma,indha vaaaram mazhai varuma,tanglish,spelling_error,weather,validation
indha vaaram mazhai varuma,indha varam mazhai varuma,tanglish,phonetic,weather,validation
indha vaaram mazhai varuma,inda vaaram malaivaruma,tanglish,voice_transcription_error,weather,validation
nitrogen deficiency in moringa,niitrogen deficiency in moringa,english,spelling_error,nitrogen_deficiency,validation
manjal vilai yen kammi,manjjal vilai yen kammi,tanglish,spelling_error,market_price,validation
manjal vilai yen kammi,manjel vilai yen kammi,tanglish,phonetic,market_price,validation
manjal vilai yen kammi,manjal vilaiyen kammi,tanglish,voice_transcription_error,market_price,validation
tomato leaves are crinkled and small,tmato leaves are crinkled and small,english,spelling_error,leaf_curl,validation
tomato leaves are crinkled and small,tomato leafs are crinkled and small,english,voice_transcription_error,leaf_curl,validation
karumbu ku thanni evlo venum,karumbu ku thanni evlo venmu,tanglish,spelling_error,irrigation,validation
karumbu ku thanni evlo venum,karumbu ku thani evlo venum,tanglish,phonetic,irrigation,validation
karumbu ku thanni evlo venum,karumbuku thanni evlo venum,tanglish,voice_transcription_error,irrigation,validation
root rot in groundnut how to control,rot rot in groundnut how to control,english,spelling_error,root_rot,validation
store panna karimbu la poochi,stere panna karimbu la poochi,tanglish,spelling_error,post_harvest_storage,validation
store panna karimbu la poochi,store panna karimbu la puchi,tanglish,phonetic,post_harvest_storage,validation
store panna karimbu la poochi,storepanna karimbu la poochi,tanglish,voice_transcription_error,post_harvest_storage,validation
drumstick crop fell down after rain,drumstick crop fell doown after rain,english,spelling_error,rain_damage,validation
aphids on cotton,aphids on coton,english,spelling_error,aphids,validation
how much fertilizer for drumstick per acre,how mcuh fertilizer for drumstick per acre,english,spelling_error,fertilizer,validation
how much fertilizer for drumstick per acre,how much fertiliser for drumstick per acre,english,voice_transcription_error,fertilizer,validation
நிலக்கடலை பயிருக்கு யூரியா எப்போ போடணும்,நிளக்கடலை பயிருக்கு யூரியா எப்போ போடணும்,tamil,spelling_error,fertilizer_timing,validation
நிலக்கடலை பயிருக்கு யூரியா எப்போ போடணும்,நிளக்கடலைபயிருக்கு யூரியா எப்போ போடணும்,tamil,voice_transcription_error,fertilizer_timing,validation
எந்த மாசத்துல முருங்கை போடலாம்,என்த மாசத்துல முருங்கை போடலாம்,tamil,spelling_error,sowing_time,validation
எந்த மாசத்துல முருங்கை போடலாம்,எந்த மாசத்துளமுருங்கை போடலாம்,tamil,voice_transcription_error,sowing_time,validation
vekkai adhigam takkali vaadudhu,vekai adhigam takkali vaadudhu,tanglish,spelling_error,heat_stress,validation
vekkai adhigam takkali vaadudhu,vekkai adhigam takkali vaadudu,tanglish,phonetic,heat_stress,validation
vekkai adhigam takkali vaadudhu,vekkai adigamtakkali vaadudu,tanglish,voice_transcription_error,heat_stress,validation
white flies under brinjal leaves,whiet flies under brinjal leaves,english,spelling_error,whitefly,validation
white flies under brinjal leaves,white flies under brinjal leafs,english,voice_transcription_error,whitefly,validation
store panna paruthi la poochi,store pana paruthi la poochi,tanglish,spelling_error,post_harvest_storage,validation
store panna paruthi la poochi,store panna paruthi la pooch,tanglish,phonetic,post_harvest_storage,validation
store panna paruthi la poochi,store panna paruthi lapoochi,tanglish,voice_transcription_error,post_harvest_storage,validation
தென்னை பயிருக்கு யூரியா எப்போ போடணும்,தென்னை பயிருககு யூரியா எப்போ போடணும்,tamil,spelling_error,fertilizer_timing,validation
தென்னை பயிருக்கு யூரியா எப்போ போடணும்,தென்னை பயிருக்கு யூரியா எப்போ போடனும்,tamil,voice_transcription_error,fertilizer_timing,validation
கத்தரி நோய்க்கு என்ன தீர்வு,கத்தரி னோய்க்கு என்ன தீர்வு,tamil,spelling_error,crop_disease,validation
tomato vilai yen kammi,tomato vilai yen kammmi,tanglish,spelling_error,market_price,validation
tomato vilai yen kammi,tomato velai yen kammi,tanglish,phonetic,market_price,validation
tomato vilai yen kammi,tomato vilaiyen kammi,tanglish,voice_transcription_error,market_price,validation
vayal la mazhai thanni thengi nikkudhu,vayal la mazhaai thanni thengi nikkudhu,tanglish,spelling_error,rain_damage,validation
vayal la mazhai thanni thengi nikkudhu,vayal la malai thanni thengi nikkudhu,tanglish,phonetic,rain_damage,validation
vayal la mazhai thanni thengi nikkudhu,vayal la malaithanni thengi nikkudu,tanglish,voice_transcription_error,rain_damage,validation
how much fertilizer for moong per acre,how much fertilizer for moong per are,english,spelling_error,fertilizer,validation
how much fertilizer for moong per acre,how much fertiliser for moong per acre,english,voice_transcription_error,fertilizer,validation
எந்த மாசத்துல மக்காச்சோளம் போடலாம்,எந்த மாசத்துள மக்காச்சோளம் போடலாம்,tamil,spelling_error,sowing_time,validation
எந்த மாசத்துல மக்காச்சோளம் போடலாம்,என்த மாசத்துல மக்காச்சோளம் போடலாம்,tamil,voice_transcription_error,sowing_time,validation
pachai payaru ku entha uram podanum,pachai payaru ku entha uram poodanum,tanglish,spelling_error,fertilizer,validation
pachai payaru ku entha uram podanum,pachai payaru ku entha uram podanuma,tanglish,phonetic,fertilizer,validation
pachai payaru ku entha uram podanum,pachai payaru kuentha uram podanum,tanglish,voice_transcription_error,fertilizer,validation
விதைக்கு முன்னாடி என்ன பண்ணணும்,விதைக்கு முன்னாடி என்ன பன்ணணும்,tamil,spelling_error,seed_treatment,validation
மஞ்சள் எத்தனை நாள்ல அறுவடை,மஞ்சள் எத்தனை நாள்ல அருவடை,tamil,spelling_error,harvesting,validation
மஞ்சள் எத்தனை நாள்ல அறுவடை,மஞ்சள்எத்தனை னாள்ள அறுவடை,tamil,voice_transcription_error,harvesting,validation
black sooty mould on coconut leaves,black sooty mould on cconut leaves,english,spelling_error,whitefly,validation
black sooty mould on coconut leaves,black sooty mould on coconut leafs,english,voice_transcription_error,whitefly,validation
what is integrated pest management,what is integated pest management,english,spelling_error,agri_general_info,validation
what is integrated pest management,what is integrated past management,english,voice_transcription_error,agri_general_info,validation
paruthi la poochi romba iruku enna panrathu,paruthi la poochi romba iruku enna parathu,tanglish,spelling_error,pest_attack,validation
paruthi la poochi romba iruku enna panrathu,paruthi la poochi rmba iruku enna panrathu,tanglish,phonetic,pest_attack,validation
paruthi la poochi romba iruku enna panrathu,paruthi la poochiromba iruku enna panrathu,tanglish,voice_transcription_error,pest_attack,validation
ver azhugal noi ku enna pannanum,ver azhugal noi ku ennna pannanum,tanglish,spelling_error,root_rot,validation
ver azhugal noi ku enna pannanum,ver azhugel noi ku enna pannanum,tanglish,phonetic,root_rot,validation
ver azhugal noi ku enna pannanum,veralugal noi ku enna pannanum,tanglish,voice_transcription_error,root_rot,validation
chinna vengayam payir insurance epdi,chinna vengayam paayir insurance epdi,tanglish,spelling_error,crop_insurance,validation
chinna vengayam payir insurance epdi,chinna vengaayam payir insurance epdi,tanglish,phonetic,crop_insurance,validation
chinna vengayam payir insurance epdi,chinna vengayam payir insuranceepdi,tanglish,voice_transcription_error,crop_insurance,validation
பாசிப்பயறு வாடல் நோய்,பாசிப்பயறு வாடல் நோய,tamil,spelling_error,wilting,validation
பாசிப்பயறு வாடல் நோய்,பாசிப்பயறு வாடல் னோய்,tamil,voice_transcription_error,wilting,validation
no rain for weeks my tomato is drying,no raiin for weeks my tomato is drying,english,spelling_error,drought,validation
தென்னை வயலுக்கு எப்போ தண்ணி விடணும்,தென்னை வயலுக்கு எப்போ தன்ணி விடணும்,tamil,spelling_error,irrigation,validation
தென்னை வயலுக்கு எப்போ தண்ணி விடணும்,தென்னைவயளுக்கு எப்போ தண்ணி விடணும்,tamil,voice_transcription_error,irrigation,validation
black sooty mould on brinjal leaves,black sooty mould on brinjal leaes,english,spelling_error,whitefly,validation
black sooty mould on brinjal leaves,black sooty mould on brinjal leafs,english,voice_transcription_error,whitefly,validation
ulundhu payir insurance epdi,ulundhu payir insirance epdi,tanglish,spelling_error,crop_insurance,validation
ulundhu payir insurance epdi,uluntu payir insurance epdi,tanglish,phonetic,crop_insurance,validation
ulundhu payir insurance epdi,ulundupayir insurance epdi,tanglish,voice_transcription_error,crop_insurance,validation
white flies under tomato leaves,white flies unedr tomato leaves,english,spelling_error,whitefly,validation
white flies under tomato leaves,white flies under tomato leafs,english,voice_transcription_error,whitefly,validation
silandhi poochi chinna vengayam la,silandi poochi chinna vengayam la,tanglish,spelling_error,thrips_mites,validation
silandhi poochi chinna vengayam la,silanthi poochi chinna vengayam la,tanglish,phonetic,thrips_mites,validation
silandhi poochi chinna vengayam la,silandi poochichinna vengayam la,tanglish,voice_transcription_error,thrips_mites,validation
பாசிப்பயறு எத்தனை நாள்ல அறுவடை,பாசிப்பயரு எத்தனை நாள்ல அறுவடை,tamil,spelling_error,harvesting,validation
பாசிப்பயறு எத்தனை நாள்ல அறுவடை,பாசிப்பயறு எத்தனை நாள்ள அறுவடை,tamil,voice_transcription_error,harvesting,validation
sugarcane la poochi romba iruku enna panrathu,suarcane la poochi romba iruku enna panrathu,tanglish,spelling_error,pest_attack,validation
sugarcane la poochi romba iruku enna panrathu,sugarcane la poochchi romba iruku enna panrathu,tanglish,phonetic,pest_attack,validation
sugarcane la poochi romba iruku enna panrathu,sugarcane la poochi romba irukuenna panrathu,tanglish,voice_transcription_error,pest_attack,validation
inniku milaga rate enna,innniku milaga rate enna,tanglish,spelling_error,market_price,validation
inniku milaga rate enna,inniku milaga reat enna,tanglish,phonetic,market_price,validation
inniku milaga rate enna,inniku milaga rateenna,tanglish,voice_transcription_error,market_price,validation
paddy ku entha uram podanum,pady ku entha uram podanum,tanglish,spelling_error,fertilizer,validation
paddy ku entha uram podanum,paddy ku enta uram podanum,tanglish,phonetic,fertilizer,validation
paddy ku entha uram podanum,paddyku entha uram podanum,tanglish,voice_transcription_error,fertilizer,validation
my urad leaves are turning yellow,my urad laves are turning yellow,english,spelling_error,yellow_leaf,validation
my urad leaves are turning yellow,my urad leaves are turning yello,english,voice_transcription_error,yellow_leaf,validation
சின்ன வெங்காயம் இலைப்புள்ளி நோய்க்கு என்ன செய்யலாம்,சின்ன வெங்காயம் இலைப்புள்ளி நோய்க்கு எனன செய்யலாம்,tamil,spelling_error,leaf_spot,validation
சின்ன வெங்காயம் இலைப்புள்ளி நோய்க்கு என்ன செய்யலாம்,சின்ன வெங்காயம்இளைப்புள்ளி நோய்க்கு என்ன செய்யலாம்,tamil,voice_transcription_error,leaf_spot,validation
kadalai evlo naal vachukalaam,kadalai evo naal vachukalaam,tanglish,spelling_error,post_harvest_storage,validation
kadalai evlo naal vachukalaam,kadalai evlo naalu vachukalaam,tanglish,phonetic,post_harvest_storage,validation
kadalai evlo naal vachukalaam,kadalaievlo naal vachukalaam,tanglish,voice_transcription_error,post_harvest_storage,validation
மண் இறுகி தண்ணி நிக்கல,மண் இருகி தண்ணி நிக்கல,tamil,spelling_error,soil_health,validation
மண் இறுகி தண்ணி நிக்கல,மண்இருகி தண்ணி நிக்கள,tamil,voice_transcription_error,soil_health,validation
vellam ku insurance claim,velam ku insurance claim,tanglish,spelling_error,crop_insurance,validation
vellam ku insurance claim,vellam ku insurence claim,tanglish,phonetic,crop_insurance,validation
vellam ku insurance claim,vellamku insurance claim,tanglish,voice_transcription_error,crop_insurance,validation
nitrogen deficiency in cotton,nitrogen deficiency in ctton,english,spelling_error,nitrogen_deficiency,validation
cotton bollworm attack,cotton bollworm attak,tanglish,spelling_error,bollworm,validation
cotton bollworm attack,cotton bollworm atack,tanglish,phonetic,bollworm,validation
cotton bollworm attack,cottonbollworm attack,tanglish,voice_transcription_error,bollworm,validation
white flies under coconut leaves,white flias under coconut leaves,english,spelling_error,whitefly,validation
white flies under coconut leaves,white flies under coconut leafs,english,voice_transcription_error,whitefly,validation
phosphorus deficiency in drumstick,phosporus deficiency in drumstick,english,spelling_error,phosphorus_deficiency,validation
silandhi poochi verkadalai la,silandhhi poochi verkadalai la,tanglish,spelling_error,thrips_mites,validation
silandhi poochi verkadalai la,silandi poochi verkadalai la,tanglish,phonetic,thrips_mites,validation
silandhi poochi verkadalai la,silandipoochi verkadalai la,tanglish,voice_transcription_error,thrips_mites,validation
உளுந்து வயலுக்கு எப்போ தண்ணி விடணும்,உளுந்து வயலுக்கு எப்போ தன்ணி விடணும்,tamil,spelling_error,irrigation,validation
உளுந்து வயலுக்கு எப்போ தண்ணி விடணும்,உளுந்து வயளுக்கு எப்போதண்ணி விடணும்,tamil,voice_transcription_error,irrigation,validation
pm kisan ekyc panradhu epdi,pm kisan ekyc panradhu edpi,tanglish,spelling_error,pm_kisan,validation
pm kisan ekyc panradhu epdi,pm kisan ekyc panradhu yepdi,tanglish,phonetic,pm_kisan,validation
pm kisan ekyc panradhu epdi,pm kisanekyc panradu epdi,tanglish,voice_transcription_error,pm_kisan,validation
my moringa leaves are turning yellow,my moringa leaaves are turning yellow,english,spelling_error,yellow_leaf,validation
my moringa leaves are turning yellow,my moringa leafs are turning yellow,english,voice_transcription_error,yellow_leaf,validation
worm inside folded paddy leaf,worrm inside folded paddy leaf,english,spelling_error,leaf_folder,validation
worm inside folded paddy leaf,worm inside folded party leaf,english,voice_transcription_error,leaf_folder,validation
nellu ku thanni evlo venum,nllu ku thanni evlo venum,tanglish,spelling_error,irrigation,validation
nellu ku thanni evlo venum,nellu ku thani evlo venum,tanglish,phonetic,irrigation,validation
nellu ku thanni evlo venum,nellu ku thanni evlovenum,tanglish,voice_transcription_error,irrigation,validation
root rot in cotton how to control,roit rot in cotton how to control,english,spelling_error,root_rot,validation
மஞ்சள் வயலுக்கு எப்போ தண்ணி விடணும்,மஞ்சள வயலுக்கு எப்போ தண்ணி விடணும்,tamil,spelling_error,irrigation,validation
மஞ்சள் வயலுக்கு எப்போ தண்ணி விடணும்,மஞ்சள் வயளுக்கு எப்போதண்ணி விடணும்,tamil,voice_transcription_error,irrigation,validation
valai vilai yen kammi,valai viai yen kammi,tanglish,spelling_error,market_price,validation
valai vilai yen kammi,valai velai yen kammi,tanglish,phonetic,market_price,validation
valai vilai yen kammi,valai vilai yenkammi,tanglish,voice_transcription_error,market_price,validation
not enough water in my well for sugarcane,not enough water in my well for suarcane,english,spelling_error,water_shortage,validation
cholam blight vandhuruchu,cholam blight vndhuruchu,tanglish,spelling_error,leaf_blight,validation
cholam blight vandhuruchu,solam blight vandhuruchu,tanglish,phonetic,leaf_blight,validation
cholam blight vandhuruchu,cholam blightvanduruchu,tanglish,voice_transcription_error,leaf_blight,validation
ஒரு ஏக்கருக்கு சொட்டு நீர் அமைக்க செலவு,ஒரு ஏக்கருக்கு சொட்டு நீர் அமைக்க செளவு,tamil,spelling_error,drip_irrigation,validation
ஒரு ஏக்கருக்கு சொட்டு நீர் அமைக்க செலவு,ஒரு ஏக்கருக்கு சொட்டு நீர்அமைக்க செளவு,tamil,voice_transcription_error,drip_irrigation,validation
phosphorus deficiency in black gram,phosphorus deficiency in blak gram,english,spelling_error,phosphorus_deficiency,validation
makkacholam ku entha uram podanum,makkacholam ku entha uraam podanum,tanglish,spelling_error,fertilizer,validation
makkacholam ku entha uram podanum,makkacholam ku endha uram podanum,tanglish,phonetic,fertilizer,validation
makkacholam ku entha uram podanum,makkacholamku entha uram podanum,tanglish,voice_transcription_error,fertilizer,validation
kathirikai kaai la ottai puzhu iruku,kathirikai kaai la otttai puzhu iruku,tanglish,spelling_error,fruit_borer,validation
kathirikai kaai la ottai puzhu iruku,kathirikai kaay la ottai puzhu iruku,tanglish,phonetic,fruit_borer,validation
kathirikai kaai la ottai puzhu iruku,kathirikai kaai la ottai puluiruku,tanglish,voice_transcription_error,fruit_borer,validation
potash pathala pola,poash pathala pola,tanglish,spelling_error,potassium_deficiency,validation
potash pathala pola,pottash pathala pola,tanglish,phonetic,potassium_deficiency,validation
potash pathala pola,potash pathalapola,tanglish,voice_transcription_error,potassium_deficiency,validation
அதிக வெயில்ல கரும்பு பூ உதிருது,அதிக வெயிள்ல கரும்பு பூ உதிருது,tamil,spelling_error,heat_stress,validation
nitrogen deficiency in rice,nitrogn deficiency in rice,english,spelling_error,nitrogen_deficiency,validation
nitrogen deficiency in rice,nitrogen deficiency in rise,english,voice_transcription_error,nitrogen_deficiency,validation
dry spell murungakai,dry spel murungakai,tanglish,spelling_error,drought,validation
dry spell murungakai,dry spell murungaikai,tanglish,phonetic,drought,validation
dry spell murungakai,dryspell murungakai,tanglish,voice_transcription_error,drought,validation
நெல் இலைக்கருகல் நோய்,நெல் இலைக்கருகல நோய்,tamil,spelling_error,leaf_blight,validation
நெல் இலைக்கருகல் நோய்,னெள் இலைக்கருகல்நோய்,tamil,voice_transcription_error,leaf_blight,validation
makkacholam payir insurance epdi,makkacholam payir insurance epi,tanglish,spelling_error,crop_insurance,validation
makkacholam payir insurance epdi,makkacholam payir insurence epdi,tanglish,phonetic,crop_insurance,validation
makkacholam payir insurance epdi,makkacholam payirinsurance epdi,tanglish,voice_transcription_error,crop_insurance,validation
groundnut leaf edges burning brown,groundnut leaf edgges burning brown,english,spelling_error,potassium_deficiency,validation
sticky leaves and ants on banana,sticky leaves and ants on bannaa,english,spelling_error,aphids,validation
sticky leaves and ants on banana,sticky leafs and ants on banana,english,voice_transcription_error,aphids,validation
takkali kaai la ottai puzhu iruku,tikkali kaai la ottai puzhu iruku,tanglish,spelling_error,fruit_borer,validation
takkali kaai la ottai puzhu iruku,takkali kaai la otta puzhu iruku,tanglish,phonetic,fruit_borer,validation
takkali kaai la ottai puzhu iruku,takkali kaai la ottaipulu iruku,tanglish,voice_transcription_error,fruit_borer,validation
neem cake for turmeric,neme cake for turmeric,english,spelling_error,organic_fertilizer,validation
store panna murungakai la poochi,store panna murungakai la pocohi,tanglish,spelling_error,post_harvest_storage,validation
store panna murungakai la poochi,store panna murunga kaai la poochi,tanglish,phonetic,post_harvest_storage,validation
store panna murungakai la poochi,store panna murungakaila poochi,tanglish,voice_transcription_error,post_harvest_storage,validation
chilli kaai la ottai puzhu iruku,chilli kaai la ottai puzhu iuku,tanglish,spelling_error,fruit_borer,validation
chilli kaai la ottai puzhu iruku,chilli kaay la ottai puzhu iruku,tanglish,phonetic,fruit_borer,validation
chilli kaai la ottai puzhu iruku,chillikaai la ottai pulu iruku,tanglish,voice_transcription_error,fruit_borer,validation
onion leaf edges burning brown,onoin leaf edges burning brown,english,spelling_error,potassium_deficiency,validation
கத்தரி காய்ப்புழு தாக்குதல்,கத்தரி காய்ப்புழு தாக்குதல,tamil,spelling_error,fruit_borer,validation
கத்தரி காய்ப்புழு தாக்குதல்,கத்தரி காய்ப்புளுதாக்குதல்,tamil,voice_transcription_error,fruit_borer,validation
black sunken patches on chilli fruits,bluck sunken patches on chilli fruits,english,spelling_error,fruit_rot,validation
பருத்தி இலையில வெள்ளி நிற கோடு,பருத்தி இலையில வெள்ளி நிர கோடு,tamil,spelling_error,thrips_mites,validation
பருத்தி இலையில வெள்ளி நிற கோடு,பருத்திஇலையில வெள்ளி நிர கோடு,tamil,voice_transcription_error,thrips_mites,validation
dry spell katharikai,dry spll katharikai,tanglish,spelling_error,drought,validation
dry spell katharikai,dry spellkatharikai,tanglish,voice_transcription_error,drought,validation
மண் பரிசோதனை நிலையம் எங்க இருக்கு,மண பரிசோதனை நிலையம் எங்க இருக்கு,tamil,spelling_error,soil_testing,validation
மண் பரிசோதனை நிலையம் எங்க இருக்கு,மண் பரிசோதனை நிளையம் எங்க இருக்கு,tamil,voice_transcription_error,soil_testing,validation
கரும்பு நோய்க்கு என்ன தீர்வு,கரும்பு நோயக்கு என்ன தீர்வு,tamil,spelling_error,crop_disease,validation
கரும்பு நோய்க்கு என்ன தீர்வு,கரும்பு னோய்க்குஎன்ன தீர்வு,tamil,voice_transcription_error,crop_disease,validation
மண் பரிசோதனை எப்படி செய்றது,மண் பரிசோதனை எபபடி செய்றது,tamil,spelling_error,soil_testing,validation
மண் பரிசோதனை எப்படி செய்றது,மன்பரிசோதனை எப்படி செய்றது,tamil,voice_transcription_error,soil_testing,validation
not enough water in my well for chilli,not enough water in my well for cihlli,english,spelling_error,water_shortage,validation
rain forecast for my village,rain forceast for my village,english,spelling_error,weather,validation
how to know small onion is ready for harvest,how to knwo small onion is ready for harvest,english,spelling_error,harvesting,validation
how to know small onion is ready for harvest,how to know small onion is ready for harvist,english,voice_transcription_error,harvesting,validation
turmeric crop fell down after rain,turmeric crop fell dwon after rain,english,spelling_error,rain_damage,validation
paruththi blight vandhuruchu,parruththi blight vandhuruchu,tanglish,spelling_error,leaf_blight,validation
paruththi blight vandhuruchu,paruththi blight vanduruchu,tanglish,phonetic,leaf_blight,validation
paruththi blight vandhuruchu,paruththi blightvanduruchu,tanglish,voice_transcription_error,leaf_blight,validation
amila mann ku sunnambu podalaama,amila mannn ku sunnambu podalaama,tanglish,spelling_error,soil_ph,validation
amila mann ku sunnambu podalaama,amila mann ku sunnamb podalaama,tanglish,phonetic,soil_ph,validation
amila mann ku sunnambu podalaama,amila mann kusunnambu podalaama,tanglish,voice_transcription_error,soil_ph,validation
how to save water in groundnut field,how to sae water in groundnut field,english,spelling_error,water_shortage,validation
விவசாயம் என்றால் என்ன,விவசாயம என்றால் என்ன,tamil,spelling_error,agri_general_info,validation
விவசாயம் என்றால் என்ன,விவசாயம் என்ரால் என்ன,tamil,voice_transcription_error,agri_general_info,validation
சின்ன வெங்காயம் இலைக்கருகல் நோய்,சின்ன வெங்காயம் இலைக்கருகல் னோய்,tamil,spelling_error,leaf_blight,validation
சின்ன வெங்காயம் இலைக்கருகல் நோய்,சின்னவெங்காயம் இளைக்கருகல் னோய்,tamil,voice_transcription_error,leaf_blight,validation
any scheme for paddy farmers,any schume for paddy farmers,english,spelling_error,government_scheme,validation
any scheme for paddy farmers,any scheme for party farmers,english,voice_transcription_error,government_scheme,validation
cotton leaves are crinkled and small,cotton laves are crinkled and small,english,spelling_error,leaf_curl,validation
cotton leaves are crinkled and small,cotton leafs are crinkled and small,english,voice_transcription_error,leaf_curl,validation
vekkai adhigam cholam vaadudhu,vekkia adhigam cholam vaadudhu,tanglish,spelling_error,heat_stress,validation
vekkai adhigam cholam vaadudhu,vekkai adhigam solam vaadudhu,tanglish,phonetic,heat_stress,validation
vekkai adhigam cholam vaadudhu,vekkai adigamcholam vaadudu,tanglish,voice_transcription_error,heat_stress,validation
sticky leaves and ants on brinjal,sticky leaves and ans on brinjal,english,spelling_error,aphids,validation
sticky leaves and ants on brinjal,sticky leafs and ants on brinjal,english,voice_transcription_error,aphids,validation
இலை எல்லாம் சுருங்கி சின்னதா ஆகுது,இலை எல்லாம சுருங்கி சின்னதா ஆகுது,tamil,spelling_error,leaf_curl,validation
இலை எல்லாம் சுருங்கி சின்னதா ஆகுது,இலை எல்லாம்சுருங்கி சின்னதா ஆகுது,tamil,voice_transcription_error,leaf_curl,validation
silandhi poochi paruththi la,silandhi pooochi paruththi la,tanglish,spelling_error,thrips_mites,validation
silandhi poochi paruththi la,silanthi poochi paruththi la,tanglish,phonetic,thrips_mites,validation
silandhi poochi paruththi la,silandi poochiparuththi la,tanglish,voice_transcription_error,thrips_mites,validation
black sooty mould on chilli leaves,black soty mould on chilli leaves,english,spelling_error,whitefly,validation
black sooty mould on chilli leaves,black sooty mould on chilli leafs,english,voice_transcription_error,whitefly,validation
mannu irugi thanni nikkala,manu irugi thanni nikkala,tanglish,spelling_error,soil_health,validation
mannu irugi thanni nikkala,mannu irugi thannee nikkala,tanglish,phonetic,soil_health,validation
mannu irugi thanni nikkala,mannu irugithanni nikkala,tanglish,voice_transcription_error,soil_health,validation
brinjal evlo naal vachukalaam,brinnjal evlo naal vachukalaam,tanglish,spelling_error,post_harvest_storage,validation
brinjal evlo naal vachukalaam,brinjal evlov naal vachukalaam,tanglish,phonetic,post_harvest_storage,validation
brinjal evlo naal vachukalaam,brinjal evlonaal vachukalaam,tanglish,voice_transcription_error,post_harvest_storage,validation
மிளகாய் இலையில வெள்ளி நிற கோடு,மிளகாய் இலையில வெள்ளி னிற கோடு,tamil,spelling_error,thrips_mites,validation
மிளகாய் இலையில வெள்ளி நிற கோடு,மிளகாய் இலையில வெள்ளிநிற கோடு,tamil,voice_transcription_error,thrips_mites,validation
no rain for weeks my banana is drying,no rain for weeks my banaa is drying,english,spelling_error,drought,validation
sedi kuttaiya iruku ilai purple,sedi kuttaiya iruku ilai purpe,tanglish,spelling_error,phosphorus_deficiency,validation
sedi kuttaiya iruku ilai purple,chedi kuttaiya iruku ilai purple,tanglish,phonetic,phosphorus_deficiency,validation
sedi kuttaiya iruku ilai purple,sedi kuttaiyairuku ilai purple,tanglish,voice_transcription_error,phosphorus_deficiency,validation
how to save water in coconut field,how to save wuter in coconut field,english,spelling_error,water_shortage,validation
how to know urad is ready for harvest,how to know urad is reay for harvest,english,spelling_error,harvesting,validation
how to know urad is ready for harvest,how to know urad is ready for harvist,english,voice_transcription_error,harvesting,validation
அறுவடை இயந்திரம் வாடகை,அறுவடை இயநதிரம் வாடகை,tamil,spelling_error,farm_machinery,validation
அறுவடை இயந்திரம் வாடகை,அறுவடை இயன்திரம்வாடகை,tamil,voice_transcription_error,farm_machinery,validation
can I send a photo of my crop,can I sennd a photo of my crop,english,spelling_error,image_upload_help,validation
மிளகாய் வாடல் நோய்,மிளகாய் வாடள் நோய்,tamil,spelling_error,wilting,validation
மிளகாய் வாடல் நோய்,மிளகாய்வாடல் நோய்,tamil,voice_transcription_error,wilting,validation
poochi control epdi,poochi control edi,tanglish,spelling_error,pest_attack,validation
poochi control epdi,poochi control epadi,tanglish,phonetic,pest_attack,validation
poochi control epdi,poochi controlepdi,tanglish,voice_transcription_error,pest_attack,validation
black sunken patches on tomato fruits,black sunken paches on tomato fruits,english,spelling_error,fruit_rot,validation
nitrogen pathala pola drumstick ku,nitrogen pathala polla drumstick ku,tanglish,spelling_error,nitrogen_deficiency,validation
nitrogen pathala pola drumstick ku,nitrogen pathala poladrumstick ku,tanglish,voice_transcription_error,nitrogen_deficiency,validation
inniku groundnut rate enna,innikku groundnut rate enna,tanglish,spelling_error,market_price,validation
inniku groundnut rate enna,inniku groundnut rate yenna,tanglish,phonetic,market_price,validation
inniku groundnut rate enna,inniku groundnut rateenna,tanglish,voice_transcription_error,market_price,validation
my onion leaves are turning yellow,my onion leavves are turning yellow,english,spelling_error,yellow_leaf,validation
my onion leaves are turning yellow,my onion leafs are turning yellow,english,voice_transcription_error,yellow_leaf,validation
மிளகாய் காய்ப்புழு தாக்குதல்,மிளகாய் காய்ப்புழு தாக்குதள்,tamil,spelling_error,fruit_borer,validation
மிளகாய் காய்ப்புழு தாக்குதல்,மிளகாய்காய்ப்புளு தாக்குதல்,tamil,voice_transcription_error,fruit_borer,validation
மிக்க நன்றி,மிக்க நனறி,tamil,spelling_error,thanks,validation
மிக்க நன்றி,மிக்க னன்றி,tamil,voice_transcription_error,thanks,validation
வாழை பயிருக்கு யூரியா எப்போ போடணும்,வாழை பயிருக்கு யூரியா எப்போ போடனும்,tamil,spelling_error,fertilizer_timing,validation
சின்ன வெங்காயம் இலையில வெள்ளி நிற கோடு,சினன வெங்காயம் இலையில வெள்ளி நிற கோடு,tamil,spelling_error,thrips_mites,validation
சின்ன வெங்காயம் இலையில வெள்ளி நிற கோடு,சின்ன வெங்காயம் இளையில வெள்ளிநிற கோடு,tamil,voice_transcription_error,thrips_mites,validation
nitrogen pathala pola thakkali ku,nitrogen pathala pula thakkali ku,tanglish,spelling_error,nitrogen_deficiency,validation
nitrogen pathala pola thakkali ku,nitrogen pathala pola takkali ku,tanglish,phonetic,nitrogen_deficiency,validation
nitrogen pathala pola thakkali ku,nitrogen pathalapola thakkali ku,tanglish,voice_transcription_error,nitrogen_deficiency,validation
neem cake for banana,neem cake for bananna,english,spelling_error,organic_fertilizer,validation
மண்புழு உரம் நல்லதா,மண்புழு உரம் நலலதா,tamil,spelling_error,organic_fertilizer,validation
மண்புழு உரம் நல்லதா,மன்புழுஉரம் நள்லதா,tamil,voice_transcription_error,organic_fertilizer,validation
rice leaves rolled and scraped,rice leavees rolled and scraped,english,spelling_error,leaf_folder,validation
rice leaves rolled and scraped,rise leaves rolled and scraped,english,voice_transcription_error,leaf_folder,validation
indha photo paarunga,inha photo paarunga,tanglish,spelling_error,image_upload_help,validation
indha photo paarunga,inda photopaarunga,tanglish,voice_transcription_error,image_upload_help,validation
கத்தரி வாடல் நோய்,கத்தரி வாடல நோய்,tamil,spelling_error,wilting,validation
கத்தரி வாடல் நோய்,கத்தரி வாடல்னோய்,tamil,voice_transcription_error,wilting,validation
எந்த மாசத்துல சின்ன வெங்காயம் போடலாம்,எநத மாசத்துல சின்ன வெங்காயம் போடலாம்,tamil,spelling_error,sowing_time,validation
முருங்கை இலைப்புள்ளி நோய்க்கு என்ன செய்யலாம்,முருங்கை இளைப்புள்ளி நோய்க்கு என்ன செய்யலாம்,tamil,spelling_error,leaf_spot,validation
முருங்கை இலைப்புள்ளி நோய்க்கு என்ன செய்யலாம்,முருங்கை இளைப்புள்ளிநோய்க்கு என்ன செய்யலாம்,tamil,voice_transcription_error,leaf_spot,validation
மக்காச்சோளம் இலைக்கருகல் நோய்,மக்காச்சோளம இலைக்கருகல் நோய்,tamil,spelling_error,leaf_blight,validation
மக்காச்சோளம் இலைக்கருகல் நோய்,மக்காச்சோளம்இலைக்கருகல் னோய்,tamil,voice_transcription_error,leaf_blight,validation
தண்டுக்குள்ள புழு இருக்கு,தண்டுக்குள்ள புளு இருக்கு,tamil,spelling_error,stem_borer,validation
தண்டுக்குள்ள புழு இருக்கு,தன்டுக்குள்ள புழுஇருக்கு,tamil,voice_transcription_error,stem_borer,validation
sticky leaves and ants on chilli,sticky leaves and ans on chilli,english,spelling_error,aphids,validation
sticky leaves and ants on chilli,sticky leafs and ants on chilli,english,voice_transcription_error,aphids,validation
zinc deficiency in sugarcane,zinc deficiiency in sugarcane,english,spelling_error,micronutrient_deficiency,validation
zinc deficiency in banana,zinc deeficiency in banana,english,spelling_error,micronutrient_deficiency,validation
not enough water in my well for paddy,not enaugh water in my well for paddy,english,spelling_error,water_shortage,validation
not enough water in my well for paddy,not enough water in my well for party,english,voice_transcription_error,water_shortage,validation
dry spell thennai,dry spell thennoi,tanglish,spelling_error,drought,validation
dry spell thennai,dry spell tennai,tanglish,phonetic,drought,validation
dry spell thennai,dry spellthennai,tanglish,voice_transcription_error,drought,validation
vekkai adhigam murungakai vaadudhu,vekkai adhigam murungekai vaadudhu,tanglish,spelling_error,heat_stress,validation
vekkai adhigam murungakai vaadudhu,vekkai adhigam murunga kaai vaadudhu,tanglish,phonetic,heat_stress,validation
vekkai adhigam murungakai vaadudhu,vekkaiadigam murungakai vaadudu,tanglish,voice_transcription_error,heat_stress,validation
nunnoottam kuraivu,nunnoottam kuraivvu,tanglish,spelling_error,micronutrient_deficiency,validation
nunnoottam kuraivu,nunnuttam kuraivu,tanglish,phonetic,micronutrient_deficiency,validation
how to save water in banana field,how to save water in banana fielld,english,spelling_error,water_shortage,validation
chinna vengayam la poochi romba iruku enna panrathu,chinna venggayam la poochi romba iruku enna panrathu,tanglish,spelling_error,pest_attack,validation
chinna vengayam la poochi romba iruku enna panrathu,chinna vengayam la poochi roomba iruku enna panrathu,tanglish,phonetic,pest_attack,validation
chinna vengayam la poochi romba iruku enna panrathu,chinnavengayam la poochi romba iruku enna panrathu,tanglish,voice_transcription_error,pest_attack,validation
how much fertilizer for banana per acre,how muuch fertilizer for banana per acre,english,spelling_error,fertilizer,validation
how much fertilizer for banana per acre,how much fertiliser for banana per acre,english,voice_transcription_error,fertilizer,validation
nitrogen pathala pola paddy ku,nitrogen pathhala pola paddy ku,tanglish,spelling_error,nitrogen_deficiency,validation
nitrogen pathala pola paddy ku,nitrogenpathala pola paddy ku,tanglish,voice_transcription_error,nitrogen_deficiency,validation
பருத்தி நோய்க்கு என்ன தீர்வு,பருத்தி நோய்க்கு என்ன தீரவு,tamil,spelling_error,crop_disease,validation
zinc deficiency in rice,zinc deficiency in ricce,english,spelling_error,micronutrient_deficiency,validation
zinc deficiency in rice,zinc deficiency in rise,english,voice_transcription_error,micronutrient_deficiency,validation
விவசாயிகளுக்கு என்ன திட்டங்கள் இருக்கு,விவசாயிகளுக்கு என்ன திட்டஙகள் இருக்கு,tamil,spelling_error,government_scheme,validation
விவசாயிகளுக்கு என்ன திட்டங்கள் இருக்கு,விவசாயிகளுக்கு என்ன திட்டங்கள்இருக்கு,tamil,voice_transcription_error,government_scheme,validation
aphids on urad,aphds on urad,english,spelling_error,aphids,validation
inniku moong rate enna,inniku moong reat enna,tanglish,phonetic,market_price,validation
inniku moong rate enna,innikumoong rate enna,tanglish,voice_transcription_error,market_price,validation
green gram leaves are crinkled and small,green gram liaves are crinkled and small,english,spelling_error,leaf_curl,validation
green gram leaves are crinkled and small,green gram leafs are crinkled and small,english,voice_transcription_error,leaf_curl,validation
sugarcane crop fell down after rain,sugaracne crop fell down after rain,english,spelling_error,rain_damage,validation
black sunken patches on banana fruits,black sunkken patches on banana fruits,english,spelling_error,fruit_rot,validation
முருங்கை எத்தனை நாள்ல அறுவடை,முருங்கை எத்தனை நாளல அறுவடை,tamil,spelling_error,harvesting,validation
முருங்கை எத்தனை நாள்ல அறுவடை,முருங்கை எத்தனை னாள்ல அறுவடை,tamil,voice_transcription_error,harvesting,validation
nel ilai vellaiya aagudhu kodu kodaa,nel ilai vellaiya aagudhu kodu kodaaa,tanglish,spelling_error,leaf_folder,test
nel ilai vellaiya aagudhu kodu kodaa,nel elai vellaiya aagudhu kodu kodaa,tanglish,phonetic,leaf_folder,test
nel ilai vellaiya aagudhu kodu kodaa,nel ilai vellaiya aagudukodu kodaa,tanglish,voice_transcription_error,leaf_folder,test
chilli kaaya vaikanum epdi,chili kaaya vaikanum epdi,tanglish,spelling_error,post_harvest_storage,test
chilli kaaya vaikanum epdi,chilli kaaya vaikanum epadi,tanglish,phonetic,post_harvest_storage,test
chilli kaaya vaikanum epdi,chillikaaya vaikanum epdi,tanglish,voice_transcription_error,post_harvest_storage,test
tiny white insects fly when I shake urad plant,tiny white inects fly when I shake urad plant,english,spelling_error,whitefly,test
tiny white insects fly when I shake urad plant,tiny white insex fly when i shake urad plant,english,voice_transcription_error,whitefly,test
turmeric roots are rotting,turmeeric roots are rotting,english,spelling_error,root_rot,test
மக்காச்சோளம் எப்போ விதைக்கணும்,மக்காச்சோளம எப்போ விதைக்கணும்,tamil,spelling_error,sowing_time,test
மக்காச்சோளம் எப்போ விதைக்கணும்,மக்காச்சோளம்எப்போ விதைக்கணும்,tamil,voice_transcription_error,sowing_time,test
தென்னை எப்போ விதைக்கணும்,தென்னை எப்போ விதைக்கனும்,tamil,spelling_error,sowing_time,test
mootai la poochi varudhu,mootai la pooochi varudhu,tanglish,spelling_error,post_harvest_storage,test
mootai la poochi varudhu,mootai la pooch varudhu,tanglish,phonetic,post_harvest_storage,test
mootai la poochi varudhu,mootai la poochivarudu,tanglish,voice_transcription_error,post_harvest_storage,test
coconut rate in market,coconut rate in markket,english,spelling_error,market_price,test
உளுந்து செடி இலை மடங்குது,உளுநது செடி இலை மடங்குது,tamil,spelling_error,leaf_curl,test
உளுந்து செடி இலை மடங்குது,உளுன்துசெடி இலை மடங்குது,tamil,voice_transcription_error,leaf_curl,test
மஞ்சள் நடு குருத்து காயுது,மஞ்சள் னடு குருத்து காயுது,tamil,spelling_error,stem_borer,test
இப்போ சின்ன வெங்காயம் நடலாமா,இப்போ சின்ன வெஙகாயம் நடலாமா,tamil,spelling_error,sowing_time,test
இப்போ சின்ன வெங்காயம் நடலாமா,இப்போ சின்னவெங்காயம் னடலாமா,tamil,voice_transcription_error,sowing_time,test
vidhai nerthi yen pannanum,vidai nerthi yen pannanum,tanglish,spelling_error,seed_treatment,test
vidhai nerthi yen pannanum,vidhai nerthi yen pananum,tanglish,phonetic,seed_treatment,test
vidhai nerthi yen pannanum,vidai nerthiyen pannanum,tanglish,voice_transcription_error,seed_treatment,test
cotton bolls damaged and falling,cotton bolls damaed and falling,english,spelling_error,bollworm,test
வெயில்ல இருந்து பயிர எப்படி காப்பாத்துறது,வெயில்ல இருந்து பயிர எப்படி காப்பாத்துரது,tamil,spelling_error,heat_stress,test
வெயில்ல இருந்து பயிர எப்படி காப்பாத்துறது,வெயிள்ல இருந்து பயிர எப்படி காப்பாத்துறது,tamil,voice_transcription_error,heat_stress,test
மக்காச்சோளம் உர அட்டவணை சொல்லுங்க,மக்காச்சோளம் உர அட்டவணை சொள்லுங்க,tamil,spelling_error,fertilizer,test
மக்காச்சோளம் உர அட்டவணை சொல்லுங்க,மக்காச்சோளம் உரஅட்டவனை சொல்லுங்க,tamil,voice_transcription_error,fertilizer,test
murungai ilai manjala aguthu enna reason,murungai ilai manjala aguthu enna reoson,tanglish,spelling_error,yellow_leaf,test
murungai ilai manjala aguthu enna reason,murungai ela manjala aguthu enna reason,tanglish,phonetic,yellow_leaf,test
murungai ilai manjala aguthu enna reason,murungai ilai manjala aguthu ennareason,tanglish,voice_transcription_error,yellow_leaf,test
சொட்டு நீர் பாசனத்துக்கு மானியம்,சொட்டு னீர் பாசனத்துக்கு மானியம்,tamil,spelling_error,subsidy,test
சொட்டு நீர் பாசனத்துக்கு மானியம்,சொட்டு நீர் பாசனத்துக்குமானியம்,tamil,voice_transcription_error,subsidy,test
வீரிய ரக தென்னை விதை,வீரிய ரக தெனனை விதை,tamil,spelling_error,seed_selection,test
வீரிய ரக தென்னை விதை,வீரியரக தென்னை விதை,tamil,voice_transcription_error,seed_selection,test
paasi payaru la asuvini,paasi payrau la asuvini,tanglish,spelling_error,aphids,test
paasi payaru la asuvini,pasi payaru la asuvini,tanglish,phonetic,aphids,test
paasi payaru la asuvini,paasi payarula asuvini,tanglish,voice_transcription_error,aphids,test
older leaves scorched at margins in groundnut,older leaves scorched at margisn in groundnut,english,spelling_error,potassium_deficiency,test
older leaves scorched at margins in groundnut,older leafs scorched at margins in groundnut,english,voice_transcription_error,potassium_deficiency,test
how to control pests in tomato,how to contrel pests in tomato,english,spelling_error,pest_attack,test
how to control pests in tomato,how to control pasts in tomato,english,voice_transcription_error,pest_attack,test
signs of sugarcane maturity,signs of sugarcane maturrity,english,spelling_error,harvesting,test
கத்தரி பயிருக்கு சொட்டு நீர் பாசனம் நல்லதா,கத்தரி பயிருக்கு சொட்டு நீர் பாசனம் நலலதா,tamil,spelling_error,drip_irrigation,test
கத்தரி பயிருக்கு சொட்டு நீர் பாசனம் நல்லதா,கத்தரி பயிருக்கு சொட்டு நீர் பாசனம் நள்லதா,tamil,voice_transcription_error,drip_irrigation,test
maatu saanam uram chilli ku,maatu saanam uram cholli ku,tanglish,spelling_error,organic_fertilizer,test
maatu saanam uram chilli ku,maatu chaanam uram chilli ku,tanglish,phonetic,organic_fertilizer,test
maatu saanam uram chilli ku,maatu saanamuram chilli ku,tanglish,voice_transcription_error,organic_fertilizer,test
நுண்ணூட்டச் சத்து குறைபாடு,நுண்ணூட்டச் சத்து குரைபாடு,tamil,spelling_error,micronutrient_deficiency,test
borewell water reduced which crop to grow,borewell water reduced whhich crop to grow,english,spelling_error,water_shortage,test
manjal leaf la spots varudhu,manjal leaf la spost varudhu,tanglish,spelling_error,leaf_spot,test
manjal leaf la spots varudhu,manjal leaf la spots varuthu,tanglish,phonetic,leaf_spot,test
manjal leaf la spots varudhu,manjalleaf la spots varudu,tanglish,voice_transcription_error,leaf_spot,test
சின்ன வெங்காயம் பயிர் வெளிர் பச்சையா இருக்கு,சின்ன வெங்காயம் பயிர் வெளிர பச்சையா இருக்கு,tamil,spelling_error,nitrogen_deficiency,test
சின்ன வெங்காயம் பயிர் வெளிர் பச்சையா இருக்கு,சின்ன வெங்காயம் பயிர்வெளிர் பச்சையா இருக்கு,tamil,voice_transcription_error,nitrogen_deficiency,test
romba veyil chinna vengayam poo udhirudhu,robma veyil chinna vengayam poo udhirudhu,tanglish,spelling_error,heat_stress,test
romba veyil chinna vengayam poo udhirudhu,romba veyil chinna vengaayam poo udhirudhu,tanglish,phonetic,heat_stress,test
romba veyil chinna vengayam poo udhirudhu,rombaveyil chinna vengayam poo udirudu,tanglish,voice_transcription_error,heat_stress,test
maatu saanam uram moong ku,maatu saanam uraam moong ku,tanglish,spelling_error,organic_fertilizer,test
maatu saanam uram moong ku,maatu maatu saanam uram moong ku,tanglish,phonetic,organic_fertilizer,test
maatu saanam uram moong ku,maatu saanam urammoong ku,tanglish,voice_transcription_error,organic_fertilizer,test
வாழை அசுவினி தாக்குதல்,வாளை அசுவினி தாக்குதல்,tamil,spelling_error,aphids,test
நெல் நடு குருத்து காயுது,னெல் நடு குருத்து காயுது,tamil,spelling_error,stem_borer,test
நெல் நடு குருத்து காயுது,னெல் நடு குருத்துகாயுது,tamil,voice_transcription_error,stem_borer,test
சொட்டு நீர் குழாய் அடைக்குது,சொட்டு னீர் குழாய் அடைக்குது,tamil,spelling_error,drip_irrigation,test
சொட்டு நீர் குழாய் அடைக்குது,சொட்டுனீர் குழாய் அடைக்குது,tamil,voice_transcription_error,drip_irrigation,test
சாம்பல் சத்து குறைபாடு,சாம்பல் சதது குறைபாடு,tamil,spelling_error,potassium_deficiency,test
சாம்பல் சத்து குறைபாடு,சாம்பள்சத்து குறைபாடு,tamil,voice_transcription_error,potassium_deficiency,test
செடிய ஆட்டுனா வெள்ளை பூச்சி பறக்குது,செடிய ஆட்டுனா வெள்ளை பூசசி பறக்குது,tamil,spelling_error,whitefly,test
செடிய ஆட்டுனா வெள்ளை பூச்சி பறக்குது,செடிய ஆட்டுனா வெள்ளை பூச்சி பரக்குது,tamil,voice_transcription_error,whitefly,test
கத்தரி பயிருக்கு இயற்கை பூச்சி விரட்டி,கத்தரி பயிருக்கு இயற்கை பூச்சி விரடடி,tamil,spelling_error,organic_farming,test
கத்தரி பயிருக்கு இயற்கை பூச்சி விரட்டி,கத்தரிபயிருக்கு இயற்கை பூச்சி விரட்டி,tamil,voice_transcription_error,organic_farming,test
how much water does sugarcane need,how muuch water does sugarcane need,english,spelling_error,irrigation,test
how to get a soil health card,how to get a sail health card,english,spelling_error,soil_testing,test
mazhai eppo varum,mazhai eppo vaum,tanglish,spelling_error,weather,test
mazhai eppo varum,mazha eppo varum,tanglish,phonetic,weather,test
mazhai eppo varum,malaieppo varum,tanglish,voice_transcription_error,weather,test
blight in cotton field,blight in coton field,english,spelling_error,leaf_blight,test
ஏக்கருக்கு எவ்வளவு உரம் போடணும்,ஏக்கருக்கு எவ்வளவு உரம் போடனும்,tamil,spelling_error,fertilizer,test
ஏக்கருக்கு எவ்வளவு உரம் போடணும்,ஏக்கருக்குஎவ்வளவு உரம் போடனும்,tamil,voice_transcription_error,fertilizer,test
milagai la ilai pen,millagai la ilai pen,tanglish,spelling_error,thrips_mites,test
milagai la ilai pen,milagai la ilai paen,tanglish,phonetic,thrips_mites,test
milagai la ilai pen,milagai lailai pen,tanglish,voice_transcription_error,thrips_mites,test
வேர் அழுகல் நோய்க்கு என்ன செய்யணும்,வேர் அழுகல் நோய்ககு என்ன செய்யணும்,tamil,spelling_error,root_rot,test
வேர் அழுகல் நோய்க்கு என்ன செய்யணும்,வேர் அழுகல் நோய்க்கு என்ன செய்யனும்,tamil,voice_transcription_error,root_rot,test
organic pest control for moringa,organic pest control for mornga,english,spelling_error,organic_farming,test
organic pest control for moringa,organic past control for moringa,english,voice_transcription_error,organic_farming,test
வீரிய ரக தக்காளி விதை,வீரிய ரக தககாளி விதை,tamil,spelling_error,seed_selection,test
பருத்தி பயிருக்கு ஏதோ நோய் வந்துருக்கு,பருத்தி பயிருககு ஏதோ நோய் வந்துருக்கு,tamil,spelling_error,crop_disease,test
பருத்தி பயிருக்கு ஏதோ நோய் வந்துருக்கு,பருத்திபயிருக்கு ஏதோ னோய் வந்துருக்கு,tamil,voice_transcription_error,crop_disease,test
வீரிய ரக வாழை விதை,வீரிய ரக வாளை விதை,tamil,spelling_error,seed_selection,test
good morning,good mrning,english,spelling_error,greeting,test
chilli roots are rotting,chilli roots are rottting,english,spelling_error,root_rot,test
uram ethana thadava pirichu podanum,uram ehtana thadava pirichu podanum,tanglish,spelling_error,fertilizer_timing,test
uram ethana thadava pirichu podanum,uram ethana thadava pirichu podanuma,tanglish,phonetic,fertilizer_timing,test
uram ethana thadava pirichu podanum,uram ethanathadava pirichu podanum,tanglish,voice_transcription_error,fertilizer_timing,test
தழைச்சத்து குறைபாடு அறிகுறி,தழைசசத்து குறைபாடு அறிகுறி,tamil,spelling_error,nitrogen_deficiency,test
தழைச்சத்து குறைபாடு அறிகுறி,தளைச்சத்துகுறைபாடு அறிகுறி,tamil,voice_transcription_error,nitrogen_deficiency,test
blight in maize field,blight in maize fied,english,spelling_error,leaf_blight,test
manjal sedi fulla kaanju sethu pochu,mnajal sedi fulla kaanju sethu pochu,tanglish,spelling_error,wilting,test
manjal sedi fulla kaanju sethu pochu,manjal sedi fulla kaanju seth pochu,tanglish,phonetic,wilting,test
manjal sedi fulla kaanju sethu pochu,manjal sedi fulla kaanju sethupochu,tanglish,voice_transcription_error,wilting,test
thennai leaf la spots varudhu,thennai leaf la spots varuhdu,tanglish,spelling_error,leaf_spot,test
thennai leaf la spots varudhu,thennai leaf la spots varuthu,tanglish,phonetic,leaf_spot,test
thennai leaf la spots varudhu,thennaileaf la spots varudu,tanglish,voice_transcription_error,leaf_spot,test
paruthi la ilai pen,paruthi la iali pen,tanglish,spelling_error,thrips_mites,test
paruthi la ilai pen,paruththi la ilai pen,tanglish,phonetic,thrips_mites,test
paruthi la ilai pen,paruthi la ilaipen,tanglish,voice_transcription_error,thrips_mites,test
மிளகாய் காயில ஓட்டை புழு இருக்கு,மிளகாய் காயில ஓடடை புழு இருக்கு,tamil,spelling_error,fruit_borer,test
மிளகாய் காயில ஓட்டை புழு இருக்கு,மிளகாய் காயில ஓட்டை புழுஇருக்கு,tamil,voice_transcription_error,fruit_borer,test
tiny white insects fly when I shake chilli plant,tiny white insecs fly when I shake chilli plant,english,spelling_error,whitefly,test
tiny white insects fly when I shake chilli plant,tiny white insex fly when i shake chilli plant,english,voice_transcription_error,whitefly,test
iron deficiency in chilli,iron deficieency in chilli,english,spelling_error,micronutrient_deficiency,test
murungai sedi fulla kaanju sethu pochu,murngai sedi fulla kaanju sethu pochu,tanglish,spelling_error,wilting,test
murungai sedi fulla kaanju sethu pochu,murungai sedi fulla kaanju sethu pochi,tanglish,phonetic,wilting,test
murungai sedi fulla kaanju sethu pochu,murungai sedi fulla kaanjusethu pochu,tanglish,voice_transcription_error,wilting,test
borewell la thanni korainju pochu,borewell la thanni korainju pcohu,tanglish,spelling_error,water_shortage,test
borewell la thanni korainju pochu,borewell la thannee korainju pochu,tanglish,phonetic,water_shortage,test
borewell la thanni korainju pochu,borewell la thanni korainjupochu,tanglish,voice_transcription_error,water_shortage,test
தக்காளி காயில ஓட்டை புழு இருக்கு,தக்காளி காயில ஓடடை புழு இருக்கு,tamil,spelling_error,fruit_borer,test
மக்காச்சோளம் நடு குருத்து காயுது,மக்காச்சோளம நடு குருத்து காயுது,tamil,spelling_error,stem_borer,test
மக்காச்சோளம் நடு குருத்து காயுது,மக்காச்சோளம் னடு குருத்து காயுது,tamil,voice_transcription_error,stem_borer,test
soil health card enga kidaikum,soil health carrd enga kidaikum,tanglish,spelling_error,soil_testing,test
soil health card enga kidaikum,soil health card engae kidaikum,tanglish,phonetic,soil_testing,test
soil health card enga kidaikum,soil health card engakidaikum,tanglish,voice_transcription_error,soil_testing,test
மிளகாய் அசுவினி தாக்குதல்,மிளகாய அசுவினி தாக்குதல்,tamil,spelling_error,aphids,test
மிளகாய் அசுவினி தாக்குதல்,மிளகாய் அசுவினிதாக்குதல்,tamil,voice_transcription_error,aphids,test
முருங்கை பயிர் வெளிர் பச்சையா இருக்கு,முருங்கை பயிர்வெளிர் பச்சையா இருக்கு,tamil,voice_transcription_error,nitrogen_deficiency,test
jeevamirtham epdi seiyradhu,jeevamirtham edi seiyradhu,tanglish,spelling_error,organic_fertilizer,test
jeevamirtham epdi seiyradhu,jivamirtham epdi seiyradhu,tanglish,phonetic,organic_fertilizer,test
jeevamirtham epdi seiyradhu,jeevamirtham epdiseiyradu,tanglish,voice_transcription_error,organic_fertilizer,test
brinjal rotting before harvest,brinnjal rotting before harvest,english,spelling_error,fruit_rot,test
brinjal rotting before harvest,brinjol rotting before harvest,english,voice_transcription_error,fruit_rot,test
chilli rate in market,chilli raate in market,english,spelling_error,market_price,test
manjal ilai manjala aguthu enna reason,manjal ilai manjala aguthu ennna reason,tanglish,spelling_error,yellow_leaf,test
manjal ilai manjala aguthu enna reason,manjel ilai manjala aguthu enna reason,tanglish,phonetic,yellow_leaf,test
manjal ilai manjala aguthu enna reason,manjal ilai manjalaaguthu enna reason,tanglish,voice_transcription_error,yellow_leaf,test
paasi payaru ilai madangudhu enna reason,paasi payaru illai madangudhu enna reason,tanglish,spelling_error,leaf_curl,test
paasi payaru ilai madangudhu enna reason,paasi payaru ilai madangudu ennareason,tanglish,voice_transcription_error,leaf_curl,test
சந்தையில மக்காச்சோளம் ரேட் எவ்வளவு,சன்தையில மக்காச்சோளம் ரேட் எவ்வளவு,tamil,spelling_error,market_price,test
thrips in cotton,thrips in catton,english,spelling_error,thrips_mites,test
innaiku marundhu adikalaama mazhai varuma,innaiku marundhu adikalaama mazhai varmua,tanglish,spelling_error,weather,test
innaiku marundhu adikalaama mazhai varuma,innaiku marundhu adikalaama mazha varuma,tanglish,phonetic,weather,test
innaiku marundhu adikalaama mazhai varuma,innaikumarundu adikalaama malai varuma,tanglish,voice_transcription_error,weather,test
leaf spot disease in groundnut,lefa spot disease in groundnut,english,spelling_error,leaf_spot,test
nel ilai surutu puzhu,nel ilai surutu puzzhu,tanglish,spelling_error,leaf_folder,test
nel ilai surutu puzhu,nel ilai surutu puzu,tanglish,phonetic,leaf_folder,test
nel ilai surutu puzhu,nel ilaisurutu pulu,tanglish,voice_transcription_error,leaf_folder,test
நெல் கதிர் வெள்ளையா காலியா இருக்கு,நெள் கதிர் வெள்ளையா காலியா இருக்கு,tamil,spelling_error,stem_borer,test
நெல் கதிர் வெள்ளையா காலியா இருக்கு,னெள்கதிர் வெள்ளையா காலியா இருக்கு,tamil,voice_transcription_error,stem_borer,test
நிலக்கடலை பயிருக்கு ஏதோ நோய் வந்துருக்கு,நிலக்கடலை பயிருக்கு ஏதோ நோய் வநதுருக்கு,tamil,spelling_error,crop_disease,test
நிலக்கடலை பயிருக்கு ஏதோ நோய் வந்துருக்கு,நிளக்கடலை பயிருக்கு ஏதோ நோய் வந்துருக்கு,tamil,voice_transcription_error,crop_disease,test
இப்போ கத்தரி நடலாமா,இப்போ கத்தரி னடலாமா,tamil,spelling_error,sowing_time,test
how to control pests in black gram,how to control pess in black gram,english,spelling_error,pest_attack,test
how to control pests in black gram,how to control pasts in black gram,english,voice_transcription_error,pest_attack,test
mazhai ku apram ulundhu saanjiruchu,mazhai ku apram ulundhu sanjiruchu,tanglish,spelling_error,rain_damage,test
mazhai ku apram ulundhu saanjiruchu,malai ku apram ulundhu saanjiruchu,tanglish,phonetic,rain_damage,test
mazhai ku apram ulundhu saanjiruchu,malai ku apramulundu saanjiruchu,tanglish,voice_transcription_error,rain_damage,test
pest attack in my moringa,past attack in my moringa,english,spelling_error,pest_attack,test
பாசிப்பயறு காயில ஓட்டை புழு இருக்கு,பாசிப்பயறு காயில ஓட்டை புழு இருககு,tamil,spelling_error,fruit_borer,test
பாசிப்பயறு காயில ஓட்டை புழு இருக்கு,பாசிப்பயருகாயில ஓட்டை புழு இருக்கு,tamil,voice_transcription_error,fruit_borer,test
cotton ilai madangudhu enna reason,cotton ilia madangudhu enna reason,tanglish,spelling_error,leaf_curl,test
cotton ilai madangudhu enna reason,cotton illai madangudhu enna reason,tanglish,phonetic,leaf_curl,test
cotton ilai madangudhu enna reason,cotton ilaimadangudu enna reason,tanglish,voice_transcription_error,leaf_curl,test
நெல் விவசாயிகளுக்கு ஏதாவது திட்டம்,நெல் விவசாயிகளுக்கு ஏதாவது திடடம்,tamil,spelling_error,government_scheme,test
romba veyil thakkali poo udhirudhu,rombba veyil thakkali poo udhirudhu,tanglish,spelling_error,heat_stress,test
romba veyil thakkali poo udhirudhu,rmba veyil thakkali poo udhirudhu,tanglish,phonetic,heat_stress,test
romba veyil thakkali poo udhirudhu,romba veyilthakkali poo udirudu,tanglish,voice_transcription_error,heat_stress,test
blight in onion field,blight in onoon field,english,spelling_error,leaf_blight,test
கத்தரி செடி இலை மடங்குது,கத்தரி செடி இளை மடங்குது,tamil,spelling_error,leaf_curl,test
கத்தரி செடி இலை மடங்குது,கத்தரி செடிஇளை மடங்குது,tamil,voice_transcription_error,leaf_curl,test
takkali ilai madangudhu enna reason,takkali ilai madangudu enna reason,tanglish,spelling_error,leaf_curl,test
takkali ilai madangudhu enna reason,takkali ilai madangudu ennareason,tanglish,voice_transcription_error,leaf_curl,test
tamil nadu vivasaya thittam,tamil nadu vivasaya thttam,tanglish,spelling_error,government_scheme,test
tamil nadu vivasaya thittam,tamil nadu vivasaya thitam,tanglish,phonetic,government_scheme,test
tamil nadu vivasaya thittam,tamil naduvivasaya thittam,tanglish,voice_transcription_error,government_scheme,test
leaf spot disease in urad,leaf spot disease in uraad,english,spelling_error,leaf_spot,test
tiny white insects fly when I shake moong plant,tuny white insects fly when I shake moong plant,english,spelling_error,whitefly,test
tiny white insects fly when I shake moong plant,tiny white insex fly when i shake moong plant,english,voice_transcription_error,whitefly,test
black gram roots are rotting,black gam roots are rotting,english,spelling_error,root_rot,test
how to upload a leaf picture,how to upload a leaf pitcure,english,spelling_error,image_upload_help,test
மஞ்சள் எப்போ விதைக்கணும்,மஞ்சள் எப்போ விதைக்கணும,tamil,spelling_error,sowing_time,test
மஞ்சள் எப்போ விதைக்கணும்,மஞ்சள்எப்போ விதைக்கணும்,tamil,voice_transcription_error,sowing_time,test
thrips in groundnut,thrrips in groundnut,english,spelling_error,thrips_mites,test
organic pest control for turmeric,organic pet control for turmeric,english,spelling_error,organic_farming,test
organic pest control for turmeric,organic past control for turmeric,english,voice_transcription_error,organic_farming,test
turmeric rate in market,turmeric raate in market,english,spelling_error,market_price,test
மண் மேல வெள்ளை படிவு இருக்கு,மண மேல வெள்ளை படிவு இருக்கு,tamil,spelling_error,soil_ph,test
மண் மேல வெள்ளை படிவு இருக்கு,மண் மேள வெள்ளை படிவு இருக்கு,tamil,voice_transcription_error,soil_ph,test
mazhai ku apram brinjal saanjiruchu,mazhai ku apram brinjal saaniruchu,tanglish,spelling_error,rain_damage,test
mazhai ku apram brinjal saanjiruchu,mazha ku apram brinjal saanjiruchu,tanglish,phonetic,rain_damage,test
mazhai ku apram brinjal saanjiruchu,malaiku apram brinjal saanjiruchu,tanglish,voice_transcription_error,rain_damage,test
how to increase organic matter in soil,how to increase orgaic matter in soil,english,spelling_error,soil_health,test
coconut leaves purple and plant stunted,coconut leavees purple and plant stunted,english,spelling_error,phosphorus_deficiency,test
coconut leaves purple and plant stunted,coconut leafs purple and plant stunted,english,voice_transcription_error,phosphorus_deficiency,test
பிஎம் கிசான் அடுத்த தவணை எப்போ,பிஎம் கிசான் அடுத்த தவனை எப்போ,tamil,spelling_error,pm_kisan,test
organic pest control for sugarcane,orgnic pest control for sugarcane,english,spelling_error,organic_farming,test
organic pest control for sugarcane,organic past control for sugarcane,english,voice_transcription_error,organic_farming,test
when to harvest coconut,when to harvest cocount,english,spelling_error,harvesting,test
when to harvest coconut,when to harvist coconut,english,voice_transcription_error,harvesting,test
paddy transplanter machine,puddy transplanter machine,english,spelling_error,farm_machinery,test
paddy transplanter machine,party transplanter machine,english,voice_transcription_error,farm_machinery,test
மானாவாரி நிலத்துக்கு என்ன பயிர்,மானாவாரி நிலத்துக்கு எனன பயிர்,tamil,spelling_error,drought,test
மானாவாரி நிலத்துக்கு என்ன பயிர்,மானாவாரி நிளத்துக்குஎன்ன பயிர்,tamil,voice_transcription_error,drought,test
katharikai la asuvini,katharikai la auvini,tanglish,spelling_error,aphids,test
katharikai la asuvini,katharikai la asuveni,tanglish,phonetic,aphids,test
katharikai la asuvini,katharikaila asuvini,tanglish,voice_transcription_error,aphids,test
how much water does chilli need,how much water deos chilli need,english,spelling_error,irrigation,test
romba veyil cotton poo udhirudhu,romba veyil catton poo udhirudhu,tanglish,spelling_error,heat_stress,test
romba veyil cotton poo udhirudhu,romba veyil cotton pu udhirudhu,tanglish,phonetic,heat_stress,test
romba veyil cotton poo udhirudhu,rombaveyil cotton poo udirudu,tanglish,voice_transcription_error,heat_stress,test
pest attack in my tomato,pesst attack in my tomato,english,spelling_error,pest_attack,test
pest attack in my tomato,past attack in my tomato,english,voice_transcription_error,pest_attack,test
iron deficiency in cotton,iron deficiecy in cotton,english,spelling_error,micronutrient_deficiency,test
விதை மானியம் எங்க கிடைக்கும்,விதை மானியம் எங்ககிடைக்கும்,tamil,voice_transcription_error,subsidy,test
bio fertilizer na enna,bio fertilizr na enna,tanglish,spelling_error,agri_general_info,test
bio fertilizer na enna,bio fertiliser na enna,tanglish,phonetic,agri_general_info,test
bio fertilizer na enna,bio fertilizer naenna,tanglish,voice_transcription_error,agri_general_info,test
மிளகாய் உர அட்டவணை சொல்லுங்க,மிளகாய் உர அடடவணை சொல்லுங்க,tamil,spelling_error,fertilizer,test
mel uram eppo,mel uam eppo,tanglish,spelling_error,fertilizer_timing,test
mel uram eppo,mel uram eppa,tanglish,phonetic,fertilizer_timing,test
mel uram eppo,mel urameppo,tanglish,voice_transcription_error,fertilizer_timing,test
thrips in chilli,trips in chilli,english,spelling_error,thrips_mites,test
thanni evlo vidanum,thanni evo vidanum,tanglish,spelling_error,irrigation,test
thanni evlo vidanum,thanni evlo vidanuma,tanglish,phonetic,irrigation,test
thanni evlo vidanum,thanni evlovidanum,tanglish,voice_transcription_error,irrigation,test
மிளகாய் பயிருக்கு ஏதோ நோய் வந்துருக்கு,மிளகாய் பயிருக்கு ஏதோ னோய் வந்துருக்கு,tamil,spelling_error,crop_disease,test
banana leaves purple and plant stunted,banana leavves purple and plant stunted,english,spelling_error,phosphorus_deficiency,test
banana leaves purple and plant stunted,banana leafs purple and plant stunted,english,voice_transcription_error,phosphorus_deficiency,test
sedi thongudhu,sedi thogudhu,tanglish,spelling_error,wilting,test
sedi thongudhu,sedi thongudh,tanglish,phonetic,wilting,test
sedi thongudhu,sedi thongudu,tanglish,voice_transcription_error,wilting,test
இப்போ மக்காச்சோளம் நடலாமா,இப்போ மக்காச்சோளம் னடலாமா,tamil,spelling_error,sowing_time,test
older leaves scorched at margins in chilli,older leaves scorched at margins in cihlli,english,spelling_error,potassium_deficiency,test
older leaves scorched at margins in chilli,older leafs scorched at margins in chilli,english,voice_transcription_error,potassium_deficiency,test
வாழை உர அட்டவணை சொல்லுங்க,வாழை உர அட்டவனை சொல்லுங்க,tamil,spelling_error,fertilizer,test
வாழை உர அட்டவணை சொல்லுங்க,வாளை உர அட்டவணை சொல்லுங்க,tamil,voice_transcription_error,fertilizer,test
older leaves scorched at margins in rice,ollder leaves scorched at margins in rice,english,spelling_error,potassium_deficiency,test
older leaves scorched at margins in rice,older leafs scorched at margins in rice,english,voice_transcription_error,potassium_deficiency,test
pest attack in my groundnut,pest atack in my groundnut,english,spelling_error,pest_attack,test
pest attack in my groundnut,past attack in my groundnut,english,voice_transcription_error,pest_attack,test
vengayam ilai nuni la irundhu kaayudhu,vegayam ilai nuni la irundhu kaayudhu,tanglish,spelling_error,leaf_blight,test
vengayam ilai nuni la irundhu kaayudhu,vengayam ilai noni la irundhu kaayudhu,tanglish,phonetic,leaf_blight,test
vengayam ilai nuni la irundhu kaayudhu,vengayam ilai nuni lairundu kaayudu,tanglish,voice_transcription_error,leaf_blight,test
crop insurance claim after flood,crop insurance caim after flood,english,spelling_error,crop_insurance,test
coconut rotting before harvest,cocnout rotting before harvest,english,spelling_error,fruit_rot,test
coconut rotting before harvest,coconut rotting before harvist,english,voice_transcription_error,fruit_rot,test
tomato leaves purple and plant stunted,tomaato leaves purple and plant stunted,english,spelling_error,phosphorus_deficiency,test
tomato leaves purple and plant stunted,tomato leafs purple and plant stunted,english,voice_transcription_error,phosphorus_deficiency,test
kadalai la ilai pen,kadalai la ilia pen,tanglish,spelling_error,thrips_mites,test
kadalai la ilai pen,kadala la ilai pen,tanglish,phonetic,thrips_mites,test
kadalai la ilai pen,kadalai lailai pen,tanglish,voice_transcription_error,thrips_mites,test
signs of maize maturity,signs of maize matority,english,spelling_error,harvesting,test
வெள்ளத்துக்கு காப்பீடு இழப்பீடு,வெள்ளத்துக்கு காப்பீடு இளப்பீடு,tamil,spelling_error,crop_insurance,test
மிளகாய் பயிருக்கு இயற்கை பூச்சி விரட்டி,மிளகாய பயிருக்கு இயற்கை பூச்சி விரட்டி,tamil,spelling_error,organic_farming,test
மிளகாய் பயிருக்கு இயற்கை பூச்சி விரட்டி,மிளகாய் பயிருக்கு இயர்கை பூச்சி விரட்டி,tamil,voice_transcription_error,organic_farming,test
leaf spot disease in moong,leaaf spot disease in moong,english,spelling_error,leaf_spot,test
ilai photo epdi anupradhu,ilai phooto epdi anupradhu,tanglish,spelling_error,image_upload_help,test
ilai photo epdi anupradhu,ilai photo eppadi anupradhu,tanglish,phonetic,image_upload_help,test
ilai photo epdi anupradhu,ilai photo epdianupradu,tanglish,voice_transcription_error,image_upload_help,test
வயல்ல நோய் வேகமா பரவுது என்ன பண்றது,வயல்ல நோய் வேகமா பரவுது என்ன பண்ரது,tamil,spelling_error,crop_disease,test
வயல்ல நோய் வேகமா பரவுது என்ன பண்றது,வயள்ல னோய் வேகமா பரவுது என்ன பண்றது,tamil,voice_transcription_error,crop_disease,test
தக்காளி பயிருக்கு சொட்டு நீர் பாசனம் நல்லதா,தக்காளி பயிருக்கு சொட்டு நீர் பாசனம நல்லதா,tamil,spelling_error,drip_irrigation,test
தக்காளி பயிருக்கு சொட்டு நீர் பாசனம் நல்லதா,தக்காளி பயிருக்கு சொட்டு நீர் பாசனம்நல்லதா,tamil,voice_transcription_error,drip_irrigation,test
பாசிப்பயறு செடி இலை மடங்குது,பாசிப்பயரு செடி இலை மடங்குது,tamil,spelling_error,leaf_curl,test
பாசிப்பயறு செடி இலை மடங்குது,பாசிப்பயறு செடி இலைமடங்குது,tamil,voice_transcription_error,leaf_curl,test
thanks very helpful,thanks veyr helpful,english,spelling_error,thanks,test
செடி குட்டையா இலை கருநீலமா இருக்கு,செடி குட்டையா இலை கருநீலமா இருககு,tamil,spelling_error,phosphorus_deficiency,test
செடி குட்டையா இலை கருநீலமா இருக்கு,செடிகுட்டையா இளை கருனீலமா இருக்கு,tamil,voice_transcription_error,phosphorus_deficiency,test
வாழை பயிருக்கு இயற்கை பூச்சி விரட்டி,வாளை பயிருக்கு இயற்கை பூச்சி விரட்டி,tamil,spelling_error,organic_farming,test
how to control pests in small onion,how to conrol pests in small onion,english,spelling_error,pest_attack,test
how to control pests in small onion,how to control pasts in small onion,english,voice_transcription_error,pest_attack,test
when to harvest tomato,wheen to harvest tomato,english,spelling_error,harvesting,test
when to harvest tomato,when to harvist tomato,english,voice_transcription_error,harvesting,test
makkacholam kaaya vaikanum epdi,makkacholam kaaya vaaikanum epdi,tanglish,spelling_error,post_harvest_storage,test
makkacholam kaaya vaikanum epdi,makkacholam kaaya vaikanum eppadi,tanglish,phonetic,post_harvest_storage,test
makkacholam kaaya vaikanum epdi,makkacholam kaaya vaikanumepdi,tanglish,voice_transcription_error,post_harvest_storage,test
வயல்ல மழைத்தண்ணி தேங்கி நிக்குது,வயல்ல மழைத்தன்ணி தேங்கி நிக்குது,tamil,spelling_error,rain_damage,test
வயல்ல மழைத்தண்ணி தேங்கி நிக்குது,வயல்ல மழைத்தண்ணி தேங்கினிக்குது,tamil,voice_transcription_error,rain_damage,test
milaga sedi fulla kaanju sethu pochu,milaga sedi fulla kaanju setthu pochu,tanglish,spelling_error,wilting,test
milaga sedi fulla kaanju sethu pochu,milaga sedi fulla kaanju sethu pochi,tanglish,phonetic,wilting,test
milaga sedi fulla kaanju sethu pochu,milaga sedi fulla kaanjusethu pochu,tanglish,voice_transcription_error,wilting,test
பிஎம் கிசான் பணம் வரல,பிஎம் கிசான பணம் வரல,tamil,spelling_error,pm_kisan,test
பிஎம் கிசான் பணம் வரல,பிஎம்கிசான் பணம் வரல,tamil,voice_transcription_error,pm_kisan,test
maize ilai nuni la irundhu kaayudhu,maize ilai nuni la irundhu kaayuhdu,tanglish,spelling_error,leaf_blight,test
maize ilai nuni la irundhu kaayudhu,maize illai nuni la irundhu kaayudhu,tanglish,phonetic,leaf_blight,test
maize ilai nuni la irundhu kaayudhu,maize ilai nuni lairundu kaayudu,tanglish,voice_transcription_error,leaf_blight,test
iron deficiency in urad,irn deficiency in urad,english,spelling_error,micronutrient_deficiency,test
paruthi la asuvini,paruthi la auvini,tanglish,spelling_error,aphids,test
paruthi la asuvini,paruthi la asuveni,tanglish,phonetic,aphids,test
paruthi la asuvini,paruthi laasuvini,tanglish,voice_transcription_error,aphids,test
கத்தரி அசுவினி தாக்குதல்,கத்தரி அசுவினி தாக்குதள்,tamil,spelling_error,aphids,test
my soil is salty what to do,my soil is slty what to do,english,spelling_error,soil_ph,test
சந்தையில நிலக்கடலை ரேட் எவ்வளவு,சநதையில நிலக்கடலை ரேட் எவ்வளவு,tamil,spelling_error,market_price,test
சந்தையில நிலக்கடலை ரேட் எவ்வளவு,சந்தையிள நிலக்கடலை ரேட் எவ்வளவு,tamil,voice_transcription_error,market_price,test
mazhai ku apram cholam saanjiruchu,mazhai ku apram chloam saanjiruchu,tanglish,spelling_error,rain_damage,test
mazhai ku apram cholam saanjiruchu,mazhai ku apram solam saanjiruchu,tanglish,phonetic,rain_damage,test
mazhai ku apram cholam saanjiruchu,malai ku apram cholamsaanjiruchu,tanglish,voice_transcription_error,rain_damage,test
how much water does paddy need,how much waetr does paddy need,english,spelling_error,irrigation,test
how much water does paddy need,how much water does party need,english,voice_transcription_error,irrigation,test
mann valam epdi adhigarikiradhu,mann valam epi adhigarikiradhu,tanglish,spelling_error,soil_health,test
mann valam epdi adhigarikiradhu,man valam epdi adhigarikiradhu,tanglish,phonetic,soil_health,test
mann valam epdi adhigarikiradhu,mann valam epdiadigarikiradu,tanglish,voice_transcription_error,soil_health,test
maanaavaari nilathuku enna payir,maanaavaari nilathuku ena payir,tanglish,spelling_error,drought,test
maanaavaari nilathuku enna payir,maanaavaari nilathuku enna paiyir,tanglish,phonetic,drought,test
maanaavaari nilathuku enna payir,maanaavaari nilathuku ennapayir,tanglish,voice_transcription_error,drought,test
IPM na enna,IPM na enan,tanglish,spelling_error,agri_general_info,test
IPM na enna,IPM na ena,tanglish,phonetic,agri_general_info,test
IPM na enna,ipm naenna,tanglish,voice_transcription_error,agri_general_info,test
maatu saanam uram uluntu ku,maatu saanam oram uluntu ku,tanglish,phonetic,organic_fertilizer,test
maatu saanam uram uluntu ku,maatu saanam uramuluntu ku,tanglish,voice_transcription_error,organic_fertilizer,test
paddy ilai nuni la irundhu kaayudhu,paddy ilai nani la irundhu kaayudhu,tanglish,spelling_error,leaf_blight,test
paddy ilai nuni la irundhu kaayudhu,paddy ilai noni la irundhu kaayudhu,tanglish,phonetic,leaf_blight,test
paddy ilai nuni la irundhu kaayudhu,paddy ilai nunila irundu kaayudu,tanglish,voice_transcription_error,leaf_blight,test
டிரைக்கோடெர்மா விதை நேர்த்தி,டிரைக்கோடெர்மா விதை நேரத்தி,tamil,spelling_error,seed_treatment,test
டிரைக்கோடெர்மா விதை நேர்த்தி,டிரைக்கோடெர்மா விதை னேர்த்தி,tamil,voice_transcription_error,seed_treatment,test
சந்தையில நெல் ரேட் எவ்வளவு,சந்தையிள நெல் ரேட் எவ்வளவு,tamil,spelling_error,market_price,test
சந்தையில நெல் ரேட் எவ்வளவு,சன்தையில நெல் ரேட்எவ்வளவு,tamil,voice_transcription_error,market_price,test
நெல் பயிருக்கு சொட்டு நீர் பாசனம் நல்லதா,நெல் பயிருககு சொட்டு நீர் பாசனம் நல்லதா,tamil,spelling_error,drip_irrigation,test
நெல் பயிருக்கு சொட்டு நீர் பாசனம் நல்லதா,னெள் பயிருக்கு சொட்டு நீர் பாசனம் நல்லதா,tamil,voice_transcription_error,drip_irrigation,test
banana rotting before harvest,baanna rotting before harvest,english,spelling_error,fruit_rot,test
banana rotting before harvest,banana rotting before harvist,english,voice_transcription_error,fruit_rot,test
vengayam ilai manjala aguthu enna reason,vengaam ilai manjala aguthu enna reason,tanglish,spelling_error,yellow_leaf,test
vengayam ilai manjala aguthu enna reason,vengayam ilai manjal ah aguthu enna reason,tanglish,phonetic,yellow_leaf,test
vengayam ilai manjala aguthu enna reason,vengayam ilaimanjala aguthu enna reason,tanglish,voice_transcription_error,yellow_leaf,test
drumstick leaf la spots varudhu,drmstick leaf la spots varudhu,tanglish,spelling_error,leaf_spot,test
drumstick leaf la spots varudhu,drumstick leaf la spots varuthu,tanglish,phonetic,leaf_spot,test
drumstick leaf la spots varudhu,drumstick leafla spots varudu,tanglish,voice_transcription_error,leaf_spot,test
when to harvest maize,when to harvet maize,english,spelling_error,harvesting,test
when to harvest maize,when to harvist maize,english,voice_transcription_error,harvesting,test
signs of tomato maturity,sigs of tomato maturity,english,spelling_error,harvesting,test
pachai payaru kaaya vaikanum epdi,pachai payaru kaaya vaikanum epi,tanglish,spelling_error,post_harvest_storage,test
pachai payaru kaaya vaikanum epdi,pacha payaru kaaya vaikanum epdi,tanglish,phonetic,post_harvest_storage,test
pachai payaru kaaya vaikanum epdi,pachai payaru kaayavaikanum epdi,tanglish,voice_transcription_error,post_harvest_storage,test
nel,nella,tanglish,word_variant,,
nel,nellu,tanglish,word_variant,,
nel,nelu,tanglish,word_variant,,
arisi,arsi,tanglish,word_variant,,
thakkali,takkali,tanglish,word_variant,,
thakkali,thakali,tanglish,word_variant,,
thakkali,tomatto,tanglish,word_variant,,
milagai,milaga,tanglish,word_variant,,
milagai,milagaai,tanglish,word_variant,,
milagai,molagai,tanglish,word_variant,,
vaazhai,vaalai,tanglish,word_variant,,
vaazhai,valai,tanglish,word_variant,,
vaazhai,vazhai,tanglish,word_variant,,
vaazhaipazham,vaalaipalam,tanglish,word_variant,,
vaazhaipazham,valaipazham,tanglish,word_variant,,
vaazhaipazham,vazhaipazham,tanglish,word_variant,,
thennai,tennai,tanglish,word_variant,,
thennai,thenna,tanglish,word_variant,,
thengai,tengai,tanglish,word_variant,,
thengai,thenga,tanglish,word_variant,,
ilaneer,elaneer,tanglish,word_variant,,
ilaneer,ilani,tanglish,word_variant,,
ilaneer,ilanir,tanglish,word_variant,,
karumbu,karambu,tanglish,word_variant,,
karumbu,karimbu,tanglish,word_variant,,
karumbu,karumb,tanglish,word_variant,,
nilakadalai,nila kadalai,tanglish,word_variant,,
nilakadalai,nilakadala,tanglish,word_variant,,
kadalai,kadala,tanglish,word_variant,,
verkadalai,verkadala,tanglish,word_variant,,
paruthi,paruththi,tanglish,word_variant,,
paruthi,paruti,tanglish,word_variant,,
makkacholam,makacholam,tanglish,word_variant,,
makkacholam,makka cholam,tanglish,word_variant,,
makkacholam,makkasolam,tanglish,word_variant,,
cholam,solam,tanglish,word_variant,,
kathirikai,katharikai,tanglish,word_variant,,
kathirikai,kathiri,tanglish,word_variant,,
kathirikai,kathrikai,tanglish,word_variant,,
kathirikai,katirikai,tanglish,word_variant,,
vengayam,vengaayam,tanglish,word_variant,,
vengayam,vengyam,tanglish,word_variant,,
chinna vengayam,sambar vengayam,tanglish,word_variant,,
murungai,murunga,tanglish,word_variant,,
murungakai,murunga kaai,tanglish,word_variant,,
murungakai,murungaikai,tanglish,word_variant,,
manjal,manjel,tanglish,word_variant,,
ulundhu,ulundh,tanglish,word_variant,,
ulundhu,ulundu,tanglish,word_variant,,
ulundhu,ulunthu,tanglish,word_variant,,
ulundhu,uluntu,tanglish,word_variant,,
paasi payaru,paasi payar,tanglish,word_variant,,
paasi payaru,paasipayaru,tanglish,word_variant,,
paasi payaru,pasi payaru,tanglish,word_variant,,
pachai payaru,pachai payar,tanglish,word_variant,,
pachai payaru,pachaipayaru,tanglish,word_variant,,
thuvarai,thuvaram paruppu,tanglish,word_variant,,
thuvarai,tuvarai,tanglish,word_variant,,
kambu,cumbu,tanglish,word_variant,,
kambu,kamb,tanglish,word_variant,,
kezhvaragu,kelvaragu,tanglish,word_variant,,
kezhvaragu,kezhvarag,tanglish,word_variant,,
kezhvaragu,ragi,tanglish,word_variant,,
thinai,tinai,tanglish,word_variant,,
saamai,samai,tanglish,word_variant,,
varagu,varag,tanglish,word_variant,,
varagu,varaghu,tanglish,word_variant,,
ellu,el,tanglish,word_variant,,
ellu,ell,tanglish,word_variant,,
ellu,yellu,tanglish,word_variant,,
sooriyakanthi,sooriyakanti,tanglish,word_variant,,
sooriyakanthi,suriyakanthi,tanglish,word_variant,,
sooriyakanthi,suryakanthi,tanglish,word_variant,,
vendaikai,vendai,tanglish,word_variant,,
vendaikai,vendakai,tanglish,word_variant,,
avarai,avaraikai,tanglish,word_variant,,
poosani,poosanikai,tanglish,word_variant,,
poosani,pusani,tanglish,word_variant,,
pudalai,pudalangai,tanglish,word_variant,,
paavakkai,paavakai,tanglish,word_variant,,
paavakkai,pagarkai,tanglish,word_variant,,
paavakkai,pavakkai,tanglish,word_variant,,
suraikai,surakai,tanglish,word_variant,,
vellarikai,vellari,tanglish,word_variant,,
keerai,kirai,tanglish,word_variant,,
maa,ma,tanglish,word_variant,,
maa,maamaram,tanglish,word_variant,,
maampazham,maampalam,tanglish,word_variant,,
maampazham,mampazham,tanglish,word_variant,,
koiyya,koyya,tanglish,word_variant,,
pappali,papali,tanglish,word_variant,,
pappali,pappaali,tanglish,word_variant,,
elumichai,elimichai,tanglish,word_variant,,
elumichai,lemon,tanglish,word_variant,,
maravalli,kuchi kizhangu,tanglish,word_variant,,
maravalli,maravalli kizhangu,tanglish,word_variant,,
inji,injee,tanglish,word_variant,,
poondu,poond,tanglish,word_variant,,
poondu,pundu,tanglish,word_variant,,
kothamalli,kotamalli,tanglish,word_variant,,
kothamalli,kothamali,tanglish,word_variant,,
kothamalli,malli,tanglish,word_variant,,
karuveppilai,kariveppilai,tanglish,word_variant,,
karuveppilai,karuvepilai,tanglish,word_variant,,
malligai,malli poo,tanglish,word_variant,,
kaapi,coffee,tanglish,word_variant,,
kaapi,kapi,tanglish,word_variant,,
theyilai,tea,tanglish,word_variant,,
theyilai,teyilai,tanglish,word_variant,,
mundhiri,mundiri,tanglish,word_variant,,
mundhiri,munthiri,tanglish,word_variant,,
paakku,paakk,tanglish,word_variant,,
paakku,paaku,tanglish,word_variant,,
paakku,pakku,tanglish,word_variant,,
vetrilai,vethalai,tanglish,word_variant,,
ilai,ela,tanglish,word_variant,,
ilai,elai,tanglish,word_variant,,
ilai,illai,tanglish,word_variant,,
thandu,tandu,tanglish,word_variant,,
thandu,thand,tanglish,word_variant,,
thandu,thandhu,tanglish,word_variant,,
ver,veru,tanglish,word_variant,,
poo,pooh,tanglish,word_variant,,
poo,pu,tanglish,word_variant,,
kaai,kaay,tanglish,word_variant,,
kaai,kai,tanglish,word_variant,,
pazham,palam,tanglish,word_variant,,
pazham,pazam,tanglish,word_variant,,
vidhai,vedhai,tanglish,word_variant,,
vidhai,vidai,tanglish,word_variant,,
vidhai,vithai,tanglish,word_variant,,
kizhangu,kilangu,tanglish,word_variant,,
kizhangu,kizhang,tanglish,word_variant,,
kilai,kelai,tanglish,word_variant,,
kuruthu,kuruth,tanglish,word_variant,,
kuruthu,kuruttu,tanglish,word_variant,,
kuruthu,kurutu,tanglish,word_variant,,
kathir,kadhir,tanglish,word_variant,,
kathir,katir,tanglish,word_variant,,
mani,mani nel,tanglish,word_variant,,
thaar,taar,tanglish,word_variant,,
thaar,thar,tanglish,word_variant,,
seeppu,seepp,tanglish,word_variant,,
seeppu,seepu,tanglish,word_variant,,
seeppu,sippu,tanglish,word_variant,,
olai,oolai,tanglish,word_variant,,
mattai,matta,tanglish,word_variant,,
pattai,patta,tanglish,word_variant,,
sedi,chedi,tanglish,word_variant,,
maram,maaram,tanglish,word_variant,,
naatru,naathu,tanglish,word_variant,,
naatru,naatr,tanglish,word_variant,,
naatru,natru,tanglish,word_variant,,
kandru,kandr,tanglish,word_variant,,
kandru,kannu,tanglish,word_variant,,
nuni,noni,tanglish,word_variant,,
narambu,naramb,tanglish,word_variant,,
mottu,mott,tanglish,word_variant,,
pinju,pinchu,tanglish,word_variant,,
pinju,pinj,tanglish,word_variant,,
thol,tholu,tanglish,word_variant,,
thol,tol,tanglish,word_variant,,
kozhundhu,kolundhu,tanglish,word_variant,,
kozhundhu,kolunthu,tanglish,word_variant,,
kozhundhu,kozhundh,tanglish,word_variant,,
kozhundhu,kozhundu,tanglish,word_variant,,
kozhundhu,kozhunthu,tanglish,word_variant,,
payir,paiyir,tanglish,word_variant,,
payir,payiru,tanglish,word_variant,,
thazhai,tazhai,tanglish,word_variant,,
thazhai,thalai,tanglish,word_variant,,
adi,adi paguthi,tanglish,word_variant,,
noi,nooi,tanglish,word_variant,,
noi,noy,tanglish,word_variant,,
poochi,pooch,tanglish,word_variant,,
poochi,poochchi,tanglish,word_variant,,
poochi,puchi,tanglish,word_variant,,
puzhu,pulu,tanglish,word_variant,,
puzhu,puzh,tanglish,word_variant,,
puzhu,puzu,tanglish,word_variant,,
vandu,vand,tanglish,word_variant,,
vandu,vandhu,tanglish,word_variant,,
ee,i,tanglish,word_variant,,
ee,ie,tanglish,word_variant,,
pen,paen,tanglish,word_variant,,
silandhi,silandi,tanglish,word_variant,,
silandhi,silanthi,tanglish,word_variant,,
asuvini,asuveni,tanglish,word_variant,,
vellai ee,vella ee,tanglish,word_variant,,
vellai ee,vellai i,tanglish,word_variant,,
thulaippan,thulaipaan,tanglish,word_variant,,
thulaippan,thulaipan,tanglish,word_variant,,
thulaippan,tulaippan,tanglish,word_variant,,
surutu puzhu,suruttu puzhu,tanglish,word_variant,,
surutu puzhu,surutu pulu,tanglish,word_variant,,
surutu puzhu,surutu puzh,tanglish,word_variant,,
kambali puzhu,kambali pulu,tanglish,word_variant,,
kambali puzhu,kambali puzh,tanglish,word_variant,,
kambali puzhu,kambilipuzhu,tanglish,word_variant,,
padai puzhu,padai pulu,tanglish,word_variant,,
padai puzhu,padai puzh,tanglish,word_variant,,
padai puzhu,padaipuzhu,tanglish,word_variant,,
vettukili,vettukkili,tanglish,word_variant,,
karaiyan,karayan,tanglish,word_variant,,
eli,yeli,tanglish,word_variant,,
maavu poochi,maavu puchi,tanglish,word_variant,,
maavu poochi,mavu poochi,tanglish,word_variant,,
maavu poochi,mavupoochi,tanglish,word_variant,,
sedhil poochi,sedhil puchi,tanglish,word_variant,,
sedhil poochi,sedil poochi,tanglish,word_variant,,
sedhil poochi,sethil poochi,tanglish,word_variant,,
pugaiyaan,pugaiyan,tanglish,word_variant,,
thathu poochi,tatu poochi,tanglish,word_variant,,
thathu poochi,thathu puchi,tanglish,word_variant,,
thathu poochi,thathupoochi,tanglish,word_variant,,
koon vandu,koon vand,tanglish,word_variant,,
koon vandu,koonvandu,tanglish,word_variant,,
koon vandu,kun vandu,tanglish,word_variant,,
nathai,natai,tanglish,word_variant,,
nathai,nathaai,tanglish,word_variant,,
pulli,puli,tanglish,word_variant,,
pulli,pulli pulli,tanglish,word_variant,,
karuppu pulli,karupu pulli,tanglish,word_variant,,
vaadal,vadal,tanglish,word_variant,,
vaadudhu,vaadudh,tanglish,word_variant,,
vaadudhu,vaadudu,tanglish,word_variant,,
vaadudhu,vaaduthu,tanglish,word_variant,,
vaadudhu,vadudhu,tanglish,word_variant,,
azhugal,alugal,tanglish,word_variant,,
azhugal,azhugel,tanglish,word_variant,,
azhugudhu,alugudhu,tanglish,word_variant,,
azhugudhu,azhugudh,tanglish,word_variant,,
azhugudhu,azhugudu,tanglish,word_variant,,
azhugudhu,azhuguthu,tanglish,word_variant,,
karugal,karugel,tanglish,word_variant,,
karugudhu,karugudh,tanglish,word_variant,,
karugudhu,karugudu,tanglish,word_variant,,
karugudhu,karuguthu,tanglish,word_variant,,
surul,surulu,tanglish,word_variant,,
themal,temal,tanglish,word_variant,,
themal,themel,tanglish,word_variant,,
kaayudhu,kaayudh,tanglish,word_variant,,
kaayudhu,kaayudu,tanglish,word_variant,,
kaayudhu,kaayuthu,tanglish,word_variant,,
kaayudhu,kayudhu,tanglish,word_variant,,
udhirudhu,udhirudh,tanglish,word_variant,,
udhirudhu,udhiruthu,tanglish,word_variant,,
udhirudhu,udirudu,tanglish,word_variant,,
udhirudhu,uthirudhu,tanglish,word_variant,,
kuttai,kutta,tanglish,word_variant,,
saambal noi,sambal noi,tanglish,word_variant,,
thuru,thur,tanglish,word_variant,,
thuru,thuru noi,tanglish,word_variant,,
thuru,turu,tanglish,word_variant,,
poonjai,poonjanam,tanglish,word_variant,,
poonjai,punjai,tanglish,word_variant,,
pooshanam,pusanam,tanglish,word_variant,,
pooshanam,pushanam,tanglish,word_variant,,
vedippu,vedipp,tanglish,word_variant,,
vedippu,vedipu,tanglish,word_variant,,
kasivu,kasiv,tanglish,word_variant,,
kasivu,kasivu varudhu,tanglish,word_variant,,
ottai,otta,tanglish,word_variant,,
sedham,sedam,tanglish,word_variant,,
sedham,setham,tanglish,word_variant,,
thaakkudhal,attack,tanglish,word_variant,,
thaakkudhal,taakkudhal,tanglish,word_variant,,
thaakkudhal,thaakkudal,tanglish,word_variant,,
thaakkudhal,thaakudhal,tanglish,word_variant,,
thaakkudhal,thakkudhal,tanglish,word_variant,,
thollai,tholla,tanglish,word_variant,,
thollai,tollai,tanglish,word_variant,,
pirachanai,prachanai,tanglish,word_variant,,
pirachanai,problem,tanglish,word_variant,,
kalai,kala,tanglish,word_variant,,
sivappu,sivapp,tanglish,word_variant,,
sivappu,sivapu,tanglish,word_variant,,
karuppu,karupp,tanglish,word_variant,,
karuppu,karupu,tanglish,word_variant,,
vellai,vella,tanglish,word_variant,,
pachai,pacha,tanglish,word_variant,,
pazhuppu,brown,tanglish,word_variant,,
pazhuppu,paluppu,tanglish,word_variant,,
pazhuppu,pazhupp,tanglish,word_variant,,
pazhuppu,pazhupu,tanglish,word_variant,,
oodha,ooda,tanglish,word_variant,,
oodha,udha,tanglish,word_variant,,
saambal niram,sambal colour,tanglish,word_variant,,
saambal niram,sambal niram,tanglish,word_variant,,
manjala,manjal ah,tanglish,word_variant,,
manjala,manjalaa,tanglish,word_variant,,
uram,oram,tanglish,word_variant,,
uram,uraam,tanglish,word_variant,,
eru,yeru,tanglish,word_variant,,
thozhu uram,tholu uram,tanglish,word_variant,,
thozhu uram,thozhuvuram,tanglish,word_variant,,
thozhu uram,tozhu uram,tanglish,word_variant,,
saanam,chaanam,tanglish,word_variant,,
saanam,maatu saanam,tanglish,word_variant,,
saanam,sanam,tanglish,word_variant,,
koomiyam,gomiyam,tanglish,word_variant,,
koomiyam,kumiyam,tanglish,word_variant,,
manpuzhu uram,manpulu uram,tanglish,word_variant,,
pasundhaal uram,pasundaal uram,tanglish,word_variant,,
pasundhaal uram,pasundhal uram,tanglish,word_variant,,
pasundhaal uram,pasunthal uram,tanglish,word_variant,,
vepam punnaakku,vepam punnaakk,tanglish,word_variant,,
vepam punnaakku,vepam punnaaku,tanglish,word_variant,,
vepam punnaakku,vepam punnakku,tanglish,word_variant,,
vepam punnaakku,veppam punnakku,tanglish,word_variant,,
punnaakku,punnaakk,tanglish,word_variant,,
punnaakku,punnaaku,tanglish,word_variant,,
punnaakku,punnakku,tanglish,word_variant,,
veppennai,neem oil,tanglish,word_variant,,
veppennai,vepennai,tanglish,word_variant,,
vepilai,veppilai,tanglish,word_variant,,
marundhu,marudhu,tanglish,word_variant,,
marundhu,marunda,tanglish,word_variant,,
marundhu,marundh,tanglish,word_variant,,
marundhu,marundu,tanglish,word_variant,,
marundhu,marunthu,tanglish,word_variant,,
poochi marundhu,poochi marundh,tanglish,word_variant,,
poochi marundhu,poochi marundu,tanglish,word_variant,,
poochi marundhu,poochimarunthu,tanglish,word_variant,,
poochi marundhu,puchi marundhu,tanglish,word_variant,,
kalaikolli,kalai kolli,tanglish,word_variant,,
yuriya,urea,tanglish,word_variant,,
yuriya,uria,tanglish,word_variant,,
yuriya,yuria,tanglish,word_variant,,
dap,d a p,tanglish,word_variant,,
dap,diyepi,tanglish,word_variant,,
potash,potass,tanglish,word_variant,,
potash,pottash,tanglish,word_variant,,
sunnambu,sunambu,tanglish,word_variant,,
sunnambu,sunnamb,tanglish,word_variant,,
jipsam,gypsum,tanglish,word_variant,,
jipsam,jipsum,tanglish,word_variant,,
thuthanaagam,thuthanagam,tanglish,word_variant,,
thuthanaagam,tutanaagam,tanglish,word_variant,,
thuthanaagam,zinc,tanglish,word_variant,,
irumbu,irumb,tanglish,word_variant,,
irumbu,irumbu sathu,tanglish,word_variant,,
thazhai sathu,nitrogen,tanglish,word_variant,,
thazhai sathu,tazhai satu,tanglish,word_variant,,
thazhai sathu,thalai sathu,tanglish,word_variant,,
thazhai sathu,thazhai sath,tanglish,word_variant,,
mani sathu,mani sath,tanglish,word_variant,,
mani sathu,mani satu,tanglish,word_variant,,
mani sathu,manisathu,tanglish,word_variant,,
mani sathu,phosphorus,tanglish,word_variant,,
saambal sathu,saambal sath,tanglish,word_variant,,
saambal sathu,saambal satu,tanglish,word_variant,,
saambal sathu,sambal sathu,tanglish,word_variant,,
nunnoottam,nunnuttam,tanglish,word_variant,,
nunnoottam,nunootam,tanglish,word_variant,,
sathu,sath,tanglish,word_variant,,
sathu,sathhu,tanglish,word_variant,,
sathu,satu,tanglish,word_variant,,
uyir uram,uyiruram,tanglish,word_variant,,
panchagavya,panchakavya,tanglish,word_variant,,
jeevamirtham,jeevamirtam,tanglish,word_variant,,
jeevamirtham,jeevamrutham,tanglish,word_variant,,
jeevamirtham,jivamirtham,tanglish,word_variant,,
meen amilam,min amilam,tanglish,word_variant,,
thelippu,spray,tanglish,word_variant,,
thelippu,telippu,tanglish,word_variant,,
thelippu,thelipp,tanglish,word_variant,,
thelippu,thelipu,tanglish,word_variant,,
thelikkanum,telikkanum,tanglish,word_variant,,
thelikkanum,thelikanum,tanglish,word_variant,,
adikkanum,adikalaama,tanglish,word_variant,,
adikkanum,adikanum,tanglish,word_variant,,
thelippan,sprayer,tanglish,word_variant,,
thelippan,telippan,tanglish,word_variant,,
thelippan,thelipan,tanglish,word_variant,,
pori,poori trap,tanglish,word_variant,,
manjal ottu pori,yellow trap,tanglish,word_variant,,
inakavarchi pori,pheromone trap,tanglish,word_variant,,
vilakku pori,light trap,tanglish,word_variant,,
vilakku pori,vilaku pori,tanglish,word_variant,,
thanni,tanni,tanglish,word_variant,,
thanni,thani,tanglish,word_variant,,
thanni,thannee,tanglish,word_variant,,
thanneer,tanneer,tanglish,word_variant,,
thanneer,thaneer,tanglish,word_variant,,
thanneer,thannir,tanglish,word_variant,,
paasanam,pasanam,tanglish,word_variant,,
paaichal,paichal,tanglish,word_variant,,
sottu neer,drip,tanglish,word_variant,,
sottu neer,sottu nir,tanglish,word_variant,,
sottu neer,sottuneer,tanglish,word_variant,,
thelippu neer,sprinkler,tanglish,word_variant,,
thelippu neer,telippu neer,tanglish,word_variant,,
thelippu neer,thelippu nir,tanglish,word_variant,,
thelippu neer,thelipu neer,tanglish,word_variant,,
kinaru,kenaru,tanglish,word_variant,,
kinaru,kinar,tanglish,word_variant,,
kinaru,kinathu,tanglish,word_variant,,
aazhthulai kinaru,aalthulai kinaru,tanglish,word_variant,,
aazhthulai kinaru,aazhthulai kinar,tanglish,word_variant,,
aazhthulai kinaru,aazhtulai kinaru,tanglish,word_variant,,
aazhthulai kinaru,azhthulai kinaru,tanglish,word_variant,,
aazhthulai kinaru,bore,tanglish,word_variant,,
aazhthulai kinaru,borewell,tanglish,word_variant,,
motor,mottar,tanglish,word_variant,,
vaaikkaal,vaaikaal,tanglish,word_variant,,
vaaikkaal,vaaikal,tanglish,word_variant,,
vaaikkaal,vaikkal,tanglish,word_variant,,
eri,yeri,tanglish,word_variant,,
kulam,kolam,tanglish,word_variant,,
aaru,aar,tanglish,word_variant,,
aaru,aru,tanglish,word_variant,,
anai,anaikattu,tanglish,word_variant,,
varappu,varapp,tanglish,word_variant,,
varappu,varapu,tanglish,word_variant,,
paathi,paati,tanglish,word_variant,,
paathi,pathi,tanglish,word_variant,,
thanni thekkam,tanni tekkam,tanglish,word_variant,,
thanni thekkam,thanni thekam,tanglish,word_variant,,
thanni thekkam,thanni thengudhu,tanglish,word_variant,,
varatchi,varachi,tanglish,word_variant,,
thanni pathala,tanni patala,tanglish,word_variant,,
thanni pathala,thanni pathadhu,tanglish,word_variant,,
eeram,iram,tanglish,word_variant,,
eeram,yeeram,tanglish,word_variant,,
moodaakku,moodaakk,tanglish,word_variant,,
moodaakku,moodaaku,tanglish,word_variant,,
moodaakku,moodakku,tanglish,word_variant,,
moodaakku,mudaakku,tanglish,word_variant,,
moodaakku,mudakku,tanglish,word_variant,,
moodaakku,mulching,tanglish,word_variant,,
current,karant,tanglish,word_variant,,
current,power,tanglish,word_variant,,
mummunai,three phase,tanglish,word_variant,,
mann,man,tanglish,word_variant,,
mann,mannu,tanglish,word_variant,,
sem mann,semmann,tanglish,word_variant,,
karisal mann,karisal,tanglish,word_variant,,
vandal mann,vandal,tanglish,word_variant,,
manal,manalu,tanglish,word_variant,,
kalimann,kali mannu,tanglish,word_variant,,
uvar mann,uvar,tanglish,word_variant,,
kalar mann,kalar,tanglish,word_variant,,
kaaram,karam,tanglish,word_variant,,
amilam,amila,tanglish,word_variant,,
mann parisodhanai,mann parisodanai,tanglish,word_variant,,
mann parisodhanai,mann test,tanglish,word_variant,,
mann parisodhanai,soil test,tanglish,word_variant,,
mann vala attai,soil health card,tanglish,word_variant,,
nilam,nelam,tanglish,word_variant,,
vayal,vayalu,tanglish,word_variant,,
thottam,thotam,tanglish,word_variant,,
thottam,tottam,tanglish,word_variant,,
kollai,kolla,tanglish,word_variant,,
nanjai,nansai,tanglish,word_variant,,
punjai,punsai,tanglish,word_variant,,
maanaavaari,manavari,tanglish,word_variant,,
iravai,eravai,tanglish,word_variant,,
uzhavu,ulavu,tanglish,word_variant,,
uzhavu,uzhav,tanglish,word_variant,,
kalappai,kalapai,tanglish,word_variant,,
sethu,seru,tanglish,word_variant,,
sethu,seth,tanglish,word_variant,,
sethu,setu,tanglish,word_variant,,
kuzhi,kuli,tanglish,word_variant,,
saal,saalu,tanglish,word_variant,,
saal,sal,tanglish,word_variant,,
vidhaippu,vidaippu,tanglish,word_variant,,
vidhaippu,vidhaipp,tanglish,word_variant,,
vidhaippu,vidhaipu,tanglish,word_variant,,
vidhaippu,vithaippu,tanglish,word_variant,,
vidhaikanum,vidaikanum,tanglish,word_variant,,
vidhaikanum,vidhaikkanum,tanglish,word_variant,,
nadavu,nadav,tanglish,word_variant,,
nadavu,nadhavu,tanglish,word_variant,,
naatrangaal,natrangal,tanglish,word_variant,,
kalai edukkanum,kala edukanum,tanglish,word_variant,,
kalai edukkanum,kalai edukanum,tanglish,word_variant,,
aruvadai,aruvada,tanglish,word_variant,,
aruvadai,aruvadhai,tanglish,word_variant,,
aruppu,arupp,tanglish,word_variant,,
aruppu,arupu,tanglish,word_variant,,
kaaya vaikanum,kaya vaikanum,tanglish,word_variant,,
semippu,semipp,tanglish,word_variant,,
semippu,semipu,tanglish,word_variant,,
semippu,store,tanglish,word_variant,,
kudhir,kudir,tanglish,word_variant,,
kudhir,kuthir,tanglish,word_variant,,
kidangu,godown,tanglish,word_variant,,
kidangu,kidang,tanglish,word_variant,,
mootai,moota,tanglish,word_variant,,
mootai,mutai,tanglish,word_variant,,
mootai,mutta,tanglish,word_variant,,
poo pookudhu,poo pookudh,tanglish,word_variant,,
poo pookudhu,poo pookudu,tanglish,word_variant,,
poo pookudhu,poo pookuthu,tanglish,word_variant,,
poo pookudhu,pu pukudhu,tanglish,word_variant,,
kathir varudhu,kadhir varuthu,tanglish,word_variant,,
kathir varudhu,kathir varudh,tanglish,word_variant,,
kathir varudhu,kathir varudu,tanglish,word_variant,,
kathir varudhu,katir varudhu,tanglish,word_variant,,
pinju pidikka,pinju pidika,tanglish,word_variant,,
pinju pidikka,pinju pidikkala,tanglish,word_variant,,
mulaippu,mulaipp,tanglish,word_variant,,
mulaippu,mulaipu,tanglish,word_variant,,
mulaikkala,mulaikala,tanglish,word_variant,,
kathiradi,kadhiradi,tanglish,word_variant,,
kathiradi,katiradi,tanglish,word_variant,,
thootrudhal,thootradhu,tanglish,word_variant,,
thootrudhal,thootrudal,tanglish,word_variant,,
thootrudhal,thutrudhal,tanglish,word_variant,,
thootrudhal,tootrudhal,tanglish,word_variant,,
paruvam,paruvem,tanglish,word_variant,,
kuruvai,kuruva,tanglish,word_variant,,
samba,sambaa,tanglish,word_variant,,
thaaladi,taaladi,tanglish,word_variant,,
thaaladi,thaladi,tanglish,word_variant,,
navarai,navara,tanglish,word_variant,,
pattam,patam,tanglish,word_variant,,
aadi pattam,adi pattam,tanglish,word_variant,,
thai pattam,tai pattam,tanglish,word_variant,,
thai pattam,thaipattam,tanglish,word_variant,,
vayasu,vayadhu,tanglish,word_variant,,
vayasu,vayas,tanglish,word_variant,,
naal,naalu,tanglish,word_variant,,
naal,nal,tanglish,word_variant,,
vaaram,varam,tanglish,word_variant,,
maasam,masam,tanglish,word_variant,,
varusham,varudam,tanglish,word_variant,,
naalaiku,naalaik,tanglish,word_variant,,
naalaiku,naalaikku,tanglish,word_variant,,
naalaiku,nalaiku,tanglish,word_variant,,
inniku,inaiku,tanglish,word_variant,,
inniku,innaiku,tanglish,word_variant,,
inniku,innik,tanglish,word_variant,,
ippo,ipo,tanglish,word_variant,,
chithirai,chitirai,tanglish,word_variant,,
vaigasi,vaikasi,tanglish,word_variant,,
aani,ani,tanglish,word_variant,,
aadi,adi,tanglish,word_variant,,
aadi,adi maasam,tanglish,word_variant,,
aavani,avani,tanglish,word_variant,,
purattasi,puratasi,tanglish,word_variant,,
aippasi,aipasi,tanglish,word_variant,,
aippasi,ipasi,tanglish,word_variant,,
karthigai,karthikai,tanglish,word_variant,,
karthigai,kartigai,tanglish,word_variant,,
margazhi,margali,tanglish,word_variant,,
thai,tai,tanglish,word_variant,,
thai,thai maasam,tanglish,word_variant,,
maasi,masi,tanglish,word_variant,,
mazhai,mala,tanglish,word_variant,,
mazhai,malai,tanglish,word_variant,,
mazhai,mazha,tanglish,word_variant,,
pani,panee,tanglish,word_variant,,
veyil,veyyil,tanglish,word_variant,,
vekkai,vekai,tanglish,word_variant,,
kaatru,kaathu,tanglish,word_variant,,
kaatru,kaatr,tanglish,word_variant,,
kaatru,katru,tanglish,word_variant,,
puyal,puyalu,tanglish,word_variant,,
vellam,vellem,tanglish,word_variant,,
idi,idi minnal,tanglish,word_variant,,
minnal,minal,tanglish,word_variant,,
aalankatti,alangatti,tanglish,word_variant,,
aalankatti,alankatti,tanglish,word_variant,,
kulir,kulur,tanglish,word_variant,,
vaanilai,vanilai,tanglish,word_variant,,
vaanilai,weather,tanglish,word_variant,,
paruvamazhai,monsoon,tanglish,word_variant,,
paruvamazhai,paruvamalai,tanglish,word_variant,,
megam,megham,tanglish,word_variant,,
saaral,saral,tanglish,word_variant,,
saaral,thooral,tanglish,word_variant,,
vilai,rate,tanglish,word_variant,,
vilai,velai,tanglish,word_variant,,
sandhai,market,tanglish,word_variant,,
sandhai,sandai,tanglish,word_variant,,
sandhai,santhai,tanglish,word_variant,,
uzhavar sandhai,ulavar sandhai,tanglish,word_variant,,
uzhavar sandhai,ulavar santhai,tanglish,word_variant,,
uzhavar sandhai,uzhavar sandai,tanglish,word_variant,,
mandi,mandee,tanglish,word_variant,,
viyaabaari,viyabari,tanglish,word_variant,,
viyaabaari,vyabari,tanglish,word_variant,,
tharagar,broker,tanglish,word_variant,,
tharagar,taragar,tanglish,word_variant,,
tharagar,tharager,tanglish,word_variant,,
kolmudhal,kolmudal,tanglish,word_variant,,
kolmudhal,kolmuthal,tanglish,word_variant,,
kolmudhal nilaiyam,DPC,tanglish,word_variant,,
kolmudhal nilaiyam,kolmudal nilaiyam,tanglish,word_variant,,
labam,laabam,tanglish,word_variant,,
nashtam,loss,tanglish,word_variant,,
nashtam,nastam,tanglish,word_variant,,
selavu,selav,tanglish,word_variant,,
selavu,selavu kanakku,tanglish,word_variant,,
kooli,kuli,tanglish,word_variant,,
velai aal,velai al,tanglish,word_variant,,
velai aal,velaiaal,tanglish,word_variant,,
kadan,kadanu,tanglish,word_variant,,
kadan,loan,tanglish,word_variant,,
vatti,vaddi,tanglish,word_variant,,
maaniyam,maniyam,tanglish,word_variant,,
maaniyam,subsidy,tanglish,word_variant,,
thittam,scheme,tanglish,word_variant,,
thittam,thitam,tanglish,word_variant,,
thittam,tittam,tanglish,word_variant,,
arasu,aras,tanglish,word_variant,,
arasu,government,tanglish,word_variant,,
arasu,govt,tanglish,word_variant,,
kaappeedu,insurance,tanglish,word_variant,,
kaappeedu,kaapeedu,tanglish,word_variant,,
kaappeedu,kaappeed,tanglish,word_variant,,
kaappeedu,kaappidu,tanglish,word_variant,,
kaappeedu,kapeedu,tanglish,word_variant,,
kaappeedu,kappeedu,tanglish,word_variant,,
izhappeedu,ilapeedu,tanglish,word_variant,,
izhappeedu,ilappeedu,tanglish,word_variant,,
izhappeedu,izhapeedu,tanglish,word_variant,,
izhappeedu,izhappeed,tanglish,word_variant,,
izhappeedu,izhappidu,tanglish,word_variant,,
nivaaranam,nivaranam,tanglish,word_variant,,
panam,panamu,tanglish,word_variant,,
kaasu,kaas,tanglish,word_variant,,
kaasu,kasu,tanglish,word_variant,,
thavanai,installment,tanglish,word_variant,,
thavanai,tavanai,tanglish,word_variant,,
thavanai,thavani,tanglish,word_variant,,
patta,pattaa,tanglish,word_variant,,
chitta,sitta,tanglish,word_variant,,
adangal,adangal copy,tanglish,word_variant,,
vivasaya adhigari,agri officer,tanglish,word_variant,,
vivasaya adhigari,vivasaya adigari,tanglish,word_variant,,
velaan thurai,agri department,tanglish,word_variant,,
velaan thurai,velaan turai,tanglish,word_variant,,
velaan thurai,velan thurai,tanglish,word_variant,,
kootturavu sangam,kutturavu sangam,tanglish,word_variant,,
kootturavu sangam,society,tanglish,word_variant,,
vangi,bank,tanglish,word_variant,,
aadhaar,aadaar,tanglish,word_variant,,
aadhaar,aadhar,tanglish,word_variant,,
aadhaar,adhar,tanglish,word_variant,,
vinnappam,apply,tanglish,word_variant,,
vinnappam,vinapam,tanglish,word_variant,,
vinnappam,vinnapam,tanglish,word_variant,,
padhivu,padhiv,tanglish,word_variant,,
padhivu,padivu,tanglish,word_variant,,
padhivu,pathivu,tanglish,word_variant,,
padhivu,register,tanglish,word_variant,,
saandru,certificate,tanglish,word_variant,,
saandru,saandr,tanglish,word_variant,,
saandru,sandru,tanglish,word_variant,,
tractor,tractar,tanglish,word_variant,,
tractor,traktor,tanglish,word_variant,,
power tiller,tiller,tanglish,word_variant,,
rotavator,rotovator,tanglish,word_variant,,
aruvadai iyandhiram,aruvadai iyandiram,tanglish,word_variant,,
aruvadai iyandhiram,harvester,tanglish,word_variant,,
nadavu iyandhiram,nadavu iyandiram,tanglish,word_variant,,
nadavu iyandhiram,transplanter,tanglish,word_variant,,
mannvetti,manvetti,tanglish,word_variant,,
kadappaarai,kadapaarai,tanglish,word_variant,,
kadappaarai,kadapparai,tanglish,word_variant,,
aruval,aruvaal,tanglish,word_variant,,
koodai,kudai,tanglish,word_variant,,
vaadagai,rent,tanglish,word_variant,,
vaadagai,vadagai,tanglish,word_variant,,
iyandhiram,iyandiram,tanglish,word_variant,,
iyandhiram,iyanthiram,tanglish,word_variant,,
iyandhiram,machine,tanglish,word_variant,,
enna,ena,tanglish,word_variant,,
enna,yenna,tanglish,word_variant,,
epdi,epadi,tanglish,word_variant,,
epdi,eppadi,tanglish,word_variant,,
epdi,yepdi,tanglish,word_variant,,
eppo,epo,tanglish,word_variant,,
eppo,eppa,tanglish,word_variant,,
eppo,yeppo,tanglish,word_variant,,
enga,engae,tanglish,word_variant,,
enga,yenga,tanglish,word_variant,,
evlo,evalo,tanglish,word_variant,,
evlo,evlov,tanglish,word_variant,,
evlo,evvalavu,tanglish,word_variant,,
yen,en,tanglish,word_variant,,
yen,yenn,tanglish,word_variant,,
edhu,edh,tanglish,word_variant,,
edhu,edu,tanglish,word_variant,,
edhu,ethu,tanglish,word_variant,,
entha,endha,tanglish,word_variant,,
entha,enta,tanglish,word_variant,,
entha,yentha,tanglish,word_variant,,
yaaru,yaar,tanglish,word_variant,,
yaaru,yaru,tanglish,word_variant,,
iruku,iruk,tanglish,word_variant,,
iruku,irukku,tanglish,word_variant,,
iruku,irukudhu,tanglish,word_variant,,
illa,ila,tanglish,word_variant,,
illa,illai,tanglish,word_variant,,
venum,venuma,tanglish,word_variant,,
venum,vēnum,tanglish,word_variant,,
vendaam,vendam,tanglish,word_variant,,
pannanum,pananum,tanglish,word_variant,,
pannanum,pannanuma,tanglish,word_variant,,
pannalaam,panalam,tanglish,word_variant,,
pannalaam,pannalam,tanglish,word_variant,,
podanum,podanuma,tanglish,word_variant,,
podalaam,podalam,tanglish,word_variant,,
podalaam,podalama,tanglish,word_variant,,
vidanum,vidanuma,tanglish,word_variant,,
romba,rmba,tanglish,word_variant,,
romba,roomba,tanglish,word_variant,,
konjam,konjum,tanglish,word_variant,,
adhigam,adigam,tanglish,word_variant,,
adhigam,athigam,tanglish,word_variant,,
kammi,kami,tanglish,word_variant,,
nalla,nala,tanglish,word_variant,,
kettu pochu,kettu poch,tanglish,word_variant,,
kettu pochu,kettupochu,tanglish,word_variant,,
sollunga,sollu,tanglish,word_variant,,
sollunga,solunga,tanglish,word_variant,,
udhavi,help,tanglish,word_variant,,
udhavi,udavi,tanglish,word_variant,,
udhavi,uthavi,tanglish,word_variant,,
kaaranam,karanam,tanglish,word_variant,,
kaaranam,reason,tanglish,word_variant,,
theervu,teervu,tanglish,word_variant,,
theervu,theerv,tanglish,word_variant,,
theervu,thirvu,tanglish,word_variant,,
vazhi,vali,tanglish,word_variant,,
aagudhu,aagudh,tanglish,word_variant,,
aagudhu,aagudu,tanglish,word_variant,,
aagudhu,aaguthu,tanglish,word_variant,,
aagudhu,agudhu,tanglish,word_variant,,
aagudhu,aguthu,tanglish,word_variant,,
varudhu,varudh,tanglish,word_variant,,
varudhu,varudu,tanglish,word_variant,,
varudhu,varuthu,tanglish,word_variant,,
pochu,poch,tanglish,word_variant,,
pochu,pochi,tanglish,word_variant,,
vandhuruchu,vandhuruch,tanglish,word_variant,,
vandhuruchu,vanduruchu,tanglish,word_variant,,
vandhuruchu,vanthuruchu,tanglish,word_variant,,
mudiyuma,mudiuma,tanglish,word_variant,,
sari,seri,tanglish,word_variant,,
anna,annaa,tanglish,word_variant,,
sir,saar,tanglish,word_variant,,
ayya,aiya,tanglish,word_variant,,
maadu,maad,tanglish,word_variant,,
maadu,madu,tanglish,word_variant,,
aadu,aad,tanglish,word_variant,,
aadu,adu,tanglish,word_variant,,
kozhi,koli,tanglish,word_variant,,
theevanam,teevanam,tanglish,word_variant,,
theevanam,thivanam,tanglish,word_variant,,
paal,pal,tanglish,word_variant,,
meen,mean,tanglish,word_variant,,
meen,min,tanglish,word_variant,,
thenee,tenee,tanglish,word_variant,,
thenee,theni,tanglish,word_variant,,
onnu,onn,tanglish,word_variant,,
onnu,onu,tanglish,word_variant,,
rendu,rend,tanglish,word_variant,,
rendu,rendhu,tanglish,word_variant,,
moonu,moon,tanglish,word_variant,,
moonu,munu,tanglish,word_variant,,
naalu,naal,tanglish,word_variant,,
naalu,nalu,tanglish,word_variant,,
anju,anchu,tanglish,word_variant,,
anju,anj,tanglish,word_variant,,
ezhu,elu,tanglish,word_variant,,
ezhu,ezh,tanglish,word_variant,,
ettu,ett,tanglish,word_variant,,
ombodhu,ombodh,tanglish,word_variant,,
ombodhu,ombodu,tanglish,word_variant,,
ombodhu,onbadhu,tanglish,word_variant,,
pathu,path,tanglish,word_variant,,
pathu,paththu,tanglish,word_variant,,
pathu,patu,tanglish,word_variant,,
kilo,kg,tanglish,word_variant,,
litre,liter,tanglish,word_variant,,
acre,acer,tanglish,word_variant,,
acre,ekkar,tanglish,word_variant,,
hectare,hector,tanglish,word_variant,,
cent,sent,tanglish,word_variant,,
manjala aagudhu,manjal aguthu,tanglish,word_variant,,
manjala aagudhu,manjala aagudh,tanglish,word_variant,,
manjala aagudhu,manjala aagudu,tanglish,word_variant,,
manjala aagudhu,manjala agudhu,tanglish,word_variant,,
manjala aagudhu,manjalaaguthu,tanglish,word_variant,,
karuppa aagudhu,karupa aagudhu,tanglish,word_variant,,
karuppa aagudhu,karupa aguthu,tanglish,word_variant,,
karuppa aagudhu,karuppa aagudh,tanglish,word_variant,,
karuppa aagudhu,karuppa aagudu,tanglish,word_variant,,
karuppa aagudhu,karuppa agudhu,tanglish,word_variant,,
saayudhu,saanjiruchu,tanglish,word_variant,,
saayudhu,saayudh,tanglish,word_variant,,
saayudhu,saayudu,tanglish,word_variant,,
saayudhu,saayuthu,tanglish,word_variant,,
saayudhu,sayudhu,tanglish,word_variant,,
kaai pidikkala,kaai pidikala,tanglish,word_variant,,
kaai pidikkala,kai pidikala,tanglish,word_variant,,
kaai pidikkala,kai pidikkala,tanglish,word_variant,,
poo pookala,poo pukala,tanglish,word_variant,,
poo pookala,pu pukala,tanglish,word_variant,,
valarala,valarale,tanglish,word_variant,,
valarala,valarchi illa,tanglish,word_variant,,
vilaichal,vilachal,tanglish,word_variant,,
vilaichal,yield,tanglish,word_variant,,
magasool,magasul,tanglish,word_variant,,
ragam,ragham,tanglish,word_variant,,
ragam,variety,tanglish,word_variant,,
veeriya ragam,hybrid,tanglish,word_variant,,
veeriya ragam,viriya ragam,tanglish,word_variant,,
naattu ragam,nattu ragam,tanglish,word_variant,,
vidhai nerthi,vidai nerthi,tanglish,word_variant,,
vidhai nerthi,vidhai nerti,tanglish,word_variant,,
vidhai nerthi,vithai nerthi,tanglish,word_variant,,
mulaippu thiran,mulaippu tiran,tanglish,word_variant,,
mulaippu thiran,mulaipu thiran,tanglish,word_variant,,
iyarkai vivasayam,iyarkai vivasaayam,tanglish,word_variant,,
iyarkai vivasayam,organic,tanglish,word_variant,,
vivasayam,vivasaayam,tanglish,word_variant,,
vivasayi,farmer,tanglish,word_variant,,
vivasayi,vivasaayi,tanglish,word_variant,,
uzhavar,ulavar,tanglish,word_variant,,
spray,sprey,tanglish,word_variant,,
spray,spry,tanglish,word_variant,,
medicine,medisin,tanglish,word_variant,,
fertilizer,fertiliser,tanglish,word_variant,,
fertilizer,fertilizar,tanglish,word_variant,,
yield,yeild,tanglish,word_variant,,
hybrid,hibrid,tanglish,word_variant,,
loan,lone,tanglish,word_variant,,
insurance,insurence,tanglish,word_variant,,
subsidy,sabsidi,tanglish,word_variant,,
subsidy,subsidi,tanglish,word_variant,,
drip,dripp,tanglish,word_variant,,
seed,seeds,tanglish,word_variant,,
seed,sid,tanglish,word_variant,,
variety,verity,tanglish,word_variant,,
problem,prablam,tanglish,word_variant,,
problem,problm,tanglish,word_variant,,
attack,atack,tanglish,word_variant,,
rate,reat,tanglish,word_variant,,
kulai noi,kulainoi,tanglish,word_variant,,
ilai karugal,ilaikarugal,tanglish,word_variant,,
ilai pulli noi,ilaipulli,tanglish,word_variant,,
ilai surul noi,ilaisurul,tanglish,word_variant,,
manjal themal,manjal temal,tanglish,word_variant,,
manjal themal,manjal themal noi,tanglish,word_variant,,
sevvazhugal,sevvalugal,tanglish,word_variant,,
kariputtai,karipootai,tanglish,word_variant,,
kurutthazhugal,kuruthalugal,tanglish,word_variant,,
kurutthazhugal,kuruttazhugal,tanglish,word_variant,,
kurutthazhugal,kurutthalugal,tanglish,word_variant,,
mudi kothu,mudi koth,tanglish,word_variant,,
mudi kothu,mudi kotu,tanglish,word_variant,,
mudi kothu,mudikothu,tanglish,word_variant,,
panama vaadal,panama vadal,tanglish,word_variant,,
panama vaadal,panama wilt,tanglish,word_variant,,
thanjavur vaadal,tanjavur vaadal,tanglish,word_variant,,
thanjavur vaadal,thanjavur vadal,tanglish,word_variant,,
thanjavur vaadal,thanjavur wilt,tanglish,word_variant,,
sitrilai,chitrilai,tanglish,word_variant,,
naatrazhugal,naatralugal,tanglish,word_variant,,
naatrazhugal,natralugal,tanglish,word_variant,,
naatrazhugal,natrazhugal,tanglish,word_variant,,
kizhangu azhugal,kilangu alugal,tanglish,word_variant,,
ver azhugal,ver alugal,tanglish,word_variant,,
pazha azhugal,pala alugal,tanglish,word_variant,,
pazha azhugal,pazham azhugal,tanglish,word_variant,,
thandu azhugal,tandu azhugal,tanglish,word_variant,,
thandu azhugal,thandalugal,tanglish,word_variant,,
thandu azhugal,thandu alugal,tanglish,word_variant,,
adi saambal,adi sambal,tanglish,word_variant,,
adi saambal,adisambal,tanglish,word_variant,,
oodha karugal,ooda karugal,tanglish,word_variant,,
oodha karugal,udha karugal,tanglish,word_variant,,
kaai puzhu,kaai pulu,tanglish,word_variant,,
kaai puzhu,kaai puzh,tanglish,word_variant,,
kaai puzhu,kaaipuzhu,tanglish,word_variant,,
kaai puzhu,kai puzhu,tanglish,word_variant,,
aanaikomban,anaikomban,tanglish,word_variant,,
ilai pen,ilaipen,tanglish,word_variant,,
kaandamiruga vandu,kaandamiruga vand,tanglish,word_variant,,
kaandamiruga vandu,kandamiruga vandu,tanglish,word_variant,,
sivappu koon vandu,sivappu koon vand,tanglish,word_variant,,
sivappu koon vandu,sivappu kun vandu,tanglish,word_variant,,
sivappu koon vandu,sivapu koon vandu,tanglish,word_variant,,
sivappu koon vandu,sivapu koonvandu,tanglish,word_variant,,
karunthalai puzhu,karuntalai puzhu,tanglish,word_variant,,
karunthalai puzhu,karunthalai,tanglish,word_variant,,
karunthalai puzhu,karunthalai pulu,tanglish,word_variant,,
karunthalai puzhu,karunthalai puzh,tanglish,word_variant,,
vellai puzhu,vella puzhu,tanglish,word_variant,,
vellai puzhu,vellai pulu,tanglish,word_variant,,
vellai puzhu,vellai puzh,tanglish,word_variant,,
pala,palaa,tanglish,word_variant,,
sappota,chikku,tanglish,word_variant,,
sappota,sapota,tanglish,word_variant,,
nellikai,nelikai,tanglish,word_variant,,
seemai karuvelam,karuvelam,tanglish,word_variant,,
seemai karuvelam,simai karuvelam,tanglish,word_variant,,
korai,korai pul,tanglish,word_variant,,
parthenium,carrot weed,tanglish,word_variant,,
parthenium,partenium,tanglish,word_variant,,
thazhai,thalai uram,tanglish,word_variant,,
kuppai,kupai,tanglish,word_variant,,
saambal,sambal,tanglish,word_variant,,
kaalan,kalan,tanglish,word_variant,,
paasi,pasi,tanglish,word_variant,,
ottunni,otunni,tanglish,word_variant,,
iraivizhungi,iraivilungi,tanglish,word_variant,,
nanmai seiyum poochi,nanmai poochi,tanglish,word_variant,,
nanmai seiyum poochi,nanmai seiyum puchi,tanglish,word_variant,,
pachaiyam,pachayam,tanglish,word_variant,,
mulai,mula,tanglish,word_variant,,
kodi,kodee,tanglish,word_variant,,
mullu,mul,tanglish,word_variant,,
mullu,mull,tanglish,word_variant,,
paal vadiyudhu,paal vadiyudh,tanglish,word_variant,,
paal vadiyudhu,paal vadiyudu,tanglish,word_variant,,
paal vadiyudhu,pal vadiyudhu,tanglish,word_variant,,
sorsorappu,sorasorappu,tanglish,word_variant,,
sorsorappu,sorsorapp,tanglish,word_variant,,
sorsorappu,sorsorapu,tanglish,word_variant,,
thulai,thula,tanglish,word_variant,,
thulai,tulai,tanglish,word_variant,,
kuzhi vizhundhu,kuli vilundhu,tanglish,word_variant,,
kuzhi vizhundhu,kuzhi vizhundh,tanglish,word_variant,,
kuzhi vizhundhu,kuzhi vizhundu,tanglish,word_variant,,
vellai podi,vella podi,tanglish,word_variant,,
ottudhu,ottudh,tanglish,word_variant,,
ottudhu,ottudu,tanglish,word_variant,,
ottudhu,ottuthu,tanglish,word_variant,,
surungudhu,surungudh,tanglish,word_variant,,
surungudhu,surungudu,tanglish,word_variant,,
surungudhu,surunguthu,tanglish,word_variant,,
madangudhu,madangudh,tanglish,word_variant,,
madangudhu,madangudu,tanglish,word_variant,,
madangudhu,madanguthu,tanglish,word_variant,,
thongudhu,thongudh,tanglish,word_variant,,
thongudhu,thongudu,tanglish,word_variant,,
thongudhu,thonguthu,tanglish,word_variant,,
thongudhu,tongudhu,tanglish,word_variant,,
vedikudhu,vedikkudhu,tanglish,word_variant,,
vedikudhu,vedikudh,tanglish,word_variant,,
vedikudhu,vedikudu,tanglish,word_variant,,
uthirndhu,udhirndhu,tanglish,word_variant,,
uthirndhu,uthirndh,tanglish,word_variant,,
uthirndhu,uthirndu,tanglish,word_variant,,
uthirndhu,utirndhu,tanglish,word_variant,,
saaguradhu,saagudhu,tanglish,word_variant,,
saaguradhu,saaguradh,tanglish,word_variant,,
saaguradhu,saaguradu,tanglish,word_variant,,
saaguradhu,saguradhu,tanglish,word_variant,,
moozhgiruchu,moolgiruchu,tanglish,word_variant,,
moozhgiruchu,moozhgiruch,tanglish,word_variant,,
moozhgiruchu,muzhgiruchu,tanglish,word_variant,,
thengi nikkudhu,tengi nikkudhu,tanglish,word_variant,,
thengi nikkudhu,thengi nikkudh,tanglish,word_variant,,
thengi nikkudhu,thengi nikkudu,tanglish,word_variant,,
thengi nikkudhu,thengi nikudhu,tanglish,word_variant,,
vadigal,vadikal,tanglish,word_variant,,
kuzhaai,kulaai,tanglish,word_variant,,
kuzhaai,kulai,tanglish,word_variant,,
kuzhaai,kuzhai,tanglish,word_variant,,
kuzhaai,pipe,tanglish,word_variant,,
thotti,thoti,tanglish,word_variant,,
thotti,totti,tanglish,word_variant,,
malai thanni,malai tanni,tanglish,word_variant,,
malai thanni,mazhai thanni,tanglish,word_variant,,
uppu thanni,uppu tanni,tanglish,word_variant,,
uppu thanni,uppu thani,tanglish,word_variant,,
uppu thanni,upu thanni,tanglish,word_variant,,
nalla thanni,nala thanni,tanglish,word_variant,,
nalla thanni,nalla tanni,tanglish,word_variant,,
kaatu panni,kattu panni,tanglish,word_variant,,
kaatu panni,katu panni,tanglish,word_variant,,
kurangu,korangu,tanglish,word_variant,,
kurangu,kurang,tanglish,word_variant,,
mayil,mayilu,tanglish,word_variant,,
kili,kilee,tanglish,word_variant,,
yaanai,yanai,tanglish,word_variant,,
veli,vely,tanglish,word_variant,,
kuzhi edukkanum,kuli edukanum,tanglish,word_variant,,
kuzhi edukkanum,kuli edukkanum,tanglish,word_variant,,
kuzhi edukkanum,kuzhi edukanum,tanglish,word_variant,,
kavaathu,kavaath,tanglish,word_variant,,
kavaathu,kavaatu,tanglish,word_variant,,
kavaathu,kavathu,tanglish,word_variant,,
otti kattudhal,otti kattu,tanglish,word_variant,,
otti kattudhal,otti kattudal,tanglish,word_variant,,
mann anaithal,man anaithal,tanglish,word_variant,,
mann anaithal,mann anaital,tanglish,word_variant,,
pinju kottudhu,pinju kottudh,tanglish,word_variant,,
pinju kottudhu,pinju kottudu,tanglish,word_variant,,
pinju kottudhu,pinju kotudhu,tanglish,word_variant,,
