knowledge_id,crop,topic,subtopic,language,title,content,symptoms,causes,prevention,management,keywords,source_type,verification_required
KB_paddy_overview_en,paddy,crop_information,overview,english,Paddy overview,"Paddy (Oryza sativa) is a cereal crop grown in Tamil Nadu. In Tamil Nadu paddy is grown in Kuruvai (June–September), Samba (August–January), Thaladi and Navarai seasons. Duration: 105 to 150 days depending on variety.",,,,,paddy;நெல்;nel;nellu;nelu;paddy,curated_general_agronomy,true
KB_paddy_season_en,paddy,planting,season,english,Paddy sowing/planting season,"In Tamil Nadu paddy is grown in Kuruvai (June–September), Samba (August–January), Thaladi and Navarai seasons.",,,,,paddy;நெல்;nel;nellu;nelu;paddy,curated_general_agronomy,true
KB_paddy_duration_en,paddy,growth,duration,english,Paddy crop duration,Paddy takes 105 to 150 days depending on variety.,,,,,paddy;நெல்;nel;nellu;nelu;paddy,curated_general_agronomy,true
KB_paddy_soil_en,paddy,soil,suitable_soil,english,Soil for Paddy,Clay or clay-loam soils that hold water suit paddy.,,,,,paddy;நெல்;nel;nellu;nelu;paddy,curated_general_agronomy,true
KB_paddy_irrigation_en,paddy,irrigation,critical_stages,english,Irrigation for Paddy,Critical stages are tillering to panicle initiation and flowering. Alternate wetting and drying after establishment saves water; avoid stress at flowering and drain the field about 10–15 days before harvest.,,,,,paddy;நெல்;nel;nellu;nelu;paddy,curated_general_agronomy,true
KB_paddy_fertilizer_en,paddy,fertilizer,general,english,Fertilizer guidance for Paddy,Base fertilizer on a soil test (Soil Health Card). Apply well-decomposed organic manure before planting and split nitrogen into 2–3 doses. Zinc deficiency is common in delta soils; zinc sulphate is often recommended based on soil test. Exact quantities must come from TNAU recommendations via your agriculture office.,,,,,paddy;நெல்;nel;nellu;nelu;paddy,curated_general_agronomy,true
KB_paddy_seed_en,paddy,seed,selection_and_treatment,english,Seed for Paddy,"Use certified seed or healthy planting material of a TNAU-recommended paddy variety suited to your district and season. Seed treatment with bio-agents (Trichoderma, Pseudomonas) and biofertilizers is commonly advised; get the method from the agriculture office.",,,,,paddy;நெல்;nel;nellu;nelu;paddy,curated_general_agronomy,true
KB_paddy_harvest_en,paddy,harvesting,maturity_signs,english,Harvesting Paddy,Harvest when about 80–85% of grains in the panicle turn straw-coloured.,,,,,paddy;நெல்;nel;nellu;nelu;paddy,curated_general_agronomy,true
KB_paddy_post_harvest_en,paddy,post_harvest,drying_storage,english,Post-harvest handling of Paddy,Dry grain to about 12–14% moisture before storage; store bags on pallets away from walls.,,,,,paddy;நெல்;nel;nellu;nelu;paddy,curated_general_agronomy,true
KB_paddy_common_problems_en,paddy,common_problems,diseases_and_pests,english,Common problems in Paddy,"Diseases: Blast, Brown spot, Bacterial leaf blight, Sheath blight, Tungro, False smut. Pests: Yellow stem borer, Leaf folder, Brown planthopper, Green leafhopper, Gall midge, Earhead bug, Rats. Confirm diagnosis with the agriculture officer or KVK before treating.",,,,,paddy;நெல்;nel;nellu;nelu;paddy,curated_general_agronomy,true
KB_paddy_season_ta,paddy,planting,season,tamil,நெல் பருவம்,"தமிழ்நாட்டில் நெல் குறுவை (ஜூன்–செப்டம்பர்), சம்பா (ஆகஸ்ட்–ஜனவரி), தாளடி, நவரை பருவங்களில் பயிரிடப்படுகிறது.",,,,,paddy;நெல்;nel;nellu;nelu;paddy,curated_general_agronomy,true
KB_paddy_duration_ta,paddy,growth,duration,tamil,நெல் பயிர் காலம்,நெல்: ரகத்தைப் பொறுத்து 105 முதல் 150 நாட்கள்.,,,,,paddy;நெல்;nel;nellu;nelu;paddy,curated_general_agronomy,true
KB_paddy_common_problems_ta,paddy,common_problems,diseases_and_pests,tamil,நெல் பொதுவான பிரச்சனைகள்,"நோய்கள்: குலை நோய், பழுப்புப் புள்ளி நோய், இலைக் கருகல் நோய், இலையுறைக் கருகல் நோய், துங்ரோ நோய், பொய்க் கரிப்பூட்டை நோய். பூச்சிகள்: தண்டு துளைப்பான், இலைச்சுருட்டுப் புழு, புகையான், பச்சைத் தத்துப்பூச்சி, ஆனைக்கொம்பன் ஈ, கதிர் நாவாய்ப்பூச்சி, எலி. சிகிச்சைக்கு முன் வேளாண் அலுவலர் அல்லது KVK-இல் உறுதி செய்யுங்கள்.",,,,,paddy;நெல்;nel;nellu;nelu;paddy,curated_general_agronomy,true
KB_paddy_season_tanglish,paddy,planting,season,tanglish,nel season,"Tamil Nadu la nel Kuruvai (June–September), Samba (August–January), Thaladi, Navarai season la podalaam.",,,,,paddy;நெல்;nel;nellu;nelu;paddy,curated_general_agronomy,true
KB_paddy_duration_tanglish,paddy,growth,duration,tanglish,nel duration,nel: ragatha poruthu 105 la irundhu 150 naal.,,,,,paddy;நெல்;nel;nellu;nelu;paddy,curated_general_agronomy,true
KB_paddy_common_problems_tanglish,paddy,common_problems,diseases_and_pests,tanglish,nel common problems,"Noigal: Blast, Brown spot, Bacterial leaf blight, Sheath blight, Tungro, False smut. Poochigal: Yellow stem borer, Leaf folder, Brown planthopper, Green leafhopper, Gall midge, Earhead bug, Rats. Treat panna munnadi agri officer illa KVK la confirm pannunga.",,,,,paddy;நெல்;nel;nellu;nelu;paddy,curated_general_agronomy,true
KB_tomato_overview_en,tomato,crop_information,overview,english,Tomato overview,"Tomato (Solanum lycopersicum) is a vegetable crop grown in Tamil Nadu. Tomato is commonly transplanted in June–July, November–December and January–February. Duration: about 60–75 days from transplanting to first harvest.",,,,,tomato;தக்காளி;thakkali;takkali;tomato,curated_general_agronomy,true
KB_tomato_season_en,tomato,planting,season,english,Tomato sowing/planting season,"Tomato is commonly transplanted in June–July, November–December and January–February.",,,,,tomato;தக்காளி;thakkali;takkali;tomato,curated_general_agronomy,true
KB_tomato_duration_en,tomato,growth,duration,english,Tomato crop duration,Tomato takes about 60–75 days from transplanting to first harvest.,,,,,tomato;தக்காளி;thakkali;takkali;tomato,curated_general_agronomy,true
KB_tomato_soil_en,tomato,soil,suitable_soil,english,Soil for Tomato,"Well-drained loam rich in organic matter, pH about 6–7.",,,,,tomato;தக்காளி;thakkali;takkali;tomato,curated_general_agronomy,true
KB_tomato_irrigation_en,tomato,irrigation,critical_stages,english,Irrigation for Tomato,Critical stages are flowering and fruit development. Irregular watering causes fruit cracking and blossom-end rot; drip with mulch works well.,,,,,tomato;தக்காளி;thakkali;takkali;tomato,curated_general_agronomy,true
KB_tomato_fertilizer_en,tomato,fertilizer,general,english,Fertilizer guidance for Tomato,Base fertilizer on a soil test (Soil Health Card). Apply well-decomposed organic manure before planting and split nitrogen into 2–3 doses.  Exact quantities must come from TNAU recommendations via your agriculture office.,,,,,tomato;தக்காளி;thakkali;takkali;tomato,curated_general_agronomy,true
KB_tomato_seed_en,tomato,seed,selection_and_treatment,english,Seed for Tomato,"Use certified seed or healthy planting material of a TNAU-recommended tomato variety suited to your district and season. Seed treatment with bio-agents (Trichoderma, Pseudomonas) and biofertilizers is commonly advised; get the method from the agriculture office.",,,,,tomato;தக்காளி;thakkali;takkali;tomato,curated_general_agronomy,true
KB_tomato_harvest_en,tomato,harvesting,maturity_signs,english,Harvesting Tomato,Harvest at the breaker/turning stage for distant markets and red-ripe for local sale.,,,,,tomato;தக்காளி;thakkali;takkali;tomato,curated_general_agronomy,true
KB_tomato_post_harvest_en,tomato,post_harvest,drying_storage,english,Post-harvest handling of Tomato,"Grade, keep in shade and pack in ventilated crates; avoid heaping and bruising.",,,,,tomato;தக்காளி;thakkali;takkali;tomato,curated_general_agronomy,true
KB_tomato_common_problems_en,tomato,common_problems,diseases_and_pests,english,Common problems in Tomato,"Diseases: Early blight, Late blight, Septoria leaf spot, Tomato leaf curl, Bacterial wilt, Damping off. Pests: Fruit / pod borer (Helicoverpa), Whitefly, Serpentine leaf miner, Tomato pinworm (Tuta), Mealybug. Confirm diagnosis with the agriculture officer or KVK before treating.",,,,,tomato;தக்காளி;thakkali;takkali;tomato,curated_general_agronomy,true
KB_tomato_season_ta,tomato,planting,season,tamil,தக்காளி பருவம்,"தக்காளி ஜூன்–ஜூலை, நவம்பர்–டிசம்பர், ஜனவரி–பிப்ரவரி மாதங்களில் நடவு செய்யப்படுகிறது.",,,,,tomato;தக்காளி;thakkali;takkali;tomato,curated_general_agronomy,true
KB_tomato_duration_ta,tomato,growth,duration,tamil,தக்காளி பயிர் காலம்,தக்காளி: நடவு செய்த சுமார் 60–75 நாட்களில் முதல் அறுவடை.,,,,,tomato;தக்காளி;thakkali;takkali;tomato,curated_general_agronomy,true
KB_tomato_common_problems_ta,tomato,common_problems,diseases_and_pests,tamil,தக்காளி பொதுவான பிரச்சனைகள்,"நோய்கள்: முன் கருகல் நோய், பின் கருகல் நோய், செப்டோரியா இலைப்புள்ளி நோய், இலைச்சுருள் நோய், பாக்டீரியா வாடல் நோய், நாற்றழுகல் நோய். பூச்சிகள்: காய்ப்புழு, வெள்ளை ஈ, இலைச் சுரங்கப் புழு, டூட்டா புழு, மாவுப்பூச்சி. சிகிச்சைக்கு முன் வேளாண் அலுவலர் அல்லது KVK-இல் உறுதி செய்யுங்கள்.",,,,,tomato;தக்காளி;thakkali;takkali;tomato,curated_general_agronomy,true
KB_tomato_season_tanglish,tomato,planting,season,tanglish,thakkali season,"Thakkali June–July, November–December, January–February la nadavu pannalaam.",,,,,tomato;தக்காளி;thakkali;takkali;tomato,curated_general_agronomy,true
KB_tomato_duration_tanglish,tomato,growth,duration,tanglish,thakkali duration,thakkali: nadavu panna 60–75 naal la first aruvadai.,,,,,tomato;தக்காளி;thakkali;takkali;tomato,curated_general_agronomy,true
KB_tomato_common_problems_tanglish,tomato,common_problems,diseases_and_pests,tanglish,thakkali common problems,"Noigal: Early blight, Late blight, Septoria leaf spot, Tomato leaf curl, Bacterial wilt, Damping off. Poochigal: Fruit / pod borer (Helicoverpa), Whitefly, Serpentine leaf miner, Tomato pinworm (Tuta), Mealybug. Treat panna munnadi agri officer illa KVK la confirm pannunga.",,,,,tomato;தக்காளி;thakkali;takkali;tomato,curated_general_agronomy,true
KB_chilli_overview_en,chilli,crop_information,overview,english,Chilli overview,"Chilli (Capsicum annuum) is a vegetable/spice crop grown in Tamil Nadu. Chilli is commonly transplanted in January–February, June–July and September–October. Duration: about 75 days from transplanting to first green chilli harvest.",,,,,chilli;மிளகாய்;milagai;milaga;chilli,curated_general_agronomy,true
KB_chilli_season_en,chilli,planting,season,english,Chilli sowing/planting season,"Chilli is commonly transplanted in January–February, June–July and September–October.",,,,,chilli;மிளகாய்;milagai;milaga;chilli,curated_general_agronomy,true
KB_chilli_duration_en,chilli,growth,duration,english,Chilli crop duration,Chilli takes about 75 days from transplanting to first green chilli harvest.,,,,,chilli;மிளகாய்;milagai;milaga;chilli,curated_general_agronomy,true
KB_chilli_soil_en,chilli,soil,suitable_soil,english,Soil for Chilli,Well-drained loam; chilli is sensitive to waterlogging.,,,,,chilli;மிளகாய்;milagai;milaga;chilli,curated_general_agronomy,true
KB_chilli_irrigation_en,chilli,irrigation,critical_stages,english,Irrigation for Chilli,"Critical stages are flowering and fruit set. Chilli suffers from both water stress and waterlogging, so ensure good drainage.",,,,,chilli;மிளகாய்;milagai;milaga;chilli,curated_general_agronomy,true
KB_chilli_fertilizer_en,chilli,fertilizer,general,english,Fertilizer guidance for Chilli,Base fertilizer on a soil test (Soil Health Card). Apply well-decomposed organic manure before planting and split nitrogen into 2–3 doses.  Exact quantities must come from TNAU recommendations via your agriculture office.,,,,,chilli;மிளகாய்;milagai;milaga;chilli,curated_general_agronomy,true
KB_chilli_seed_en,chilli,seed,selection_and_treatment,english,Seed for Chilli,"Use certified seed or healthy planting material of a TNAU-recommended chilli variety suited to your district and season. Seed treatment with bio-agents (Trichoderma, Pseudomonas) and biofertilizers is commonly advised; get the method from the agriculture office.",,,,,chilli;மிளகாய்;milagai;milaga;chilli,curated_general_agronomy,true
KB_chilli_harvest_en,chilli,harvesting,maturity_signs,english,Harvesting Chilli,"Pick green chilli when fully grown and glossy; for dry chilli, pick fully red fruits in several rounds.",,,,,chilli;மிளகாய்;milagai;milaga;chilli,curated_general_agronomy,true
KB_chilli_post_harvest_en,chilli,post_harvest,drying_storage,english,Post-harvest handling of Chilli,Dry red chilli on clean tarpaulins or drying yards to prevent mould and discolouration; store in moisture-proof bags.,,,,,chilli;மிளகாய்;milagai;milaga;chilli,curated_general_agronomy,true
KB_chilli_common_problems_en,chilli,common_problems,diseases_and_pests,english,Common problems in Chilli,"Diseases: Bacterial wilt, Damping off, Leaf curl complex, Anthracnose (fruit rot and die-back), Powdery mildew. Pests: Fruit / pod borer (Helicoverpa), Whitefly, Thrips, Yellow mite, Aphids. Confirm diagnosis with the agriculture officer or KVK before treating.",,,,,chilli;மிளகாய்;milagai;milaga;chilli,curated_general_agronomy,true
KB_chilli_season_ta,chilli,planting,season,tamil,மிளகாய் பருவம்,"மிளகாய் ஜனவரி–பிப்ரவரி, ஜூன்–ஜூலை, செப்டம்பர்–அக்டோபர் மாதங்களில் நடவு செய்யப்படுகிறது.",,,,,chilli;மிளகாய்;milagai;milaga;chilli,curated_general_agronomy,true
KB_chilli_duration_ta,chilli,growth,duration,tamil,மிளகாய் பயிர் காலம்,மிளகாய்: நடவு செய்த சுமார் 75 நாட்களில் பச்சை மிளகாய் அறுவடை.,,,,,chilli;மிளகாய்;milagai;milaga;chilli,curated_general_agronomy,true
KB_chilli_common_problems_ta,chilli,common_problems,diseases_and_pests,tamil,மிளகாய் பொதுவான பிரச்சனைகள்,"நோய்கள்: பாக்டீரியா வாடல் நோய், நாற்றழுகல் நோய், இலைச்சுருள் நோய், பழ அழுகல் மற்றும் நுனிக்கருகல் நோய், சாம்பல் நோய். பூச்சிகள்: காய்ப்புழு, வெள்ளை ஈ, இலைப்பேன், மஞ்சள் சிலந்தி, அசுவினி. சிகிச்சைக்கு முன் வேளாண் அலுவலர் அல்லது KVK-இல் உறுதி செய்யுங்கள்.",,,,,chilli;மிளகாய்;milagai;milaga;chilli,curated_general_agronomy,true
KB_chilli_season_tanglish,chilli,planting,season,tanglish,milagai season,"Milagai January–February, June–July, September–October la nadavu pannalaam.",,,,,chilli;மிளகாய்;milagai;milaga;chilli,curated_general_agronomy,true
KB_chilli_duration_tanglish,chilli,growth,duration,tanglish,milagai duration,milagai: nadavu panna 75 naal la pachai milagai aruvadai.,,,,,chilli;மிளகாய்;milagai;milaga;chilli,curated_general_agronomy,true
KB_chilli_common_problems_tanglish,chilli,common_problems,diseases_and_pests,tanglish,milagai common problems,"Noigal: Bacterial wilt, Damping off, Leaf curl complex, Anthracnose (fruit rot and die-back), Powdery mildew. Poochigal: Fruit / pod borer (Helicoverpa), Whitefly, Thrips, Yellow mite, Aphids. Treat panna munnadi agri officer illa KVK la confirm pannunga.",,,,,chilli;மிளகாய்;milagai;milaga;chilli,curated_general_agronomy,true
KB_banana_overview_en,banana,crop_information,overview,english,Banana overview,"Banana (Musa spp.) is a fruit crop grown in Tamil Nadu. Banana is commonly planted in February–April, and with the monsoon in some districts. Duration: 11 to 14 months until bunch harvest.",,,,,banana;வாழை;vaazhai;vazhai;valai;banana,curated_general_agronomy,true
KB_banana_season_en,banana,planting,season,english,Banana sowing/planting season,"Banana is commonly planted in February–April, and with the monsoon in some districts.",,,,,banana;வாழை;vaazhai;vazhai;valai;banana,curated_general_agronomy,true
KB_banana_duration_en,banana,growth,duration,english,Banana crop duration,Banana takes 11 to 14 months until bunch harvest.,,,,,banana;வாழை;vaazhai;vazhai;valai;banana,curated_general_agronomy,true
KB_banana_soil_en,banana,soil,suitable_soil,english,Soil for Banana,"Deep, fertile, well-drained loam.",,,,,banana;வாழை;vaazhai;vazhai;valai;banana,curated_general_agronomy,true
KB_banana_irrigation_en,banana,irrigation,critical_stages,english,Irrigation for Banana,"Banana needs water throughout growth, most critically at flowering and bunch development. Drip irrigation is widely used; avoid prolonged waterlogging.",,,,,banana;வாழை;vaazhai;vazhai;valai;banana,curated_general_agronomy,true
KB_banana_fertilizer_en,banana,fertilizer,general,english,Fertilizer guidance for Banana,Base fertilizer on a soil test (Soil Health Card). Apply well-decomposed organic manure before planting and split nitrogen into 2–3 doses. Banana has a high potassium requirement. Exact quantities must come from TNAU recommendations via your agriculture office.,,,,,banana;வாழை;vaazhai;vazhai;valai;banana,curated_general_agronomy,true
KB_banana_seed_en,banana,seed,selection_and_treatment,english,Seed for Banana,"Use certified seed or healthy planting material of a TNAU-recommended banana variety suited to your district and season. Seed treatment with bio-agents (Trichoderma, Pseudomonas) and biofertilizers is commonly advised; get the method from the agriculture office.",,,,,banana;வாழை;vaazhai;vazhai;valai;banana,curated_general_agronomy,true
KB_banana_harvest_en,banana,harvesting,maturity_signs,english,Harvesting Banana,Harvest when fingers are well filled and ridges become rounded (about three-quarter maturity for distant markets).,,,,,banana;வாழை;vaazhai;vazhai;valai;banana,curated_general_agronomy,true
KB_banana_post_harvest_en,banana,post_harvest,drying_storage,english,Post-harvest handling of Banana,"Handle bunches gently; do not store below about 13°C, which causes chilling injury.",,,,,banana;வாழை;vaazhai;vazhai;valai;banana,curated_general_agronomy,true
KB_banana_common_problems_en,banana,common_problems,diseases_and_pests,english,Common problems in Banana,"Diseases: Sigatoka leaf spot, Fusarium (Panama) wilt, Bunchy top. Pests: Rhizome weevil, Pseudostem weevil, Banana aphid. Confirm diagnosis with the agriculture officer or KVK before treating.",,,,,banana;வாழை;vaazhai;vazhai;valai;banana,curated_general_agronomy,true
KB_banana_season_ta,banana,planting,season,tamil,வாழை பருவம்,வாழை பொதுவாக பிப்ரவரி–ஏப்ரல் மாதங்களில் நடப்படுகிறது; சில மாவட்டங்களில் பருவமழை காலத்திலும் நடலாம்.,,,,,banana;வாழை;vaazhai;vazhai;valai;banana,curated_general_agronomy,true
KB_banana_duration_ta,banana,growth,duration,tamil,வாழை பயிர் காலம்,வாழை: தார் அறுவடைக்கு 11 முதல் 14 மாதங்கள்.,,,,,banana;வாழை;vaazhai;vazhai;valai;banana,curated_general_agronomy,true
KB_banana_common_problems_ta,banana,common_problems,diseases_and_pests,tamil,வாழை பொதுவான பிரச்சனைகள்,"நோய்கள்: சிகடோகா இலைப்புள்ளி நோய், பனாமா வாடல் நோய், முடிக்கொத்து நோய். பூச்சிகள்: கிழங்கு கூன்வண்டு, தண்டு கூன்வண்டு, வாழை அசுவினி. சிகிச்சைக்கு முன் வேளாண் அலுவலர் அல்லது KVK-இல் உறுதி செய்யுங்கள்.",,,,,banana;வாழை;vaazhai;vazhai;valai;banana,curated_general_agronomy,true
KB_banana_season_tanglish,banana,planting,season,tanglish,vaazhai season,Vaazhai podhuva February–April la nadalaam; sila district la monsoon time layum nadalaam.,,,,,banana;வாழை;vaazhai;vazhai;valai;banana,curated_general_agronomy,true
KB_banana_duration_tanglish,banana,growth,duration,tanglish,vaazhai duration,vaazhai: thaar aruvadaiku 11 la irundhu 14 maasam.,,,,,banana;வாழை;vaazhai;vazhai;valai;banana,curated_general_agronomy,true
KB_banana_common_problems_tanglish,banana,common_problems,diseases_and_pests,tanglish,vaazhai common problems,"Noigal: Sigatoka leaf spot, Fusarium (Panama) wilt, Bunchy top. Poochigal: Rhizome weevil, Pseudostem weevil, Banana aphid. Treat panna munnadi agri officer illa KVK la confirm pannunga.",,,,,banana;வாழை;vaazhai;vazhai;valai;banana,curated_general_agronomy,true
KB_coconut_overview_en,coconut,crop_information,overview,english,Coconut overview,Coconut (Cocos nucifera) is a plantation crop grown in Tamil Nadu. Coconut seedlings are best planted at the start of the monsoon (June–July or September–October). Duration: about 6–7 years to bearing for tall varieties and 3–4 years for hybrid/dwarf varieties.,,,,,coconut;தென்னை;thennai;thenna;coconut,curated_general_agronomy,true
KB_coconut_season_en,coconut,planting,season,english,Coconut sowing/planting season,Coconut seedlings are best planted at the start of the monsoon (June–July or September–October).,,,,,coconut;தென்னை;thennai;thenna;coconut,curated_general_agronomy,true
KB_coconut_duration_en,coconut,growth,duration,english,Coconut crop duration,Coconut takes about 6–7 years to bearing for tall varieties and 3–4 years for hybrid/dwarf varieties.,,,,,coconut;தென்னை;thennai;thenna;coconut,curated_general_agronomy,true
KB_coconut_soil_en,coconut,soil,suitable_soil,english,Soil for Coconut,"Well-drained red loam, sandy loam or coastal sandy soils.",,,,,coconut;தென்னை;thennai;thenna;coconut,curated_general_agronomy,true
KB_coconut_irrigation_en,coconut,irrigation,critical_stages,english,Irrigation for Coconut,Coconut needs regular irrigation in summer; water stress reduces nut set in later harvests. Basin or drip irrigation with husk or frond mulch conserves moisture.,,,,,coconut;தென்னை;thennai;thenna;coconut,curated_general_agronomy,true
KB_coconut_fertilizer_en,coconut,fertilizer,general,english,Fertilizer guidance for Coconut,Base fertilizer on a soil test (Soil Health Card). Apply well-decomposed organic manure before planting and split nitrogen into 2–3 doses. Manure is applied annually in basins around the palm. Exact quantities must come from TNAU recommendations via your agriculture office.,,,,,coconut;தென்னை;thennai;thenna;coconut,curated_general_agronomy,true
KB_coconut_seed_en,coconut,seed,selection_and_treatment,english,Seed for Coconut,"Use certified seed or healthy planting material of a TNAU-recommended coconut variety suited to your district and season. Seed treatment with bio-agents (Trichoderma, Pseudomonas) and biofertilizers is commonly advised; get the method from the agriculture office.",,,,,coconut;தென்னை;thennai;thenna;coconut,curated_general_agronomy,true
KB_coconut_harvest_en,coconut,harvesting,maturity_signs,english,Harvesting Coconut,Nuts mature about 11–12 months after the spathe opens; harvest every 45–60 days.,,,,,coconut;தென்னை;thennai;thenna;coconut,curated_general_agronomy,true
KB_coconut_post_harvest_en,coconut,post_harvest,drying_storage,english,Post-harvest handling of Coconut,"For copra, dry kernels to about 6% moisture; store nuts in a dry, ventilated place.",,,,,coconut;தென்னை;thennai;thenna;coconut,curated_general_agronomy,true
KB_coconut_common_problems_en,coconut,common_problems,diseases_and_pests,english,Common problems in Coconut,"Diseases: Bud rot, Thanjavur wilt (basal stem rot), Stem bleeding. Pests: Rhinoceros beetle, Red palm weevil, Black-headed caterpillar, Eriophyid mite, Rugose spiralling whitefly, Rats. Confirm diagnosis with the agriculture officer or KVK before treating.",,,,,coconut;தென்னை;thennai;thenna;coconut,curated_general_agronomy,true
KB_coconut_season_ta,coconut,planting,season,tamil,தென்னை பருவம்,தென்னங்கன்றுகளை பருவமழை தொடக்கத்தில் (ஜூன்–ஜூலை அல்லது செப்டம்பர்–அக்டோபர்) நடுவது நல்லது.,,,,,coconut;தென்னை;thennai;thenna;coconut,curated_general_agronomy,true
KB_coconut_duration_ta,coconut,growth,duration,tamil,தென்னை பயிர் காலம்,"தென்னை: நெட்டை ரகங்கள் சுமார் 6–7 ஆண்டுகளில், வீரிய/குட்டை ரகங்கள் சுமார் 3–4 ஆண்டுகளில் காய்க்கும்.",,,,,coconut;தென்னை;thennai;thenna;coconut,curated_general_agronomy,true
KB_coconut_common_problems_ta,coconut,common_problems,diseases_and_pests,tamil,தென்னை பொதுவான பிரச்சனைகள்,"நோய்கள்: குருத்தழுகல் நோய், தஞ்சாவூர் வாடல் நோய், தண்டுக் கசிவு நோய். பூச்சிகள்: காண்டாமிருக வண்டு, சிவப்பு கூன்வண்டு, கருந்தலைப் புழு, எரியோஃபைட் சிலந்தி, சுருள் வெள்ளை ஈ, எலி. சிகிச்சைக்கு முன் வேளாண் அலுவலர் அல்லது KVK-இல் உறுதி செய்யுங்கள்.",,,,,coconut;தென்னை;thennai;thenna;coconut,curated_general_agronomy,true
KB_coconut_season_tanglish,coconut,planting,season,tanglish,thennai season,Thennai kandru-va monsoon start la (June–July illa September–October) nadalaam.,,,,,coconut;தென்னை;thennai;thenna;coconut,curated_general_agronomy,true
KB_coconut_duration_tanglish,coconut,growth,duration,tanglish,thennai duration,"thennai: nettai ragam 6–7 varusham, hybrid/kuttai ragam 3–4 varusham la kaaikkum.",,,,,coconut;தென்னை;thennai;thenna;coconut,curated_general_agronomy,true
KB_coconut_common_problems_tanglish,coconut,common_problems,diseases_and_pests,tanglish,thennai common problems,"Noigal: Bud rot, Thanjavur wilt (basal stem rot), Stem bleeding. Poochigal: Rhinoceros beetle, Red palm weevil, Black-headed caterpillar, Eriophyid mite, Rugose spiralling whitefly, Rats. Treat panna munnadi agri officer illa KVK la confirm pannunga.",,,,,coconut;தென்னை;thennai;thenna;coconut,curated_general_agronomy,true
KB_sugarcane_overview_en,sugarcane,crop_information,overview,english,Sugarcane overview,"Sugarcane (Saccharum officinarum) is a cash crop crop grown in Tamil Nadu. Sugarcane is planted in the early season (December–January), mid season (February–March) and late season (April–May). Duration: 10 to 12 months.",,,,,sugarcane;கரும்பு;karumbu;karimbu;sugarcane,curated_general_agronomy,true
KB_sugarcane_season_en,sugarcane,planting,season,english,Sugarcane sowing/planting season,"Sugarcane is planted in the early season (December–January), mid season (February–March) and late season (April–May).",,,,,sugarcane;கரும்பு;karumbu;karimbu;sugarcane,curated_general_agronomy,true
KB_sugarcane_duration_en,sugarcane,growth,duration,english,Sugarcane crop duration,Sugarcane takes 10 to 12 months.,,,,,sugarcane;கரும்பு;karumbu;karimbu;sugarcane,curated_general_agronomy,true
KB_sugarcane_soil_en,sugarcane,soil,suitable_soil,english,Soil for Sugarcane,Deep loam or clay-loam with good drainage.,,,,,sugarcane;கரும்பு;karumbu;karimbu;sugarcane,curated_general_agronomy,true
KB_sugarcane_irrigation_en,sugarcane,irrigation,critical_stages,english,Irrigation for Sugarcane,The formative (tillering) phase and grand growth phase are critical. Irrigation is usually reduced near harvest; confirm timing locally.,,,,,sugarcane;கரும்பு;karumbu;karimbu;sugarcane,curated_general_agronomy,true
KB_sugarcane_fertilizer_en,sugarcane,fertilizer,general,english,Fertilizer guidance for Sugarcane,Base fertilizer on a soil test (Soil Health Card). Apply well-decomposed organic manure before planting and split nitrogen into 2–3 doses. Sugarcane is a heavy feeder; split nitrogen application is important. Exact quantities must come from TNAU recommendations via your agriculture office.,,,,,sugarcane;கரும்பு;karumbu;karimbu;sugarcane,curated_general_agronomy,true
KB_sugarcane_seed_en,sugarcane,seed,selection_and_treatment,english,Seed for Sugarcane,"Use certified seed or healthy planting material of a TNAU-recommended sugarcane variety suited to your district and season. Seed treatment with bio-agents (Trichoderma, Pseudomonas) and biofertilizers is commonly advised; get the method from the agriculture office.",,,,,sugarcane;கரும்பு;karumbu;karimbu;sugarcane,curated_general_agronomy,true
KB_sugarcane_harvest_en,sugarcane,harvesting,maturity_signs,english,Harvesting Sugarcane,Check maturity with a hand refractometer; when top and bottom juice Brix are nearly equal the cane is mature.,,,,,sugarcane;கரும்பு;karumbu;karimbu;sugarcane,curated_general_agronomy,true
KB_sugarcane_post_harvest_en,sugarcane,post_harvest,drying_storage,english,Post-harvest handling of Sugarcane,Send cane to the mill within about 24 hours of cutting to avoid sugar loss.,,,,,sugarcane;கரும்பு;karumbu;karimbu;sugarcane,curated_general_agronomy,true
KB_sugarcane_common_problems_en,sugarcane,common_problems,diseases_and_pests,english,Common problems in Sugarcane,"Diseases: Red rot, Smut, Grassy shoot. Pests: Early shoot borer, Internode borer, Woolly aphid, White grub. Confirm diagnosis with the agriculture officer or KVK before treating.",,,,,sugarcane;கரும்பு;karumbu;karimbu;sugarcane,curated_general_agronomy,true
KB_sugarcane_season_ta,sugarcane,planting,season,tamil,கரும்பு பருவம்,"கரும்பு முன்பருவம் (டிசம்பர்–ஜனவரி), நடுப்பருவம் (பிப்ரவரி–மார்ச்), பின்பருவம் (ஏப்ரல்–மே) ஆகியவற்றில் நடவு செய்யப்படுகிறது.",,,,,sugarcane;கரும்பு;karumbu;karimbu;sugarcane,curated_general_agronomy,true
KB_sugarcane_duration_ta,sugarcane,growth,duration,tamil,கரும்பு பயிர் காலம்,கரும்பு: 10 முதல் 12 மாதங்கள்.,,,,,sugarcane;கரும்பு;karumbu;karimbu;sugarcane,curated_general_agronomy,true
KB_sugarcane_common_problems_ta,sugarcane,common_problems,diseases_and_pests,tamil,கரும்பு பொதுவான பிரச்சனைகள்,"நோய்கள்: செவ்வழுகல் நோய், கரிப்பூட்டை நோய், புல் தோகை நோய். பூச்சிகள்: இளம் குருத்துப் புழு, கணு இடைத் துளைப்பான், பஞ்சு அசுவினி, வெள்ளைப் புழு. சிகிச்சைக்கு முன் வேளாண் அலுவலர் அல்லது KVK-இல் உறுதி செய்யுங்கள்.",,,,,sugarcane;கரும்பு;karumbu;karimbu;sugarcane,curated_general_agronomy,true
KB_sugarcane_season_tanglish,sugarcane,planting,season,tanglish,karumbu season,"Karumbu early season (December–January), mid season (February–March), late season (April–May) la nadavu pannalaam.",,,,,sugarcane;கரும்பு;karumbu;karimbu;sugarcane,curated_general_agronomy,true
KB_sugarcane_duration_tanglish,sugarcane,growth,duration,tanglish,karumbu duration,karumbu: 10 la irundhu 12 maasam.,,,,,sugarcane;கரும்பு;karumbu;karimbu;sugarcane,curated_general_agronomy,true
KB_sugarcane_common_problems_tanglish,sugarcane,common_problems,diseases_and_pests,tanglish,karumbu common problems,"Noigal: Red rot, Smut, Grassy shoot. Poochigal: Early shoot borer, Internode borer, Woolly aphid, White grub. Treat panna munnadi agri officer illa KVK la confirm pannunga.",,,,,sugarcane;கரும்பு;karumbu;karimbu;sugarcane,curated_general_agronomy,true
KB_groundnut_overview_en,groundnut,crop_information,overview,english,Groundnut overview,Groundnut (Arachis hypogaea) is a oilseed crop grown in Tamil Nadu. Groundnut is sown in June–July (rainfed) and December–January (irrigated). Duration: about 100 to 110 days.,,,,,groundnut;நிலக்கடலை;nilakadalai;kadalai;verkadalai;groundnut,curated_general_agronomy,true
KB_groundnut_season_en,groundnut,planting,season,english,Groundnut sowing/planting season,Groundnut is sown in June–July (rainfed) and December–January (irrigated).,,,,,groundnut;நிலக்கடலை;nilakadalai;kadalai;verkadalai;groundnut,curated_general_agronomy,true
KB_groundnut_duration_en,groundnut,growth,duration,english,Groundnut crop duration,Groundnut takes about 100 to 110 days.,,,,,groundnut;நிலக்கடலை;nilakadalai;kadalai;verkadalai;groundnut,curated_general_agronomy,true
KB_groundnut_soil_en,groundnut,soil,suitable_soil,english,Soil for Groundnut,Well-drained light soils such as red sandy loam that allow easy pegging.,,,,,groundnut;நிலக்கடலை;nilakadalai;kadalai;verkadalai;groundnut,curated_general_agronomy,true
KB_groundnut_irrigation_en,groundnut,irrigation,critical_stages,english,Irrigation for Groundnut,"Critical stages are flowering, pegging and pod development; avoid excess water at pod maturity.",,,,,groundnut;நிலக்கடலை;nilakadalai;kadalai;verkadalai;groundnut,curated_general_agronomy,true
KB_groundnut_fertilizer_en,groundnut,fertilizer,general,english,Fertilizer guidance for Groundnut,Base fertilizer on a soil test (Soil Health Card). Apply well-decomposed organic manure before planting and split nitrogen into 2–3 doses. Gypsum at pegging supplies calcium and sulphur for pod filling. Exact quantities must come from TNAU recommendations via your agriculture office.,,,,,groundnut;நிலக்கடலை;nilakadalai;kadalai;verkadalai;groundnut,curated_general_agronomy,true
KB_groundnut_seed_en,groundnut,seed,selection_and_treatment,english,Seed for Groundnut,"Use certified seed or healthy planting material of a TNAU-recommended groundnut variety suited to your district and season. Seed treatment with bio-agents (Trichoderma, Pseudomonas) and biofertilizers is commonly advised; get the method from the agriculture office.",,,,,groundnut;நிலக்கடலை;nilakadalai;kadalai;verkadalai;groundnut,curated_general_agronomy,true
KB_groundnut_harvest_en,groundnut,harvesting,maturity_signs,english,Harvesting Groundnut,Harvest when most leaves turn yellow and the inner shell of pods turns dark.,,,,,groundnut;நிலக்கடலை;nilakadalai;kadalai;verkadalai;groundnut,curated_general_agronomy,true
KB_groundnut_post_harvest_en,groundnut,post_harvest,drying_storage,english,Post-harvest handling of Groundnut,Dry pods well (around 8–9% moisture) before storage to prevent aflatoxin mould.,,,,,groundnut;நிலக்கடலை;nilakadalai;kadalai;verkadalai;groundnut,curated_general_agronomy,true
KB_groundnut_common_problems_en,groundnut,common_problems,diseases_and_pests,english,Common problems in Groundnut,"Diseases: Early and late leaf spot (tikka), Rust, Stem rot, Dry root rot. Pests: Thrips, Leaf miner, Red hairy caterpillar, White grub, Rats. Confirm diagnosis with the agriculture officer or KVK before treating.",,,,,groundnut;நிலக்கடலை;nilakadalai;kadalai;verkadalai;groundnut,curated_general_agronomy,true
KB_groundnut_season_ta,groundnut,planting,season,tamil,நிலக்கடலை பருவம்,"நிலக்கடலை ஜூன்–ஜூலை (மானாவாரி), டிசம்பர்–ஜனவரி (இறவை) மாதங்களில் விதைக்கப்படுகிறது.",,,,,groundnut;நிலக்கடலை;nilakadalai;kadalai;verkadalai;groundnut,curated_general_agronomy,true
KB_groundnut_duration_ta,groundnut,growth,duration,tamil,நிலக்கடலை பயிர் காலம்,நிலக்கடலை: சுமார் 100 முதல் 110 நாட்கள்.,,,,,groundnut;நிலக்கடலை;nilakadalai;kadalai;verkadalai;groundnut,curated_general_agronomy,true
KB_groundnut_common_problems_ta,groundnut,common_problems,diseases_and_pests,tamil,நிலக்கடலை பொதுவான பிரச்சனைகள்,"நோய்கள்: டிக்கா இலைப்புள்ளி நோய், துரு நோய், தண்டழுகல் நோய், வேர் அழுகல் நோய். பூச்சிகள்: இலைப்பேன், சுருள் பூச்சி, சிவப்பு கம்பளிப்புழு, வெள்ளைப் புழு, எலி. சிகிச்சைக்கு முன் வேளாண் அலுவலர் அல்லது KVK-இல் உறுதி செய்யுங்கள்.",,,,,groundnut;நிலக்கடலை;nilakadalai;kadalai;verkadalai;groundnut,curated_general_agronomy,true
KB_groundnut_season_tanglish,groundnut,planting,season,tanglish,nilakadalai season,"Nilakadalai June–July (maanaavaari), December–January (iravai) la vidhaikalaam.",,,,,groundnut;நிலக்கடலை;nilakadalai;kadalai;verkadalai;groundnut,curated_general_agronomy,true
KB_groundnut_duration_tanglish,groundnut,growth,duration,tanglish,nilakadalai duration,nilakadalai: sumaar 100 la irundhu 110 naal.,,,,,groundnut;நிலக்கடலை;nilakadalai;kadalai;verkadalai;groundnut,curated_general_agronomy,true
KB_groundnut_common_problems_tanglish,groundnut,common_problems,diseases_and_pests,tanglish,nilakadalai common problems,"Noigal: Early and late leaf spot (tikka), Rust, Stem rot, Dry root rot. Poochigal: Thrips, Leaf miner, Red hairy caterpillar, White grub, Rats. Treat panna munnadi agri officer illa KVK la confirm pannunga.",,,,,groundnut;நிலக்கடலை;nilakadalai;kadalai;verkadalai;groundnut,curated_general_agronomy,true
KB_cotton_overview_en,cotton,crop_information,overview,english,Cotton overview,Cotton (Gossypium spp.) is a fibre crop grown in Tamil Nadu. Cotton is sown in August–September (winter irrigated) and February–March (summer irrigated). Duration: 150 to 180 days.,,,,,cotton;பருத்தி;paruthi;paruththi;cotton,curated_general_agronomy,true
KB_cotton_season_en,cotton,planting,season,english,Cotton sowing/planting season,Cotton is sown in August–September (winter irrigated) and February–March (summer irrigated).,,,,,cotton;பருத்தி;paruthi;paruththi;cotton,curated_general_agronomy,true
KB_cotton_duration_en,cotton,growth,duration,english,Cotton crop duration,Cotton takes 150 to 180 days.,,,,,cotton;பருத்தி;paruthi;paruththi;cotton,curated_general_agronomy,true
KB_cotton_soil_en,cotton,soil,suitable_soil,english,Soil for Cotton,Deep black soils or well-drained loams.,,,,,cotton;பருத்தி;paruthi;paruththi;cotton,curated_general_agronomy,true
KB_cotton_irrigation_en,cotton,irrigation,critical_stages,english,Irrigation for Cotton,Critical stages are flowering and boll formation; avoid waterlogging.,,,,,cotton;பருத்தி;paruthi;paruththi;cotton,curated_general_agronomy,true
KB_cotton_fertilizer_en,cotton,fertilizer,general,english,Fertilizer guidance for Cotton,Base fertilizer on a soil test (Soil Health Card). Apply well-decomposed organic manure before planting and split nitrogen into 2–3 doses.  Exact quantities must come from TNAU recommendations via your agriculture office.,,,,,cotton;பருத்தி;paruthi;paruththi;cotton,curated_general_agronomy,true
KB_cotton_seed_en,cotton,seed,selection_and_treatment,english,Seed for Cotton,"Use certified seed or healthy planting material of a TNAU-recommended cotton variety suited to your district and season. Seed treatment with bio-agents (Trichoderma, Pseudomonas) and biofertilizers is commonly advised; get the method from the agriculture office.",,,,,cotton;பருத்தி;paruthi;paruththi;cotton,curated_general_agronomy,true
KB_cotton_harvest_en,cotton,harvesting,maturity_signs,english,Harvesting Cotton,Pick fully opened bolls in dry weather and keep kapas clean and free of trash.,,,,,cotton;பருத்தி;paruthi;paruththi;cotton,curated_general_agronomy,true
KB_cotton_post_harvest_en,cotton,post_harvest,drying_storage,english,Post-harvest handling of Cotton,Store kapas dry and free from contamination; do not mix grades.,,,,,cotton;பருத்தி;paruthi;paruththi;cotton,curated_general_agronomy,true
KB_cotton_common_problems_en,cotton,common_problems,diseases_and_pests,english,Common problems in Cotton,"Diseases: Dry root rot, Bacterial blight. Pests: Fruit / pod borer (Helicoverpa), Whitefly, Thrips, Aphids, Pink bollworm, Leafhopper (jassid), Mealybug. Confirm diagnosis with the agriculture officer or KVK before treating.",,,,,cotton;பருத்தி;paruthi;paruththi;cotton,curated_general_agronomy,true
KB_cotton_season_ta,cotton,planting,season,tamil,பருத்தி பருவம்,"பருத்தி ஆகஸ்ட்–செப்டம்பர் (குளிர்கால இறவை), பிப்ரவரி–மார்ச் (கோடை இறவை) மாதங்களில் விதைக்கப்படுகிறது.",,,,,cotton;பருத்தி;paruthi;paruththi;cotton,curated_general_agronomy,true
KB_cotton_duration_ta,cotton,growth,duration,tamil,பருத்தி பயிர் காலம்,பருத்தி: 150 முதல் 180 நாட்கள்.,,,,,cotton;பருத்தி;paruthi;paruththi;cotton,curated_general_agronomy,true
KB_cotton_common_problems_ta,cotton,common_problems,diseases_and_pests,tamil,பருத்தி பொதுவான பிரச்சனைகள்,"நோய்கள்: வேர் அழுகல் நோய், பாக்டீரியா இலைக் கருகல் நோய். பூச்சிகள்: காய்ப்புழு, வெள்ளை ஈ, இலைப்பேன், அசுவினி, இளஞ்சிவப்பு காய்ப்புழு, தத்துப்பூச்சி, மாவுப்பூச்சி. சிகிச்சைக்கு முன் வேளாண் அலுவலர் அல்லது KVK-இல் உறுதி செய்யுங்கள்.",,,,,cotton;பருத்தி;paruthi;paruththi;cotton,curated_general_agronomy,true
KB_cotton_season_tanglish,cotton,planting,season,tanglish,paruthi season,"Paruthi August–September (winter iravai), February–March (summer iravai) la vidhaikalaam.",,,,,cotton;பருத்தி;paruthi;paruththi;cotton,curated_general_agronomy,true
KB_cotton_duration_tanglish,cotton,growth,duration,tanglish,paruthi duration,paruthi: 150 la irundhu 180 naal.,,,,,cotton;பருத்தி;paruthi;paruththi;cotton,curated_general_agronomy,true
KB_cotton_common_problems_tanglish,cotton,common_problems,diseases_and_pests,tanglish,paruthi common problems,"Noigal: Dry root rot, Bacterial blight. Poochigal: Fruit / pod borer (Helicoverpa), Whitefly, Thrips, Aphids, Pink bollworm, Leafhopper (jassid), Mealybug. Treat panna munnadi agri officer illa KVK la confirm pannunga.",,,,,cotton;பருத்தி;paruthi;paruththi;cotton,curated_general_agronomy,true
KB_maize_overview_en,maize,crop_information,overview,english,Maize overview,"Maize (Zea mays) is a cereal crop grown in Tamil Nadu. Maize is sown in June–July, September–October and January–February. Duration: 95 to 110 days.",,,,,maize;மக்காச்சோளம்;makkacholam;cholam;maize,curated_general_agronomy,true
KB_maize_season_en,maize,planting,season,english,Maize sowing/planting season,"Maize is sown in June–July, September–October and January–February.",,,,,maize;மக்காச்சோளம்;makkacholam;cholam;maize,curated_general_agronomy,true
KB_maize_duration_en,maize,growth,duration,english,Maize crop duration,Maize takes 95 to 110 days.,,,,,maize;மக்காச்சோளம்;makkacholam;cholam;maize,curated_general_agronomy,true
KB_maize_soil_en,maize,soil,suitable_soil,english,Soil for Maize,Well-drained loam; maize does not tolerate waterlogging.,,,,,maize;மக்காச்சோளம்;makkacholam;cholam;maize,curated_general_agronomy,true
KB_maize_irrigation_en,maize,irrigation,critical_stages,english,Irrigation for Maize,Tasselling and silking are the most critical stages; stress then sharply reduces grain set. Maize is sensitive to waterlogging.,,,,,maize;மக்காச்சோளம்;makkacholam;cholam;maize,curated_general_agronomy,true
KB_maize_fertilizer_en,maize,fertilizer,general,english,Fertilizer guidance for Maize,Base fertilizer on a soil test (Soil Health Card). Apply well-decomposed organic manure before planting and split nitrogen into 2–3 doses.  Exact quantities must come from TNAU recommendations via your agriculture office.,,,,,maize;மக்காச்சோளம்;makkacholam;cholam;maize,curated_general_agronomy,true
KB_maize_seed_en,maize,seed,selection_and_treatment,english,Seed for Maize,"Use certified seed or healthy planting material of a TNAU-recommended maize variety suited to your district and season. Seed treatment with bio-agents (Trichoderma, Pseudomonas) and biofertilizers is commonly advised; get the method from the agriculture office.",,,,,maize;மக்காச்சோளம்;makkacholam;cholam;maize,curated_general_agronomy,true
KB_maize_harvest_en,maize,harvesting,maturity_signs,english,Harvesting Maize,Harvest when husks are dry and papery and grains are hard with a black layer at the base.,,,,,maize;மக்காச்சோளம்;makkacholam;cholam;maize,curated_general_agronomy,true
KB_maize_post_harvest_en,maize,post_harvest,drying_storage,english,Post-harvest handling of Maize,Dry grain to about 12–13% moisture and protect from storage pests.,,,,,maize;மக்காச்சோளம்;makkacholam;cholam;maize,curated_general_agronomy,true
KB_maize_common_problems_en,maize,common_problems,diseases_and_pests,english,Common problems in Maize,"Diseases: Turcicum leaf blight, Downy mildew. Pests: Fall armyworm, Spotted stem borer. Confirm diagnosis with the agriculture officer or KVK before treating.",,,,,maize;மக்காச்சோளம்;makkacholam;cholam;maize,curated_general_agronomy,true
KB_maize_season_ta,maize,planting,season,tamil,மக்காச்சோளம் பருவம்,"மக்காச்சோளம் ஜூன்–ஜூலை, செப்டம்பர்–அக்டோபர், ஜனவரி–பிப்ரவரி மாதங்களில் விதைக்கப்படுகிறது.",,,,,maize;மக்காச்சோளம்;makkacholam;cholam;maize,curated_general_agronomy,true
KB_maize_duration_ta,maize,growth,duration,tamil,மக்காச்சோளம் பயிர் காலம்,மக்காச்சோளம்: 95 முதல் 110 நாட்கள்.,,,,,maize;மக்காச்சோளம்;makkacholam;cholam;maize,curated_general_agronomy,true
KB_maize_common_problems_ta,maize,common_problems,diseases_and_pests,tamil,மக்காச்சோளம் பொதுவான பிரச்சனைகள்,"நோய்கள்: இலைக் கருகல் நோய், அடிச்சாம்பல் நோய். பூச்சிகள்: படைப்புழு, தண்டு துளைப்பான். சிகிச்சைக்கு முன் வேளாண் அலுவலர் அல்லது KVK-இல் உறுதி செய்யுங்கள்.",,,,,maize;மக்காச்சோளம்;makkacholam;cholam;maize,curated_general_agronomy,true
KB_maize_season_tanglish,maize,planting,season,tanglish,makkacholam season,"Makkacholam June–July, September–October, January–February la vidhaikalaam.",,,,,maize;மக்காச்சோளம்;makkacholam;cholam;maize,curated_general_agronomy,true
KB_maize_duration_tanglish,maize,growth,duration,tanglish,makkacholam duration,makkacholam: 95 la irundhu 110 naal.,,,,,maize;மக்காச்சோளம்;makkacholam;cholam;maize,curated_general_agronomy,true
KB_maize_common_problems_tanglish,maize,common_problems,diseases_and_pests,tanglish,makkacholam common problems,"Noigal: Turcicum leaf blight, Downy mildew. Poochigal: Fall armyworm, Spotted stem borer. Treat panna munnadi agri officer illa KVK la confirm pannunga.",,,,,maize;மக்காச்சோளம்;makkacholam;cholam;maize,curated_general_agronomy,true
KB_brinjal_overview_en,brinjal,crop_information,overview,english,Brinjal overview,Brinjal (Solanum melongena) is a vegetable crop grown in Tamil Nadu. Brinjal is commonly transplanted in December–January and May–June. Duration: about 55–65 days from transplanting to first harvest.,,,,,brinjal;கத்தரி;kathiri;kathirikai;katharikai;brinjal,curated_general_agronomy,true
KB_brinjal_season_en,brinjal,planting,season,english,Brinjal sowing/planting season,Brinjal is commonly transplanted in December–January and May–June.,,,,,brinjal;கத்தரி;kathiri;kathirikai;katharikai;brinjal,curated_general_agronomy,true
KB_brinjal_duration_en,brinjal,growth,duration,english,Brinjal crop duration,Brinjal takes about 55–65 days from transplanting to first harvest.,,,,,brinjal;கத்தரி;kathiri;kathirikai;katharikai;brinjal,curated_general_agronomy,true
KB_brinjal_soil_en,brinjal,soil,suitable_soil,english,Soil for Brinjal,Well-drained loam rich in organic matter.,,,,,brinjal;கத்தரி;kathiri;kathirikai;katharikai;brinjal,curated_general_agronomy,true
KB_brinjal_irrigation_en,brinjal,irrigation,critical_stages,english,Irrigation for Brinjal,Flowering and fruiting are critical; give regular light irrigation.,,,,,brinjal;கத்தரி;kathiri;kathirikai;katharikai;brinjal,curated_general_agronomy,true
KB_brinjal_fertilizer_en,brinjal,fertilizer,general,english,Fertilizer guidance for Brinjal,Base fertilizer on a soil test (Soil Health Card). Apply well-decomposed organic manure before planting and split nitrogen into 2–3 doses.  Exact quantities must come from TNAU recommendations via your agriculture office.,,,,,brinjal;கத்தரி;kathiri;kathirikai;katharikai;brinjal,curated_general_agronomy,true
KB_brinjal_seed_en,brinjal,seed,selection_and_treatment,english,Seed for Brinjal,"Use certified seed or healthy planting material of a TNAU-recommended brinjal variety suited to your district and season. Seed treatment with bio-agents (Trichoderma, Pseudomonas) and biofertilizers is commonly advised; get the method from the agriculture office.",,,,,brinjal;கத்தரி;kathiri;kathirikai;katharikai;brinjal,curated_general_agronomy,true
KB_brinjal_harvest_en,brinjal,harvesting,maturity_signs,english,Harvesting Brinjal,"Harvest fruits when tender, glossy and full-sized, before seeds harden.",,,,,brinjal;கத்தரி;kathiri;kathirikai;katharikai;brinjal,curated_general_agronomy,true
KB_brinjal_post_harvest_en,brinjal,post_harvest,drying_storage,english,Post-harvest handling of Brinjal,Grade and market fresh; keep in shade in ventilated containers.,,,,,brinjal;கத்தரி;kathiri;kathirikai;katharikai;brinjal,curated_general_agronomy,true
KB_brinjal_common_problems_en,brinjal,common_problems,diseases_and_pests,english,Common problems in Brinjal,"Diseases: Bacterial wilt, Damping off, Little leaf, Phomopsis blight and fruit rot. Pests: Whitefly, Aphids, Leafhopper (jassid), Mealybug, Shoot and fruit borer, Epilachna beetle. Confirm diagnosis with the agriculture officer or KVK before treating.",,,,,brinjal;கத்தரி;kathiri;kathirikai;katharikai;brinjal,curated_general_agronomy,true
KB_brinjal_season_ta,brinjal,planting,season,tamil,கத்தரி பருவம்,"கத்தரி டிசம்பர்–ஜனவரி, மே–ஜூன் மாதங்களில் நடவு செய்யப்படுகிறது.",,,,,brinjal;கத்தரி;kathiri;kathirikai;katharikai;brinjal,curated_general_agronomy,true
KB_brinjal_duration_ta,brinjal,growth,duration,tamil,கத்தரி பயிர் காலம்,கத்தரி: நடவு செய்த சுமார் 55–65 நாட்களில் முதல் அறுவடை.,,,,,brinjal;கத்தரி;kathiri;kathirikai;katharikai;brinjal,curated_general_agronomy,true
KB_brinjal_common_problems_ta,brinjal,common_problems,diseases_and_pests,tamil,கத்தரி பொதுவான பிரச்சனைகள்,"நோய்கள்: பாக்டீரியா வாடல் நோய், நாற்றழுகல் நோய், சிற்றிலை நோய், பழ அழுகல் நோய். பூச்சிகள்: வெள்ளை ஈ, அசுவினி, தத்துப்பூச்சி, மாவுப்பூச்சி, தண்டு மற்றும் காய் துளைப்பான், எபிலாக்னா வண்டு. சிகிச்சைக்கு முன் வேளாண் அலுவலர் அல்லது KVK-இல் உறுதி செய்யுங்கள்.",,,,,brinjal;கத்தரி;kathiri;kathirikai;katharikai;brinjal,curated_general_agronomy,true
KB_brinjal_season_tanglish,brinjal,planting,season,tanglish,kathiri season,"Kathiri December–January, May–June la nadavu pannalaam.",,,,,brinjal;கத்தரி;kathiri;kathirikai;katharikai;brinjal,curated_general_agronomy,true
KB_brinjal_duration_tanglish,brinjal,growth,duration,tanglish,kathiri duration,kathiri: nadavu panna 55–65 naal la first aruvadai.,,,,,brinjal;கத்தரி;kathiri;kathirikai;katharikai;brinjal,curated_general_agronomy,true
KB_brinjal_common_problems_tanglish,brinjal,common_problems,diseases_and_pests,tanglish,kathiri common problems,"Noigal: Bacterial wilt, Damping off, Little leaf, Phomopsis blight and fruit rot. Poochigal: Whitefly, Aphids, Leafhopper (jassid), Mealybug, Shoot and fruit borer, Epilachna beetle. Treat panna munnadi agri officer illa KVK la confirm pannunga.",,,,,brinjal;கத்தரி;kathiri;kathirikai;katharikai;brinjal,curated_general_agronomy,true
KB_onion_overview_en,onion,crop_information,overview,english,Onion (small onion) overview,Onion (small onion) (Allium cepa var. aggregatum) is a vegetable crop grown in Tamil Nadu. Small onion is commonly planted in April–May and October–November; timing varies by district. Duration: about 60–75 days for small onion.,,,,,onion (small onion);சின்ன வெங்காயம்;vengayam;chinna vengayam;onion,curated_general_agronomy,true
KB_onion_season_en,onion,planting,season,english,Onion (small onion) sowing/planting season,Small onion is commonly planted in April–May and October–November; timing varies by district.,,,,,onion (small onion);சின்ன வெங்காயம்;vengayam;chinna vengayam;onion,curated_general_agronomy,true
KB_onion_duration_en,onion,growth,duration,english,Onion (small onion) crop duration,Onion (small onion) takes about 60–75 days for small onion.,,,,,onion (small onion);சின்ன வெங்காயம்;vengayam;chinna vengayam;onion,curated_general_agronomy,true
KB_onion_soil_en,onion,soil,suitable_soil,english,Soil for Onion (small onion),"Loose, well-drained loam.",,,,,onion (small onion);சின்ன வெங்காயம்;vengayam;chinna vengayam;onion,curated_general_agronomy,true
KB_onion_irrigation_en,onion,irrigation,critical_stages,english,Irrigation for Onion (small onion),Shallow roots need frequent light irrigation; stopping irrigation about 10 days before harvest improves storage life.,,,,,onion (small onion);சின்ன வெங்காயம்;vengayam;chinna vengayam;onion,curated_general_agronomy,true
KB_onion_fertilizer_en,onion,fertilizer,general,english,Fertilizer guidance for Onion (small onion),Base fertilizer on a soil test (Soil Health Card). Apply well-decomposed organic manure before planting and split nitrogen into 2–3 doses.  Exact quantities must come from TNAU recommendations via your agriculture office.,,,,,onion (small onion);சின்ன வெங்காயம்;vengayam;chinna vengayam;onion,curated_general_agronomy,true
KB_onion_seed_en,onion,seed,selection_and_treatment,english,Seed for Onion (small onion),"Use certified seed or healthy planting material of a TNAU-recommended onion (small onion) variety suited to your district and season. Seed treatment with bio-agents (Trichoderma, Pseudomonas) and biofertilizers is commonly advised; get the method from the agriculture office.",,,,,onion (small onion);சின்ன வெங்காயம்;vengayam;chinna vengayam;onion,curated_general_agronomy,true
KB_onion_harvest_en,onion,harvesting,maturity_signs,english,Harvesting Onion (small onion),Harvest when most tops fall over and leaves begin to dry.,,,,,onion (small onion);சின்ன வெங்காயம்;vengayam;chinna vengayam;onion,curated_general_agronomy,true
KB_onion_post_harvest_en,onion,post_harvest,drying_storage,english,Post-harvest handling of Onion (small onion),Cure bulbs in shade and store in well-ventilated structures.,,,,,onion (small onion);சின்ன வெங்காயம்;vengayam;chinna vengayam;onion,curated_general_agronomy,true
KB_onion_common_problems_en,onion,common_problems,diseases_and_pests,english,Common problems in Onion (small onion),"Diseases: Purple blotch, Basal rot. Pests: Thrips. Confirm diagnosis with the agriculture officer or KVK before treating.",,,,,onion (small onion);சின்ன வெங்காயம்;vengayam;chinna vengayam;onion,curated_general_agronomy,true
KB_onion_season_ta,onion,planting,season,tamil,சின்ன வெங்காயம் பருவம்,"சின்ன வெங்காயம் பொதுவாக ஏப்ரல்–மே, அக்டோபர்–நவம்பர் மாதங்களில் நடவு செய்யப்படுகிறது; மாவட்டத்தைப் பொறுத்து மாறும்.",,,,,onion (small onion);சின்ன வெங்காயம்;vengayam;chinna vengayam;onion,curated_general_agronomy,true
KB_onion_duration_ta,onion,growth,duration,tamil,சின்ன வெங்காயம் பயிர் காலம்,சின்ன வெங்காயம்: சின்ன வெங்காயத்திற்கு சுமார் 60–75 நாட்கள்.,,,,,onion (small onion);சின்ன வெங்காயம்;vengayam;chinna vengayam;onion,curated_general_agronomy,true
KB_onion_common_problems_ta,onion,common_problems,diseases_and_pests,tamil,சின்ன வெங்காயம் பொதுவான பிரச்சனைகள்,"நோய்கள்: ஊதா கருகல் நோய், அடி அழுகல் நோய். பூச்சிகள்: இலைப்பேன். சிகிச்சைக்கு முன் வேளாண் அலுவலர் அல்லது KVK-இல் உறுதி செய்யுங்கள்.",,,,,onion (small onion);சின்ன வெங்காயம்;vengayam;chinna vengayam;onion,curated_general_agronomy,true
KB_onion_season_tanglish,onion,planting,season,tanglish,vengayam season,"Chinna vengayam podhuva April–May, October–November la nadavu pannuvaanga; district poruthu maarum.",,,,,onion (small onion);சின்ன வெங்காயம்;vengayam;chinna vengayam;onion,curated_general_agronomy,true
KB_onion_duration_tanglish,onion,growth,duration,tanglish,vengayam duration,vengayam: chinna vengayam ku sumaar 60–75 naal.,,,,,onion (small onion);சின்ன வெங்காயம்;vengayam;chinna vengayam;onion,curated_general_agronomy,true
KB_onion_common_problems_tanglish,onion,common_problems,diseases_and_pests,tanglish,vengayam common problems,"Noigal: Purple blotch, Basal rot. Poochigal: Thrips. Treat panna munnadi agri officer illa KVK la confirm pannunga.",,,,,onion (small onion);சின்ன வெங்காயம்;vengayam;chinna vengayam;onion,curated_general_agronomy,true
KB_drumstick_overview_en,drumstick,crop_information,overview,english,Drumstick (moringa) overview,Drumstick (moringa) (Moringa oleifera) is a vegetable tree crop grown in Tamil Nadu. Annual drumstick varieties such as PKM-1 are commonly sown in June–July. Duration: first pods in about 6 months for annual varieties.,,,,,drumstick (moringa);முருங்கை;murungai;murungakai;drumstick,curated_general_agronomy,true
KB_drumstick_season_en,drumstick,planting,season,english,Drumstick (moringa) sowing/planting season,Annual drumstick varieties such as PKM-1 are commonly sown in June–July.,,,,,drumstick (moringa);முருங்கை;murungai;murungakai;drumstick,curated_general_agronomy,true
KB_drumstick_duration_en,drumstick,growth,duration,english,Drumstick (moringa) crop duration,Drumstick (moringa) takes first pods in about 6 months for annual varieties.,,,,,drumstick (moringa);முருங்கை;murungai;murungakai;drumstick,curated_general_agronomy,true
KB_drumstick_soil_en,drumstick,soil,suitable_soil,english,Soil for Drumstick (moringa),Well-drained sandy loam; tolerates poor soils but not waterlogging.,,,,,drumstick (moringa);முருங்கை;murungai;murungakai;drumstick,curated_general_agronomy,true
KB_drumstick_irrigation_en,drumstick,irrigation,critical_stages,english,Irrigation for Drumstick (moringa),Drumstick is drought tolerant; irrigate at flowering and pod set and avoid waterlogging.,,,,,drumstick (moringa);முருங்கை;murungai;murungakai;drumstick,curated_general_agronomy,true
KB_drumstick_fertilizer_en,drumstick,fertilizer,general,english,Fertilizer guidance for Drumstick (moringa),Base fertilizer on a soil test (Soil Health Card). Apply well-decomposed organic manure before planting and split nitrogen into 2–3 doses.  Exact quantities must come from TNAU recommendations via your agriculture office.,,,,,drumstick (moringa);முருங்கை;murungai;murungakai;drumstick,curated_general_agronomy,true
KB_drumstick_seed_en,drumstick,seed,selection_and_treatment,english,Seed for Drumstick (moringa),"Use certified seed or healthy planting material of a TNAU-recommended drumstick (moringa) variety suited to your district and season. Seed treatment with bio-agents (Trichoderma, Pseudomonas) and biofertilizers is commonly advised; get the method from the agriculture office.",,,,,drumstick (moringa);முருங்கை;murungai;murungakai;drumstick,curated_general_agronomy,true
KB_drumstick_harvest_en,drumstick,harvesting,maturity_signs,english,Harvesting Drumstick (moringa),"Harvest pods while tender, before they become fibrous.",,,,,drumstick (moringa);முருங்கை;murungai;murungakai;drumstick,curated_general_agronomy,true
KB_drumstick_post_harvest_en,drumstick,post_harvest,drying_storage,english,Post-harvest handling of Drumstick (moringa),Pods are perishable; market quickly and keep cool and shaded.,,,,,drumstick (moringa);முருங்கை;murungai;murungakai;drumstick,curated_general_agronomy,true
KB_drumstick_common_problems_en,drumstick,common_problems,diseases_and_pests,english,Common problems in Drumstick (moringa),"Diseases: none listed. Pests: Pod fly, Hairy caterpillar. Confirm diagnosis with the agriculture officer or KVK before treating.",,,,,drumstick (moringa);முருங்கை;murungai;murungakai;drumstick,curated_general_agronomy,true
KB_drumstick_season_ta,drumstick,planting,season,tamil,முருங்கை பருவம்,ஆண்டு முருங்கை ரகங்கள் (PKM-1 போன்றவை) பொதுவாக ஜூன்–ஜூலையில் விதைக்கப்படுகின்றன.,,,,,drumstick (moringa);முருங்கை;murungai;murungakai;drumstick,curated_general_agronomy,true
KB_drumstick_duration_ta,drumstick,growth,duration,tamil,முருங்கை பயிர் காலம்,முருங்கை: ஆண்டு ரகங்களில் சுமார் 6 மாதத்தில் முதல் காய்.,,,,,drumstick (moringa);முருங்கை;murungai;murungakai;drumstick,curated_general_agronomy,true
KB_drumstick_common_problems_ta,drumstick,common_problems,diseases_and_pests,tamil,முருங்கை பொதுவான பிரச்சனைகள்,"நோய்கள்: —. பூச்சிகள்: காய் ஈ, கம்பளிப்புழு. சிகிச்சைக்கு முன் வேளாண் அலுவலர் அல்லது KVK-இல் உறுதி செய்யுங்கள்.",,,,,drumstick (moringa);முருங்கை;murungai;murungakai;drumstick,curated_general_agronomy,true
KB_drumstick_season_tanglish,drumstick,planting,season,tanglish,murungai season,Aandu murungai ragam (PKM-1 maadhiri) podhuva June–July la vidhaipaanga.,,,,,drumstick (moringa);முருங்கை;murungai;murungakai;drumstick,curated_general_agronomy,true
KB_drumstick_duration_tanglish,drumstick,growth,duration,tanglish,murungai duration,murungai: aandu ragathula sumaar 6 maasathula first kaai.,,,,,drumstick (moringa);முருங்கை;murungai;murungakai;drumstick,curated_general_agronomy,true
KB_drumstick_common_problems_tanglish,drumstick,common_problems,diseases_and_pests,tanglish,murungai common problems,"Noigal: —. Poochigal: Pod fly, Hairy caterpillar. Treat panna munnadi agri officer illa KVK la confirm pannunga.",,,,,drumstick (moringa);முருங்கை;murungai;murungakai;drumstick,curated_general_agronomy,true
KB_turmeric_overview_en,turmeric,crop_information,overview,english,Turmeric overview,Turmeric (Curcuma longa) is a spice crop grown in Tamil Nadu. Turmeric is planted in May–June. Duration: 7 to 9 months.,,,,,turmeric;மஞ்சள்;manjal;turmeric,curated_general_agronomy,true
KB_turmeric_season_en,turmeric,planting,season,english,Turmeric sowing/planting season,Turmeric is planted in May–June.,,,,,turmeric;மஞ்சள்;manjal;turmeric,curated_general_agronomy,true
KB_turmeric_duration_en,turmeric,growth,duration,english,Turmeric crop duration,Turmeric takes 7 to 9 months.,,,,,turmeric;மஞ்சள்;manjal;turmeric,curated_general_agronomy,true
KB_turmeric_soil_en,turmeric,soil,suitable_soil,english,Soil for Turmeric,Well-drained loam rich in organic matter.,,,,,turmeric;மஞ்சள்;manjal;turmeric,curated_general_agronomy,true
KB_turmeric_irrigation_en,turmeric,irrigation,critical_stages,english,Irrigation for Turmeric,"Needs frequent irrigation in early growth; avoid waterlogging, which favours rhizome rot.",,,,,turmeric;மஞ்சள்;manjal;turmeric,curated_general_agronomy,true
KB_turmeric_fertilizer_en,turmeric,fertilizer,general,english,Fertilizer guidance for Turmeric,Base fertilizer on a soil test (Soil Health Card). Apply well-decomposed organic manure before planting and split nitrogen into 2–3 doses.  Exact quantities must come from TNAU recommendations via your agriculture office.,,,,,turmeric;மஞ்சள்;manjal;turmeric,curated_general_agronomy,true
KB_turmeric_seed_en,turmeric,seed,selection_and_treatment,english,Seed for Turmeric,"Use certified seed or healthy planting material of a TNAU-recommended turmeric variety suited to your district and season. Seed treatment with bio-agents (Trichoderma, Pseudomonas) and biofertilizers is commonly advised; get the method from the agriculture office.",,,,,turmeric;மஞ்சள்;manjal;turmeric,curated_general_agronomy,true
KB_turmeric_harvest_en,turmeric,harvesting,maturity_signs,english,Harvesting Turmeric,"Harvest when leaves turn yellow and dry, usually 7–9 months after planting.",,,,,turmeric;மஞ்சள்;manjal;turmeric,curated_general_agronomy,true
KB_turmeric_post_harvest_en,turmeric,post_harvest,drying_storage,english,Post-harvest handling of Turmeric,"Cure rhizomes by boiling, then sun-dry and polish before storage.",,,,,turmeric;மஞ்சள்;manjal;turmeric,curated_general_agronomy,true
KB_turmeric_common_problems_en,turmeric,common_problems,diseases_and_pests,english,Common problems in Turmeric,"Diseases: Rhizome rot, Leaf spot. Pests: Shoot borer. Confirm diagnosis with the agriculture officer or KVK before treating.",,,,,turmeric;மஞ்சள்;manjal;turmeric,curated_general_agronomy,true
KB_turmeric_season_ta,turmeric,planting,season,tamil,மஞ்சள் பருவம்,மஞ்சள் மே–ஜூன் மாதங்களில் நடவு செய்யப்படுகிறது.,,,,,turmeric;மஞ்சள்;manjal;turmeric,curated_general_agronomy,true
KB_turmeric_duration_ta,turmeric,growth,duration,tamil,மஞ்சள் பயிர் காலம்,மஞ்சள்: 7 முதல் 9 மாதங்கள்.,,,,,turmeric;மஞ்சள்;manjal;turmeric,curated_general_agronomy,true
KB_turmeric_common_problems_ta,turmeric,common_problems,diseases_and_pests,tamil,மஞ்சள் பொதுவான பிரச்சனைகள்,"நோய்கள்: கிழங்கு அழுகல் நோய், இலைப்புள்ளி நோய். பூச்சிகள்: தண்டு துளைப்பான். சிகிச்சைக்கு முன் வேளாண் அலுவலர் அல்லது KVK-இல் உறுதி செய்யுங்கள்.",,,,,turmeric;மஞ்சள்;manjal;turmeric,curated_general_agronomy,true
KB_turmeric_season_tanglish,turmeric,planting,season,tanglish,manjal season,Manjal May–June la nadavu pannalaam.,,,,,turmeric;மஞ்சள்;manjal;turmeric,curated_general_agronomy,true
KB_turmeric_duration_tanglish,turmeric,growth,duration,tanglish,manjal duration,manjal: 7 la irundhu 9 maasam.,,,,,turmeric;மஞ்சள்;manjal;turmeric,curated_general_agronomy,true
KB_turmeric_common_problems_tanglish,turmeric,common_problems,diseases_and_pests,tanglish,manjal common problems,"Noigal: Rhizome rot, Leaf spot. Poochigal: Shoot borer. Treat panna munnadi agri officer illa KVK la confirm pannunga.",,,,,turmeric;மஞ்சள்;manjal;turmeric,curated_general_agronomy,true
KB_blackgram_overview_en,blackgram,crop_information,overview,english,Black gram overview,"Black gram (Vigna mungo) is a pulse crop grown in Tamil Nadu. Black gram is sown in June–July and September–October, and as a rice-fallow crop in January in the delta. Duration: 65 to 75 days.",,,,,black gram;உளுந்து;ulundhu;uluntu;urad,curated_general_agronomy,true
KB_blackgram_season_en,blackgram,planting,season,english,Black gram sowing/planting season,"Black gram is sown in June–July and September–October, and as a rice-fallow crop in January in the delta.",,,,,black gram;உளுந்து;ulundhu;uluntu;urad,curated_general_agronomy,true
KB_blackgram_duration_en,blackgram,growth,duration,english,Black gram crop duration,Black gram takes 65 to 75 days.,,,,,black gram;உளுந்து;ulundhu;uluntu;urad,curated_general_agronomy,true
KB_blackgram_soil_en,blackgram,soil,suitable_soil,english,Soil for Black gram,Well-drained loam; also grown on residual moisture in rice fallows.,,,,,black gram;உளுந்து;ulundhu;uluntu;urad,curated_general_agronomy,true
KB_blackgram_irrigation_en,blackgram,irrigation,critical_stages,english,Irrigation for Black gram,Critical stages are flowering and pod filling; rice-fallow crops grow on residual moisture.,,,,,black gram;உளுந்து;ulundhu;uluntu;urad,curated_general_agronomy,true
KB_blackgram_fertilizer_en,blackgram,fertilizer,general,english,Fertilizer guidance for Black gram,Base fertilizer on a soil test (Soil Health Card). Apply well-decomposed organic manure before planting and split nitrogen into 2–3 doses. Rhizobium seed inoculation reduces the need for nitrogen. Exact quantities must come from TNAU recommendations via your agriculture office.,,,,,black gram;உளுந்து;ulundhu;uluntu;urad,curated_general_agronomy,true
KB_blackgram_seed_en,blackgram,seed,selection_and_treatment,english,Seed for Black gram,"Use certified seed or healthy planting material of a TNAU-recommended black gram variety suited to your district and season. Seed treatment with bio-agents (Trichoderma, Pseudomonas) and biofertilizers is commonly advised; get the method from the agriculture office.",,,,,black gram;உளுந்து;ulundhu;uluntu;urad,curated_general_agronomy,true
KB_blackgram_harvest_en,blackgram,harvesting,maturity_signs,english,Harvesting Black gram,Harvest when most pods turn black.,,,,,black gram;உளுந்து;ulundhu;uluntu;urad,curated_general_agronomy,true
KB_blackgram_post_harvest_en,blackgram,post_harvest,drying_storage,english,Post-harvest handling of Black gram,Dry seeds well and store in airtight containers to protect from pulse beetle.,,,,,black gram;உளுந்து;ulundhu;uluntu;urad,curated_general_agronomy,true
KB_blackgram_common_problems_en,blackgram,common_problems,diseases_and_pests,english,Common problems in Black gram,"Diseases: Dry root rot, Yellow mosaic, Powdery mildew. Pests: Fruit / pod borer (Helicoverpa), Whitefly, Aphids, Spotted pod borer, Pulse beetle (storage). Confirm diagnosis with the agriculture officer or KVK before treating.",,,,,black gram;உளுந்து;ulundhu;uluntu;urad,curated_general_agronomy,true
KB_blackgram_season_ta,blackgram,planting,season,tamil,உளுந்து பருவம்,"உளுந்து ஜூன்–ஜூலை, செப்டம்பர்–அக்டோபர் மாதங்களிலும், டெல்டாவில் ஜனவரியில் நெல் தரிசுப் பயிராகவும் விதைக்கப்படுகிறது.",,,,,black gram;உளுந்து;ulundhu;uluntu;urad,curated_general_agronomy,true
KB_blackgram_duration_ta,blackgram,growth,duration,tamil,உளுந்து பயிர் காலம்,உளுந்து: 65 முதல் 75 நாட்கள்.,,,,,black gram;உளுந்து;ulundhu;uluntu;urad,curated_general_agronomy,true
KB_blackgram_common_problems_ta,blackgram,common_problems,diseases_and_pests,tamil,உளுந்து பொதுவான பிரச்சனைகள்,"நோய்கள்: வேர் அழுகல் நோய், மஞ்சள் தேமல் நோய், சாம்பல் நோய். பூச்சிகள்: காய்ப்புழு, வெள்ளை ஈ, அசுவினி, புள்ளிக் காய்த்துளைப்பான், பயறு வண்டு. சிகிச்சைக்கு முன் வேளாண் அலுவலர் அல்லது KVK-இல் உறுதி செய்யுங்கள்.",,,,,black gram;உளுந்து;ulundhu;uluntu;urad,curated_general_agronomy,true
KB_blackgram_season_tanglish,blackgram,planting,season,tanglish,ulundhu season,"Ulundhu June–July, September–October la vidhaikalaam; delta la January la nel tharisu payira podalaam.",,,,,black gram;உளுந்து;ulundhu;uluntu;urad,curated_general_agronomy,true
KB_blackgram_duration_tanglish,blackgram,growth,duration,tanglish,ulundhu duration,ulundhu: 65 la irundhu 75 naal.,,,,,black gram;உளுந்து;ulundhu;uluntu;urad,curated_general_agronomy,true
KB_blackgram_common_problems_tanglish,blackgram,common_problems,diseases_and_pests,tanglish,ulundhu common problems,"Noigal: Dry root rot, Yellow mosaic, Powdery mildew. Poochigal: Fruit / pod borer (Helicoverpa), Whitefly, Aphids, Spotted pod borer, Pulse beetle (storage). Treat panna munnadi agri officer illa KVK la confirm pannunga.",,,,,black gram;உளுந்து;ulundhu;uluntu;urad,curated_general_agronomy,true
KB_greengram_overview_en,greengram,crop_information,overview,english,Green gram overview,"Green gram (Vigna radiata) is a pulse crop grown in Tamil Nadu. Green gram is sown in June–July and September–October, and as a rice-fallow crop in the delta. Duration: 65 to 70 days.",,,,,green gram;பாசிப்பயறு;paasi payaru;pachai payaru;moong,curated_general_agronomy,true
KB_greengram_season_en,greengram,planting,season,english,Green gram sowing/planting season,"Green gram is sown in June–July and September–October, and as a rice-fallow crop in the delta.",,,,,green gram;பாசிப்பயறு;paasi payaru;pachai payaru;moong,curated_general_agronomy,true
KB_greengram_duration_en,greengram,growth,duration,english,Green gram crop duration,Green gram takes 65 to 70 days.,,,,,green gram;பாசிப்பயறு;paasi payaru;pachai payaru;moong,curated_general_agronomy,true
KB_greengram_soil_en,greengram,soil,suitable_soil,english,Soil for Green gram,Well-drained loam; also grown on residual moisture in rice fallows.,,,,,green gram;பாசிப்பயறு;paasi payaru;pachai payaru;moong,curated_general_agronomy,true
KB_greengram_irrigation_en,greengram,irrigation,critical_stages,english,Irrigation for Green gram,Critical stages are flowering and pod filling; rice-fallow crops grow on residual moisture.,,,,,green gram;பாசிப்பயறு;paasi payaru;pachai payaru;moong,curated_general_agronomy,true
KB_greengram_fertilizer_en,greengram,fertilizer,general,english,Fertilizer guidance for Green gram,Base fertilizer on a soil test (Soil Health Card). Apply well-decomposed organic manure before planting and split nitrogen into 2–3 doses. Rhizobium seed inoculation reduces the need for nitrogen. Exact quantities must come from TNAU recommendations via your agriculture office.,,,,,green gram;பாசிப்பயறு;paasi payaru;pachai payaru;moong,curated_general_agronomy,true
KB_greengram_seed_en,greengram,seed,selection_and_treatment,english,Seed for Green gram,"Use certified seed or healthy planting material of a TNAU-recommended green gram variety suited to your district and season. Seed treatment with bio-agents (Trichoderma, Pseudomonas) and biofertilizers is commonly advised; get the method from the agriculture office.",,,,,green gram;பாசிப்பயறு;paasi payaru;pachai payaru;moong,curated_general_agronomy,true
KB_greengram_harvest_en,greengram,harvesting,maturity_signs,english,Harvesting Green gram,Harvest when most pods turn black or brown; 2–3 pickings may be needed.,,,,,green gram;பாசிப்பயறு;paasi payaru;pachai payaru;moong,curated_general_agronomy,true
KB_greengram_post_harvest_en,greengram,post_harvest,drying_storage,english,Post-harvest handling of Green gram,Dry seeds well and store in airtight containers to protect from pulse beetle.,,,,,green gram;பாசிப்பயறு;paasi payaru;pachai payaru;moong,curated_general_agronomy,true
KB_greengram_common_problems_en,greengram,common_problems,diseases_and_pests,english,Common problems in Green gram,"Diseases: Dry root rot, Yellow mosaic, Powdery mildew. Pests: Fruit / pod borer (Helicoverpa), Whitefly, Aphids, Spotted pod borer, Pulse beetle (storage). Confirm diagnosis with the agriculture officer or KVK before treating.",,,,,green gram;பாசிப்பயறு;paasi payaru;pachai payaru;moong,curated_general_agronomy,true
KB_greengram_season_ta,greengram,planting,season,tamil,பாசிப்பயறு பருவம்,"பாசிப்பயறு ஜூன்–ஜூலை, செப்டம்பர்–அக்டோபர் மாதங்களிலும், டெல்டாவில் நெல் தரிசுப் பயிராகவும் விதைக்கப்படுகிறது.",,,,,green gram;பாசிப்பயறு;paasi payaru;pachai payaru;moong,curated_general_agronomy,true
KB_greengram_duration_ta,greengram,growth,duration,tamil,பாசிப்பயறு பயிர் காலம்,பாசிப்பயறு: 65 முதல் 70 நாட்கள்.,,,,,green gram;பாசிப்பயறு;paasi payaru;pachai payaru;moong,curated_general_agronomy,true
KB_greengram_common_problems_ta,greengram,common_problems,diseases_and_pests,tamil,பாசிப்பயறு பொதுவான பிரச்சனைகள்,"நோய்கள்: வேர் அழுகல் நோய், மஞ்சள் தேமல் நோய், சாம்பல் நோய். பூச்சிகள்: காய்ப்புழு, வெள்ளை ஈ, அசுவினி, புள்ளிக் காய்த்துளைப்பான், பயறு வண்டு. சிகிச்சைக்கு முன் வேளாண் அலுவலர் அல்லது KVK-இல் உறுதி செய்யுங்கள்.",,,,,green gram;பாசிப்பயறு;paasi payaru;pachai payaru;moong,curated_general_agronomy,true
KB_greengram_season_tanglish,greengram,planting,season,tanglish,paasi payaru season,"Paasi payaru June–July, September–October la vidhaikalaam; delta la nel tharisu payira um podalaam.",,,,,green gram;பாசிப்பயறு;paasi payaru;pachai payaru;moong,curated_general_agronomy,true
KB_greengram_duration_tanglish,greengram,growth,duration,tanglish,paasi payaru duration,paasi payaru: 65 la irundhu 70 naal.,,,,,green gram;பாசிப்பயறு;paasi payaru;pachai payaru;moong,curated_general_agronomy,true
KB_greengram_common_problems_tanglish,greengram,common_problems,diseases_and_pests,tanglish,paasi payaru common problems,"Noigal: Dry root rot, Yellow mosaic, Powdery mildew. Poochigal: Fruit / pod borer (Helicoverpa), Whitefly, Aphids, Spotted pod borer, Pulse beetle (storage). Treat panna munnadi agri officer illa KVK la confirm pannunga.",,,,,green gram;பாசிப்பயறு;paasi payaru;pachai payaru;moong,curated_general_agronomy,true
KB_DIS_rice_blast,paddy,disease,fungal,english,Blast (paddy),Blast is a fungal disease caused by Magnaporthe oryzae.,Spindle- or eye-shaped spots with grey centres and brown margins on leaves; neck blast makes the panicle neck turn black and break.,"Magnaporthe oryzae; favoured by High humidity, cool nights, excess nitrogen.","Use certified disease-free seed, remove infected residues, avoid excess nitrogen, and keep good spacing and drainage.",Remove affected parts early; bio-agents such as Trichoderma or Pseudomonas are used for some fungal diseases. Get the correct fungicide and dose from the agriculture officer or KVK.,Blast;குலை நோய்,curated_general_agronomy,true
KB_DIS_rice_brown_spot,paddy,disease,fungal,english,Brown spot (paddy),Brown spot is a fungal disease caused by Bipolaris oryzae.,Oval brown spots with grey or whitish centres on leaves; dark spots on grains.,Bipolaris oryzae; favoured by Nutrient-poor soils and water stress.,"Use certified disease-free seed, remove infected residues, avoid excess nitrogen, and keep good spacing and drainage.",Remove affected parts early; bio-agents such as Trichoderma or Pseudomonas are used for some fungal diseases. Get the correct fungicide and dose from the agriculture officer or KVK.,Brown spot;பழுப்புப் புள்ளி நோய்,curated_general_agronomy,true
KB_DIS_rice_blb,paddy,disease,bacterial,english,Bacterial leaf blight (paddy),Bacterial leaf blight is a bacterial disease caused by Xanthomonas oryzae pv. oryzae.,Yellowing and drying from leaf tips down the margins with wavy edges; leaves turn straw-coloured.,"Xanthomonas oryzae pv. oryzae; favoured by Heavy rain, wind, flooding, high nitrogen.","Use clean seed and planting material, avoid flooding from infected fields, and avoid excess nitrogen.",There is no cure once plants are badly infected; remove and destroy them. Ask the agriculture officer about approved control measures.,Bacterial leaf blight;இலைக் கருகல் நோய்,curated_general_agronomy,true
KB_DIS_rice_sheath_blight,paddy,disease,fungal,english,Sheath blight (paddy),Sheath blight is a fungal disease caused by Rhizoctonia solani.,Oval greenish-grey lesions with brown borders on leaf sheaths near the water line.,"Rhizoctonia solani; favoured by Dense planting, high humidity, high nitrogen.","Use certified disease-free seed, remove infected residues, avoid excess nitrogen, and keep good spacing and drainage.",Remove affected parts early; bio-agents such as Trichoderma or Pseudomonas are used for some fungal diseases. Get the correct fungicide and dose from the agriculture officer or KVK.,Sheath blight;இலையுறைக் கருகல் நோய்,curated_general_agronomy,true
KB_DIS_rice_tungro,paddy,disease,viral,english,Tungro (paddy),Tungro is a viral disease caused by Rice tungro viruses (spread by green leafhopper).,"Yellow-orange leaves starting from the tips, stunted plants, fewer tillers.",Rice tungro viruses (spread by green leafhopper); favoured by High green leafhopper population.,"Use resistant varieties, raise seedlings under insect-proof net, control the insect vector early and remove weed hosts.",Viral diseases cannot be cured; uproot and destroy infected plants early and manage the vector. Ask the agriculture officer for vector control advice.,Tungro;துங்ரோ நோய்,curated_general_agronomy,true
KB_DIS_rice_false_smut,paddy,disease,fungal,english,False smut (paddy),False smut is a fungal disease caused by Ustilaginoidea virens.,Individual grains turn into velvety orange to greenish-black balls.,Ustilaginoidea virens; favoured by Rain and high humidity at flowering.,"Use certified disease-free seed, remove infected residues, avoid excess nitrogen, and keep good spacing and drainage.",Remove affected parts early; bio-agents such as Trichoderma or Pseudomonas are used for some fungal diseases. Get the correct fungicide and dose from the agriculture officer or KVK.,False smut;பொய்க் கரிப்பூட்டை நோய்,curated_general_agronomy,true
KB_DIS_tomato_early_blight,tomato,disease,fungal,english,Early blight (tomato),Early blight is a fungal disease caused by Alternaria solani.,"Dark brown spots with concentric rings on older leaves, which then yellow and drop.","Alternaria solani; favoured by Warm humid weather, leaf wetness.","Use certified disease-free seed, remove infected residues, avoid excess nitrogen, and keep good spacing and drainage.",Remove affected parts early; bio-agents such as Trichoderma or Pseudomonas are used for some fungal diseases. Get the correct fungicide and dose from the agriculture officer or KVK.,Early blight;முன் கருகல் நோய்,curated_general_agronomy,true
KB_DIS_tomato_late_blight,tomato,disease,oomycete,english,Late blight (tomato),Late blight is a oomycete disease caused by Phytophthora infestans.,Water-soaked dark patches on leaves with white growth underneath; firm brown rot on fruits.,"Phytophthora infestans; favoured by Cool, humid, cloudy weather.","Ensure good drainage, avoid waterlogging and use raised nursery beds.",Remove affected plants; improve drainage. Get the correct fungicide and dose from the agriculture officer or KVK.,Late blight;பின் கருகல் நோய்,curated_general_agronomy,true
KB_DIS_tomato_septoria,tomato,disease,fungal,english,Septoria leaf spot (tomato),Septoria leaf spot is a fungal disease caused by Septoria lycopersici.,Many small circular spots with dark borders and grey centres on lower leaves.,Septoria lycopersici; favoured by Wet weather and splashing water.,"Use certified disease-free seed, remove infected residues, avoid excess nitrogen, and keep good spacing and drainage.",Remove affected parts early; bio-agents such as Trichoderma or Pseudomonas are used for some fungal diseases. Get the correct fungicide and dose from the agriculture officer or KVK.,Septoria leaf spot;செப்டோரியா இலைப்புள்ளி நோய்,curated_general_agronomy,true
KB_DIS_tomato_leaf_curl,tomato,disease,viral,english,Tomato leaf curl (tomato),Tomato leaf curl is a viral disease caused by Tomato leaf curl virus (spread by whitefly).,"Upward curling, crinkling and yellowing of leaves; stunted plants with few fruits.",Tomato leaf curl virus (spread by whitefly); favoured by High whitefly population.,"Use resistant varieties, raise seedlings under insect-proof net, control the insect vector early and remove weed hosts.",Viral diseases cannot be cured; uproot and destroy infected plants early and manage the vector. Ask the agriculture officer for vector control advice.,Tomato leaf curl;இலைச்சுருள் நோய்,curated_general_agronomy,true
KB_DIS_tomato_bacterial_wilt,tomato;brinjal;chilli,disease,bacterial,english,"Bacterial wilt (tomato, brinjal, chilli)",Bacterial wilt is a bacterial disease caused by Ralstonia solanacearum.,Sudden wilting of green plants; a cut stem placed in clear water releases milky ooze.,Ralstonia solanacearum; favoured by Warm wet soils and infested fields.,"Use clean seed and planting material, avoid flooding from infected fields, and avoid excess nitrogen.",There is no cure once plants are badly infected; remove and destroy them. Ask the agriculture officer about approved control measures.,Bacterial wilt;பாக்டீரியா வாடல் நோய்,curated_general_agronomy,true
KB_DIS_damping_off,tomato;chilli;brinjal,disease,oomycete,english,"Damping off (tomato, chilli, brinjal)",Damping off is a oomycete disease caused by Pythium spp..,Nursery seedlings rot at the base and collapse.,"Pythium spp.; favoured by Wet, poorly drained nursery beds.","Ensure good drainage, avoid waterlogging and use raised nursery beds.",Remove affected plants; improve drainage. Get the correct fungicide and dose from the agriculture officer or KVK.,Damping off;நாற்றழுகல் நோய்,curated_general_agronomy,true
KB_DIS_chilli_leaf_curl,chilli,disease,viral/pest complex,english,Leaf curl complex (chilli),Leaf curl complex is a viral/pest complex disease caused by Chilli leaf curl virus (whitefly) plus thrips and mite damage.,"Leaves curl, become small and crinkled; plants bushy and stunted.","Chilli leaf curl virus (whitefly) plus thrips and mite damage; favoured by High whitefly, thrips or mite populations.","Use healthy seedlings, monitor whitefly, thrips and mites weekly, and use yellow/blue sticky traps.",Remove badly affected plants and manage the insect/mite vectors. Ask the agriculture officer for approved control measures.,Leaf curl complex;இலைச்சுருள் நோய்,curated_general_agronomy,true
KB_DIS_chilli_anthracnose,chilli,disease,fungal,english,Anthracnose (fruit rot and die-back) (chilli),Anthracnose (fruit rot and die-back) is a fungal disease caused by Colletotrichum spp..,Sunken dark spots with rings on ripe fruits; twigs dry from the tip downwards.,Colletotrichum spp.; favoured by Warm humid weather and rain at fruiting.,"Use certified disease-free seed, remove infected residues, avoid excess nitrogen, and keep good spacing and drainage.",Remove affected parts early; bio-agents such as Trichoderma or Pseudomonas are used for some fungal diseases. Get the correct fungicide and dose from the agriculture officer or KVK.,Anthracnose (fruit rot and die-back);பழ அழுகல் மற்றும் நுனிக்கருகல் நோய்,curated_general_agronomy,true
KB_DIS_chilli_powdery_mildew,chilli,disease,fungal,english,Powdery mildew (chilli),Powdery mildew is a fungal disease caused by Leveillula taurica.,White powdery growth on the underside of leaves with yellow patches above; leaf drop.,Leveillula taurica; favoured by Dry days with cool nights.,"Use certified disease-free seed, remove infected residues, avoid excess nitrogen, and keep good spacing and drainage.",Remove affected parts early; bio-agents such as Trichoderma or Pseudomonas are used for some fungal diseases. Get the correct fungicide and dose from the agriculture officer or KVK.,Powdery mildew;சாம்பல் நோய்,curated_general_agronomy,true
KB_DIS_banana_sigatoka,banana,disease,fungal,english,Sigatoka leaf spot (banana),Sigatoka leaf spot is a fungal disease caused by Pseudocercospora musicola.,Small yellow streaks that become brown-black spots with grey centres; leaves dry early.,Pseudocercospora musicola; favoured by High humidity and rain.,"Use certified disease-free seed, remove infected residues, avoid excess nitrogen, and keep good spacing and drainage.",Remove affected parts early; bio-agents such as Trichoderma or Pseudomonas are used for some fungal diseases. Get the correct fungicide and dose from the agriculture officer or KVK.,Sigatoka leaf spot;சிகடோகா இலைப்புள்ளி நோய்,curated_general_agronomy,true
KB_DIS_banana_fusarium_wilt,banana,disease,fungal,english,Fusarium (Panama) wilt (banana),Fusarium (Panama) wilt is a fungal disease caused by Fusarium oxysporum f. sp. cubense.,Older leaves yellow and collapse around the pseudostem; pseudostem splits; reddish-brown streaks inside.,"Fusarium oxysporum f. sp. cubense; favoured by Susceptible varieties, infected suckers, poor drainage.","Use certified disease-free seed, remove infected residues, avoid excess nitrogen, and keep good spacing and drainage.",Remove affected parts early; bio-agents such as Trichoderma or Pseudomonas are used for some fungal diseases. Get the correct fungicide and dose from the agriculture officer or KVK.,Fusarium (Panama) wilt;பனாமா வாடல் நோய்,curated_general_agronomy,true
KB_DIS_banana_bunchy_top,banana,disease,viral,english,Bunchy top (banana),Bunchy top is a viral disease caused by Banana bunchy top virus (spread by banana aphid).,Narrow erect leaves bunched at the top with dark green dot-dash streaks; no proper bunch.,Banana bunchy top virus (spread by banana aphid); favoured by Infected suckers and aphid spread.,"Use resistant varieties, raise seedlings under insect-proof net, control the insect vector early and remove weed hosts.",Viral diseases cannot be cured; uproot and destroy infected plants early and manage the vector. Ask the agriculture officer for vector control advice.,Bunchy top;முடிக்கொத்து நோய்,curated_general_agronomy,true
KB_DIS_coconut_bud_rot,coconut,disease,oomycete,english,Bud rot (coconut),Bud rot is a oomycete disease caused by Phytophthora palmivora.,The spindle (youngest) leaf yellows and droops; the bud rots with a foul smell.,Phytophthora palmivora; favoured by Continuous rain and high humidity.,"Ensure good drainage, avoid waterlogging and use raised nursery beds.",Remove affected plants; improve drainage. Get the correct fungicide and dose from the agriculture officer or KVK.,Bud rot;குருத்தழுகல் நோய்,curated_general_agronomy,true
KB_DIS_coconut_thanjavur_wilt,coconut,disease,fungal,english,Thanjavur wilt (basal stem rot) (coconut),Thanjavur wilt (basal stem rot) is a fungal disease caused by Ganoderma spp..,Reddish-brown bleeding at the trunk base; outer leaves yellow and droop; bracket fungus may appear at the base.,"Ganoderma spp.; favoured by Poor drainage or water stress, infected stumps nearby.","Use certified disease-free seed, remove infected residues, avoid excess nitrogen, and keep good spacing and drainage.",Remove affected parts early; bio-agents such as Trichoderma or Pseudomonas are used for some fungal diseases. Get the correct fungicide and dose from the agriculture officer or KVK.,Thanjavur wilt (basal stem rot);தஞ்சாவூர் வாடல் நோய்,curated_general_agronomy,true
KB_DIS_coconut_stem_bleeding,coconut,disease,fungal,english,Stem bleeding (coconut),Stem bleeding is a fungal disease caused by Thielaviopsis paradoxa.,Dark reddish-brown liquid oozes from cracks on the trunk; tissue beneath rots.,Thielaviopsis paradoxa; favoured by Injuries and waterlogging.,"Use certified disease-free seed, remove infected residues, avoid excess nitrogen, and keep good spacing and drainage.",Remove affected parts early; bio-agents such as Trichoderma or Pseudomonas are used for some fungal diseases. Get the correct fungicide and dose from the agriculture officer or KVK.,Stem bleeding;தண்டுக் கசிவு நோய்,curated_general_agronomy,true
KB_DIS_sugarcane_red_rot,sugarcane,disease,fungal,english,Red rot (sugarcane),Red rot is a fungal disease caused by Colletotrichum falcatum.,Leaves dry from the top; split cane shows red tissue with white cross patches and a sour smell.,"Colletotrichum falcatum; favoured by Infected setts, susceptible varieties, waterlogging.","Use certified disease-free seed, remove infected residues, avoid excess nitrogen, and keep good spacing and drainage.",Remove affected parts early; bio-agents such as Trichoderma or Pseudomonas are used for some fungal diseases. Get the correct fungicide and dose from the agriculture officer or KVK.,Red rot;செவ்வழுகல் நோய்,curated_general_agronomy,true
KB_DIS_sugarcane_smut,sugarcane,disease,fungal,english,Smut (sugarcane),Smut is a fungal disease caused by Sporisorium scitamineum.,A long black whip-like structure emerges from the growing tip; thin grassy shoots.,Sporisorium scitamineum; favoured by Infected setts and ratoon crops.,"Use certified disease-free seed, remove infected residues, avoid excess nitrogen, and keep good spacing and drainage.",Remove affected parts early; bio-agents such as Trichoderma or Pseudomonas are used for some fungal diseases. Get the correct fungicide and dose from the agriculture officer or KVK.,Smut;கரிப்பூட்டை நோய்,curated_general_agronomy,true
KB_DIS_sugarcane_grassy_shoot,sugarcane,disease,phytoplasma,english,Grassy shoot (sugarcane),Grassy shoot is a phytoplasma disease caused by Phytoplasma.,"Many thin, pale grassy tillers from the base; stunted cane.",Phytoplasma; favoured by Infected setts and insect vectors.,Use healthy planting material and control leafhopper vectors.,Uproot and destroy infected plants early. Ask the agriculture officer for vector control advice.,Grassy shoot;புல் தோகை நோய்,curated_general_agronomy,true
KB_DIS_groundnut_tikka,groundnut,disease,fungal,english,Early and late leaf spot (tikka) (groundnut),Early and late leaf spot (tikka) is a fungal disease caused by Cercospora arachidicola / Nothopassalora personata.,"Circular brown to black spots on leaves, often with a yellow halo; heavy leaf fall.",Cercospora arachidicola / Nothopassalora personata; favoured by Humid weather and continuous groundnut cropping.,"Use certified disease-free seed, remove infected residues, avoid excess nitrogen, and keep good spacing and drainage.",Remove affected parts early; bio-agents such as Trichoderma or Pseudomonas are used for some fungal diseases. Get the correct fungicide and dose from the agriculture officer or KVK.,Early and late leaf spot (tikka);டிக்கா இலைப்புள்ளி நோய்,curated_general_agronomy,true
KB_DIS_groundnut_rust,groundnut,disease,fungal,english,Rust (groundnut),Rust is a fungal disease caused by Puccinia arachidis.,Orange-brown powdery pustules on the underside of leaves.,Puccinia arachidis; favoured by High humidity.,"Use certified disease-free seed, remove infected residues, avoid excess nitrogen, and keep good spacing and drainage.",Remove affected parts early; bio-agents such as Trichoderma or Pseudomonas are used for some fungal diseases. Get the correct fungicide and dose from the agriculture officer or KVK.,Rust;துரு நோய்,curated_general_agronomy,true
KB_DIS_groundnut_stem_rot,groundnut,disease,fungal,english,Stem rot (groundnut),Stem rot is a fungal disease caused by Sclerotium rolfsii.,White cottony growth with mustard-seed-like bodies at the stem base; the plant wilts.,Sclerotium rolfsii; favoured by Warm moist soil and organic debris.,"Use certified disease-free seed, remove infected residues, avoid excess nitrogen, and keep good spacing and drainage.",Remove affected parts early; bio-agents such as Trichoderma or Pseudomonas are used for some fungal diseases. Get the correct fungicide and dose from the agriculture officer or KVK.,Stem rot;தண்டழுகல் நோய்,curated_general_agronomy,true
KB_DIS_dry_root_rot,groundnut;cotton;blackgram;greengram,disease,fungal,english,"Dry root rot (groundnut, cotton, blackgram, greengram)",Dry root rot is a fungal disease caused by Macrophomina phaseolina.,"Plants dry suddenly; roots turn dark, brittle and shredded.",Macrophomina phaseolina; favoured by High soil temperature with moisture stress.,"Use certified disease-free seed, remove infected residues, avoid excess nitrogen, and keep good spacing and drainage.",Remove affected parts early; bio-agents such as Trichoderma or Pseudomonas are used for some fungal diseases. Get the correct fungicide and dose from the agriculture officer or KVK.,Dry root rot;வேர் அழுகல் நோய்,curated_general_agronomy,true
KB_DIS_cotton_bacterial_blight,cotton,disease,bacterial,english,Bacterial blight (cotton),Bacterial blight is a bacterial disease caused by Xanthomonas citri pv. malvacearum.,Angular water-soaked leaf spots that turn brown; black lesions on stems; boll rot.,Xanthomonas citri pv. malvacearum; favoured by Warm humid weather and infected seed.,"Use clean seed and planting material, avoid flooding from infected fields, and avoid excess nitrogen.",There is no cure once plants are badly infected; remove and destroy them. Ask the agriculture officer about approved control measures.,Bacterial blight;பாக்டீரியா இலைக் கருகல் நோய்,curated_general_agronomy,true
KB_DIS_maize_turcicum_blight,maize,disease,fungal,english,Turcicum leaf blight (maize),Turcicum leaf blight is a fungal disease caused by Exserohilum turcicum.,Long cigar-shaped grey-green to tan lesions on leaves.,Exserohilum turcicum; favoured by Moderate temperature and high humidity.,"Use certified disease-free seed, remove infected residues, avoid excess nitrogen, and keep good spacing and drainage.",Remove affected parts early; bio-agents such as Trichoderma or Pseudomonas are used for some fungal diseases. Get the correct fungicide and dose from the agriculture officer or KVK.,Turcicum leaf blight;இலைக் கருகல் நோய்,curated_general_agronomy,true
KB_DIS_maize_downy_mildew,maize,disease,oomycete,english,Downy mildew (maize),Downy mildew is a oomycete disease caused by Peronosclerospora sorghi.,Pale streaks on leaves with white downy growth underneath; stunted plants.,Peronosclerospora sorghi; favoured by Cool humid weather.,"Ensure good drainage, avoid waterlogging and use raised nursery beds.",Remove affected plants; improve drainage. Get the correct fungicide and dose from the agriculture officer or KVK.,Downy mildew;அடிச்சாம்பல் நோய்,curated_general_agronomy,true
KB_DIS_brinjal_little_leaf,brinjal,disease,phytoplasma,english,Little leaf (brinjal),Little leaf is a phytoplasma disease caused by Phytoplasma (spread by leafhopper).,Leaves become very small and pale; plant becomes bushy with no fruits.,Phytoplasma (spread by leafhopper); favoured by High leafhopper population.,Use healthy planting material and control leafhopper vectors.,Uproot and destroy infected plants early. Ask the agriculture officer for vector control advice.,Little leaf;சிற்றிலை நோய்,curated_general_agronomy,true
KB_DIS_brinjal_phomopsis,brinjal,disease,fungal,english,Phomopsis blight and fruit rot (brinjal),Phomopsis blight and fruit rot is a fungal disease caused by Phomopsis vexans.,Grey-brown spots on leaves; pale sunken spots on fruits that rot.,Phomopsis vexans; favoured by Warm humid weather.,"Use certified disease-free seed, remove infected residues, avoid excess nitrogen, and keep good spacing and drainage.",Remove affected parts early; bio-agents such as Trichoderma or Pseudomonas are used for some fungal diseases. Get the correct fungicide and dose from the agriculture officer or KVK.,Phomopsis blight and fruit rot;பழ அழுகல் நோய்,curated_general_agronomy,true
KB_DIS_onion_purple_blotch,onion,disease,fungal,english,Purple blotch (onion),Purple blotch is a fungal disease caused by Alternaria porri.,Small white sunken spots enlarge into purple lesions with yellow margins; leaves collapse.,Alternaria porri; favoured by Warm humid weather and rain.,"Use certified disease-free seed, remove infected residues, avoid excess nitrogen, and keep good spacing and drainage.",Remove affected parts early; bio-agents such as Trichoderma or Pseudomonas are used for some fungal diseases. Get the correct fungicide and dose from the agriculture officer or KVK.,Purple blotch;ஊதா கருகல் நோய்,curated_general_agronomy,true
KB_DIS_onion_basal_rot,onion,disease,fungal,english,Basal rot (onion),Basal rot is a fungal disease caused by Fusarium oxysporum f. sp. cepae.,Leaves yellow from the tips; roots and the bulb base rot.,Fusarium oxysporum f. sp. cepae; favoured by Warm soils and damaged bulbs.,"Use certified disease-free seed, remove infected residues, avoid excess nitrogen, and keep good spacing and drainage.",Remove affected parts early; bio-agents such as Trichoderma or Pseudomonas are used for some fungal diseases. Get the correct fungicide and dose from the agriculture officer or KVK.,Basal rot;அடி அழுகல் நோய்,curated_general_agronomy,true
KB_DIS_turmeric_rhizome_rot,turmeric,disease,oomycete,english,Rhizome rot (turmeric),Rhizome rot is a oomycete disease caused by Pythium spp..,"Leaves yellow from margins, the collar becomes soft and rhizomes rot.",Pythium spp.; favoured by Waterlogging and poor drainage.,"Ensure good drainage, avoid waterlogging and use raised nursery beds.",Remove affected plants; improve drainage. Get the correct fungicide and dose from the agriculture officer or KVK.,Rhizome rot;கிழங்கு அழுகல் நோய்,curated_general_agronomy,true
KB_DIS_turmeric_leaf_spot,turmeric,disease,fungal,english,Leaf spot (turmeric),Leaf spot is a fungal disease caused by Colletotrichum spp..,Elliptical brown spots with grey centres on leaves.,Colletotrichum spp.; favoured by Humid weather.,"Use certified disease-free seed, remove infected residues, avoid excess nitrogen, and keep good spacing and drainage.",Remove affected parts early; bio-agents such as Trichoderma or Pseudomonas are used for some fungal diseases. Get the correct fungicide and dose from the agriculture officer or KVK.,Leaf spot;இலைப்புள்ளி நோய்,curated_general_agronomy,true
KB_DIS_pulse_yellow_mosaic,blackgram;greengram,disease,viral,english,"Yellow mosaic (blackgram, greengram)",Yellow mosaic is a viral disease caused by Yellow mosaic viruses (spread by whitefly).,Irregular yellow and green patches on leaves; stunted plants with few pods.,Yellow mosaic viruses (spread by whitefly); favoured by High whitefly population.,"Use resistant varieties, raise seedlings under insect-proof net, control the insect vector early and remove weed hosts.",Viral diseases cannot be cured; uproot and destroy infected plants early and manage the vector. Ask the agriculture officer for vector control advice.,Yellow mosaic;மஞ்சள் தேமல் நோய்,curated_general_agronomy,true
KB_DIS_pulse_powdery_mildew,blackgram;greengram,disease,fungal,english,"Powdery mildew (blackgram, greengram)",Powdery mildew is a fungal disease caused by Erysiphe polygoni.,White powdery patches on leaves and pods.,Erysiphe polygoni; favoured by Dry days with cool nights.,"Use certified disease-free seed, remove infected residues, avoid excess nitrogen, and keep good spacing and drainage.",Remove affected parts early; bio-agents such as Trichoderma or Pseudomonas are used for some fungal diseases. Get the correct fungicide and dose from the agriculture officer or KVK.,Powdery mildew;சாம்பல் நோய்,curated_general_agronomy,true
KB_PEST_rice_stem_borer,paddy,pest,insect,english,Yellow stem borer (paddy),Yellow stem borer (Scirpophaga incertulas) is a insect pest.,Central shoot dries (dead heart) in the vegetative stage; empty white panicles (white ear) at heading.,Scirpophaga incertulas,"Monitor the field weekly; use pheromone, light or sticky traps where suitable; conserve natural enemies; remove and destroy damaged parts; use botanicals or bio-agents where recommended. Use chemical pesticides only on agriculture-officer advice, following the label dose and waiting period.","Monitor the field weekly; use pheromone, light or sticky traps where suitable; conserve natural enemies; remove and destroy damaged parts; use botanicals or bio-agents where recommended. Use chemical pesticides only on agriculture-officer advice, following the label dose and waiting period.",Yellow stem borer;தண்டு துளைப்பான்,curated_general_agronomy,true
KB_PEST_rice_leaf_folder,paddy,pest,insect,english,Leaf folder (paddy),Leaf folder (Cnaphalocrocis medinalis) is a insect pest.,Leaves folded lengthwise; larvae scrape green tissue leaving white streaks.,Cnaphalocrocis medinalis,"Monitor the field weekly; use pheromone, light or sticky traps where suitable; conserve natural enemies; remove and destroy damaged parts; use botanicals or bio-agents where recommended. Use chemical pesticides only on agriculture-officer advice, following the label dose and waiting period.","Monitor the field weekly; use pheromone, light or sticky traps where suitable; conserve natural enemies; remove and destroy damaged parts; use botanicals or bio-agents where recommended. Use chemical pesticides only on agriculture-officer advice, following the label dose and waiting period.",Leaf folder;இலைச்சுருட்டுப் புழு,curated_general_agronomy,true
KB_PEST_rice_bph,paddy,pest,insect,english,Brown planthopper (paddy),Brown planthopper (Nilaparvata lugens) is a insect pest.,Plants turn yellow then dry in circular patches (hopper burn); insects cluster at the plant base.,Nilaparvata lugens,"Monitor the field weekly; use pheromone, light or sticky traps where suitable; conserve natural enemies; remove and destroy damaged parts; use botanicals or bio-agents where recommended. Use chemical pesticides only on agriculture-officer advice, following the label dose and waiting period.","Monitor the field weekly; use pheromone, light or sticky traps where suitable; conserve natural enemies; remove and destroy damaged parts; use botanicals or bio-agents where recommended. Use chemical pesticides only on agriculture-officer advice, following the label dose and waiting period.",Brown planthopper;புகையான்,curated_general_agronomy,true
KB_PEST_rice_glh,paddy,pest,insect,english,Green leafhopper (paddy),Green leafhopper (Nephotettix spp.) is a insect pest.,Sucks sap and spreads tungro virus.,Nephotettix spp.,"Monitor the field weekly; use pheromone, light or sticky traps where suitable; conserve natural enemies; remove and destroy damaged parts; use botanicals or bio-agents where recommended. Use chemical pesticides only on agriculture-officer advice, following the label dose and waiting period.","Monitor the field weekly; use pheromone, light or sticky traps where suitable; conserve natural enemies; remove and destroy damaged parts; use botanicals or bio-agents where recommended. Use chemical pesticides only on agriculture-officer advice, following the label dose and waiting period.",Green leafhopper;பச்சைத் தத்துப்பூச்சி,curated_general_agronomy,true
KB_PEST_rice_gall_midge,paddy,pest,insect,english,Gall midge (paddy),Gall midge (Orseolia oryzae) is a insect pest.,The central leaf turns into a hollow silvery tube (silver shoot).,Orseolia oryzae,"Monitor the field weekly; use pheromone, light or sticky traps where suitable; conserve natural enemies; remove and destroy damaged parts; use botanicals or bio-agents where recommended. Use chemical pesticides only on agriculture-officer advice, following the label dose and waiting period.","Monitor the field weekly; use pheromone, light or sticky traps where suitable; conserve natural enemies; remove and destroy damaged parts; use botanicals or bio-agents where recommended. Use chemical pesticides only on agriculture-officer advice, following the label dose and waiting period.",Gall midge;ஆனைக்கொம்பன் ஈ,curated_general_agronomy,true
KB_PEST_rice_earhead_bug,paddy,pest,insect,english,Earhead bug (paddy),Earhead bug (Leptocorisa acuta) is a insect pest.,Sucks milky grains causing chaffy grains; the field has a bad smell.,Leptocorisa acuta,"Monitor the field weekly; use pheromone, light or sticky traps where suitable; conserve natural enemies; remove and destroy damaged parts; use botanicals or bio-agents where recommended. Use chemical pesticides only on agriculture-officer advice, following the label dose and waiting period.","Monitor the field weekly; use pheromone, light or sticky traps where suitable; conserve natural enemies; remove and destroy damaged parts; use botanicals or bio-agents where recommended. Use chemical pesticides only on agriculture-officer advice, following the label dose and waiting period.",Earhead bug;கதிர் நாவாய்ப்பூச்சி,curated_general_agronomy,true
KB_PEST_helicoverpa,tomato;chilli;cotton;blackgram;greengram,pest,insect,english,"Fruit / pod borer (Helicoverpa) (tomato, chilli, cotton, blackgram, greengram)",Fruit / pod borer (Helicoverpa) (Helicoverpa armigera) is a insect pest.,Round holes on fruits or pods with a larva feeding inside; damaged fruits rot.,Helicoverpa armigera,"Monitor the field weekly; use pheromone, light or sticky traps where suitable; conserve natural enemies; remove and destroy damaged parts; use botanicals or bio-agents where recommended. Use chemical pesticides only on agriculture-officer advice, following the label dose and waiting period.","Monitor the field weekly; use pheromone, light or sticky traps where suitable; conserve natural enemies; remove and destroy damaged parts; use botanicals or bio-agents where recommended. Use chemical pesticides only on agriculture-officer advice, following the label dose and waiting period.",Fruit / pod borer (Helicoverpa);காய்ப்புழு,curated_general_agronomy,true
KB_PEST_whitefly,tomato;cotton;chilli;brinjal;blackgram;greengram,pest,insect,english,"Whitefly (tomato, cotton, chilli, brinjal, blackgram, greengram)",Whitefly (Bemisia tabaci) is a insect pest.,"Sucks sap, causes yellowing and sooty mould; spreads leaf curl and yellow mosaic viruses.",Bemisia tabaci,"Monitor the field weekly; use pheromone, light or sticky traps where suitable; conserve natural enemies; remove and destroy damaged parts; use botanicals or bio-agents where recommended. Use chemical pesticides only on agriculture-officer advice, following the label dose and waiting period.","Monitor the field weekly; use pheromone, light or sticky traps where suitable; conserve natural enemies; remove and destroy damaged parts; use botanicals or bio-agents where recommended. Use chemical pesticides only on agriculture-officer advice, following the label dose and waiting period.",Whitefly;வெள்ளை ஈ,curated_general_agronomy,true
KB_PEST_tomato_leaf_miner,tomato,pest,insect,english,Serpentine leaf miner (tomato),Serpentine leaf miner (Liriomyza trifolii) is a insect pest.,Winding white tunnels inside leaves.,Liriomyza trifolii,"Monitor the field weekly; use pheromone, light or sticky traps where suitable; conserve natural enemies; remove and destroy damaged parts; use botanicals or bio-agents where recommended. Use chemical pesticides only on agriculture-officer advice, following the label dose and waiting period.","Monitor the field weekly; use pheromone, light or sticky traps where suitable; conserve natural enemies; remove and destroy damaged parts; use botanicals or bio-agents where recommended. Use chemical pesticides only on agriculture-officer advice, following the label dose and waiting period.",Serpentine leaf miner;இலைச் சுரங்கப் புழு,curated_general_agronomy,true
KB_PEST_tuta,tomato,pest,insect,english,Tomato pinworm (Tuta) (tomato),Tomato pinworm (Tuta) (Tuta absoluta) is a insect pest.,Blotch mines on leaves and small holes on fruits.,Tuta absoluta,"Monitor the field weekly; use pheromone, light or sticky traps where suitable; conserve natural enemies; remove and destroy damaged parts; use botanicals or bio-agents where recommended. Use chemical pesticides only on agriculture-officer advice, following the label dose and waiting period.","Monitor the field weekly; use pheromone, light or sticky traps where suitable; conserve natural enemies; remove and destroy damaged parts; use botanicals or bio-agents where recommended. Use chemical pesticides only on agriculture-officer advice, following the label dose and waiting period.",Tomato pinworm (Tuta);டூட்டா புழு,curated_general_agronomy,true
KB_PEST_thrips,chilli;onion;cotton;groundnut,pest,insect,english,"Thrips (chilli, onion, cotton, groundnut)",Thrips (Scirtothrips dorsalis / Thrips tabaci) is a insect pest.,Leaves curl upwards with silvery streaks; scarred fruits.,Scirtothrips dorsalis / Thrips tabaci,"Monitor the field weekly; use pheromone, light or sticky traps where suitable; conserve natural enemies; remove and destroy damaged parts; use botanicals or bio-agents where recommended. Use chemical pesticides only on agriculture-officer advice, following the label dose and waiting period.","Monitor the field weekly; use pheromone, light or sticky traps where suitable; conserve natural enemies; remove and destroy damaged parts; use botanicals or bio-agents where recommended. Use chemical pesticides only on agriculture-officer advice, following the label dose and waiting period.",Thrips;இலைப்பேன்,curated_general_agronomy,true
KB_PEST_chilli_yellow_mite,chilli,pest,mite,english,Yellow mite (chilli),Yellow mite (Polyphagotarsonemus latus) is a mite pest.,Leaves curl downwards and become narrow and leathery.,Polyphagotarsonemus latus,Monitor under leaves weekly; avoid unnecessary broad-spectrum sprays that kill natural enemies; remove heavily infested parts. Get an approved acaricide and dose from the agriculture officer if needed.,Monitor under leaves weekly; avoid unnecessary broad-spectrum sprays that kill natural enemies; remove heavily infested parts. Get an approved acaricide and dose from the agriculture officer if needed.,Yellow mite;மஞ்சள் சிலந்தி,curated_general_agronomy,true
KB_PEST_aphids,chilli;cotton;blackgram;greengram;brinjal,pest,insect,english,"Aphids (chilli, cotton, blackgram, greengram, brinjal)",Aphids (Aphis spp.) is a insect pest.,Colonies on tender shoots suck sap; honeydew attracts ants and sooty mould.,Aphis spp.,"Monitor the field weekly; use pheromone, light or sticky traps where suitable; conserve natural enemies; remove and destroy damaged parts; use botanicals or bio-agents where recommended. Use chemical pesticides only on agriculture-officer advice, following the label dose and waiting period.","Monitor the field weekly; use pheromone, light or sticky traps where suitable; conserve natural enemies; remove and destroy damaged parts; use botanicals or bio-agents where recommended. Use chemical pesticides only on agriculture-officer advice, following the label dose and waiting period.",Aphids;அசுவினி,curated_general_agronomy,true
KB_PEST_banana_rhizome_weevil,banana,pest,insect,english,Rhizome weevil (banana),Rhizome weevil (Cosmopolites sordidus) is a insect pest.,Tunnels in the corm; plants become weak and topple.,Cosmopolites sordidus,"Monitor the field weekly; use pheromone, light or sticky traps where suitable; conserve natural enemies; remove and destroy damaged parts; use botanicals or bio-agents where recommended. Use chemical pesticides only on agriculture-officer advice, following the label dose and waiting period.","Monitor the field weekly; use pheromone, light or sticky traps where suitable; conserve natural enemies; remove and destroy damaged parts; use botanicals or bio-agents where recommended. Use chemical pesticides only on agriculture-officer advice, following the label dose and waiting period.",Rhizome weevil;கிழங்கு கூன்வண்டு,curated_general_agronomy,true
KB_PEST_banana_stem_weevil,banana,pest,insect,english,Pseudostem weevil (banana),Pseudostem weevil (Odoiporus longicollis) is a insect pest.,Jelly-like ooze from holes in the pseudostem; the stem breaks.,Odoiporus longicollis,"Monitor the field weekly; use pheromone, light or sticky traps where suitable; conserve natural enemies; remove and destroy damaged parts; use botanicals or bio-agents where recommended. Use chemical pesticides only on agriculture-officer advice, following the label dose and waiting period.","Monitor the field weekly; use pheromone, light or sticky traps where suitable; conserve natural enemies; remove and destroy damaged parts; use botanicals or bio-agents where recommended. Use chemical pesticides only on agriculture-officer advice, following the label dose and waiting period.",Pseudostem weevil;தண்டு கூன்வண்டு,curated_general_agronomy,true
KB_PEST_banana_aphid,banana,pest,insect,english,Banana aphid (banana),Banana aphid (Pentalonia nigronervosa) is a insect pest.,Clusters at the leaf bases; spreads bunchy top virus.,Pentalonia nigronervosa,"Monitor the field weekly; use pheromone, light or sticky traps where suitable; conserve natural enemies; remove and destroy damaged parts; use botanicals or bio-agents where recommended. Use chemical pesticides only on agriculture-officer advice, following the label dose and waiting period.","Monitor the field weekly; use pheromone, light or sticky traps where suitable; conserve natural enemies; remove and destroy damaged parts; use botanicals or bio-agents where recommended. Use chemical pesticides only on agriculture-officer advice, following the label dose and waiting period.",Banana aphid;வாழை அசுவினி,curated_general_agronomy,true
KB_PEST_coconut_rhino_beetle,coconut,pest,insect,english,Rhinoceros beetle (coconut),Rhinoceros beetle (Oryctes rhinoceros) is a insect pest.,V-shaped cuts on opened fronds; holes with chewed fibre in the crown.,Oryctes rhinoceros,"Monitor the field weekly; use pheromone, light or sticky traps where suitable; conserve natural enemies; remove and destroy damaged parts; use botanicals or bio-agents where recommended. Use chemical pesticides only on agriculture-officer advice, following the label dose and waiting period.","Monitor the field weekly; use pheromone, light or sticky traps where suitable; conserve natural enemies; remove and destroy damaged parts; use botanicals or bio-agents where recommended. Use chemical pesticides only on agriculture-officer advice, following the label dose and waiting period.",Rhinoceros beetle;காண்டாமிருக வண்டு,curated_general_agronomy,true
KB_PEST_coconut_rpw,coconut,pest,insect,english,Red palm weevil (coconut),Red palm weevil (Rhynchophorus ferrugineus) is a insect pest.,Holes on the trunk with brown ooze and chewed fibre; the crown wilts and the palm can die.,Rhynchophorus ferrugineus,"Monitor the field weekly; use pheromone, light or sticky traps where suitable; conserve natural enemies; remove and destroy damaged parts; use botanicals or bio-agents where recommended. Use chemical pesticides only on agriculture-officer advice, following the label dose and waiting period.","Monitor the field weekly; use pheromone, light or sticky traps where suitable; conserve natural enemies; remove and destroy damaged parts; use botanicals or bio-agents where recommended. Use chemical pesticides only on agriculture-officer advice, following the label dose and waiting period.",Red palm weevil;சிவப்பு கூன்வண்டு,curated_general_agronomy,true
KB_PEST_coconut_bhc,coconut,pest,insect,english,Black-headed caterpillar (coconut),Black-headed caterpillar (Opisina arenosella) is a insect pest.,Leaflets scraped from underneath; fronds look dried and burnt in patches.,Opisina arenosella,"Monitor the field weekly; use pheromone, light or sticky traps where suitable; conserve natural enemies; remove and destroy damaged parts; use botanicals or bio-agents where recommended. Use chemical pesticides only on agriculture-officer advice, following the label dose and waiting period.","Monitor the field weekly; use pheromone, light or sticky traps where suitable; conserve natural enemies; remove and destroy damaged parts; use botanicals or bio-agents where recommended. Use chemical pesticides only on agriculture-officer advice, following the label dose and waiting period.",Black-headed caterpillar;கருந்தலைப் புழு,curated_general_agronomy,true
KB_PEST_coconut_mite,coconut,pest,mite,english,Eriophyid mite (coconut),Eriophyid mite (Aceria guerreronis) is a mite pest.,"Triangular pale patches under the cap of young nuts, later brown cracked husk; small nuts.",Aceria guerreronis,Monitor under leaves weekly; avoid unnecessary broad-spectrum sprays that kill natural enemies; remove heavily infested parts. Get an approved acaricide and dose from the agriculture officer if needed.,Monitor under leaves weekly; avoid unnecessary broad-spectrum sprays that kill natural enemies; remove heavily infested parts. Get an approved acaricide and dose from the agriculture officer if needed.,Eriophyid mite;எரியோஃபைட் சிலந்தி,curated_general_agronomy,true
KB_PEST_coconut_rsw,coconut,pest,insect,english,Rugose spiralling whitefly (coconut),Rugose spiralling whitefly (Aleurodicus rugioperculatus) is a insect pest.,Spiral waxy egg patterns and white colonies under leaflets; heavy sooty mould.,Aleurodicus rugioperculatus,"Monitor the field weekly; use pheromone, light or sticky traps where suitable; conserve natural enemies; remove and destroy damaged parts; use botanicals or bio-agents where recommended. Use chemical pesticides only on agriculture-officer advice, following the label dose and waiting period.","Monitor the field weekly; use pheromone, light or sticky traps where suitable; conserve natural enemies; remove and destroy damaged parts; use botanicals or bio-agents where recommended. Use chemical pesticides only on agriculture-officer advice, following the label dose and waiting period.",Rugose spiralling whitefly;சுருள் வெள்ளை ஈ,curated_general_agronomy,true
KB_PEST_sugarcane_esb,sugarcane,pest,insect,english,Early shoot borer (sugarcane),Early shoot borer (Chilo infuscatellus) is a insect pest.,Dead hearts in young cane that pull out easily with a foul smell.,Chilo infuscatellus,"Monitor the field weekly; use pheromone, light or sticky traps where suitable; conserve natural enemies; remove and destroy damaged parts; use botanicals or bio-agents where recommended. Use chemical pesticides only on agriculture-officer advice, following the label dose and waiting period.","Monitor the field weekly; use pheromone, light or sticky traps where suitable; conserve natural enemies; remove and destroy damaged parts; use botanicals or bio-agents where recommended. Use chemical pesticides only on agriculture-officer advice, following the label dose and waiting period.",Early shoot borer;இளம் குருத்துப் புழு,curated_general_agronomy,true
KB_PEST_sugarcane_inb,sugarcane,pest,insect,english,Internode borer (sugarcane),Internode borer (Chilo sacchariphagus indicus) is a insect pest.,Bore holes on internodes with frass; reduced cane weight.,Chilo sacchariphagus indicus,"Monitor the field weekly; use pheromone, light or sticky traps where suitable; conserve natural enemies; remove and destroy damaged parts; use botanicals or bio-agents where recommended. Use chemical pesticides only on agriculture-officer advice, following the label dose and waiting period.","Monitor the field weekly; use pheromone, light or sticky traps where suitable; conserve natural enemies; remove and destroy damaged parts; use botanicals or bio-agents where recommended. Use chemical pesticides only on agriculture-officer advice, following the label dose and waiting period.",Internode borer;கணு இடைத் துளைப்பான்,curated_general_agronomy,true
KB_PEST_sugarcane_woolly_aphid,sugarcane,pest,insect,english,Woolly aphid (sugarcane),Woolly aphid (Ceratovacuna lanigera) is a insect pest.,White woolly colonies under leaves; sooty mould.,Ceratovacuna lanigera,"Monitor the field weekly; use pheromone, light or sticky traps where suitable; conserve natural enemies; remove and destroy damaged parts; use botanicals or bio-agents where recommended. Use chemical pesticides only on agriculture-officer advice, following the label dose and waiting period.","Monitor the field weekly; use pheromone, light or sticky traps where suitable; conserve natural enemies; remove and destroy damaged parts; use botanicals or bio-agents where recommended. Use chemical pesticides only on agriculture-officer advice, following the label dose and waiting period.",Woolly aphid;பஞ்சு அசுவினி,curated_general_agronomy,true
KB_PEST_groundnut_leaf_miner,groundnut,pest,insect,english,Leaf miner (groundnut),Leaf miner (Aproaerema modicella) is a insect pest.,"Small blotch mines, then leaflets webbed together; the field looks burnt from a distance.",Aproaerema modicella,"Monitor the field weekly; use pheromone, light or sticky traps where suitable; conserve natural enemies; remove and destroy damaged parts; use botanicals or bio-agents where recommended. Use chemical pesticides only on agriculture-officer advice, following the label dose and waiting period.","Monitor the field weekly; use pheromone, light or sticky traps where suitable; conserve natural enemies; remove and destroy damaged parts; use botanicals or bio-agents where recommended. Use chemical pesticides only on agriculture-officer advice, following the label dose and waiting period.",Leaf miner;சுருள் பூச்சி,curated_general_agronomy,true
KB_PEST_red_hairy_caterpillar,groundnut,pest,insect,english,Red hairy caterpillar (groundnut),Red hairy caterpillar (Amsacta albistriga) is a insect pest.,Groups of larvae defoliate the crop quickly after the first rains.,Amsacta albistriga,"Monitor the field weekly; use pheromone, light or sticky traps where suitable; conserve natural enemies; remove and destroy damaged parts; use botanicals or bio-agents where recommended. Use chemical pesticides only on agriculture-officer advice, following the label dose and waiting period.","Monitor the field weekly; use pheromone, light or sticky traps where suitable; conserve natural enemies; remove and destroy damaged parts; use botanicals or bio-agents where recommended. Use chemical pesticides only on agriculture-officer advice, following the label dose and waiting period.",Red hairy caterpillar;சிவப்பு கம்பளிப்புழு,curated_general_agronomy,true
KB_PEST_white_grub,groundnut;sugarcane,pest,insect,english,"White grub (groundnut, sugarcane)",White grub (Holotrichia spp.) is a insect pest.,Larvae feed on roots and pods; plants wilt and dry in patches.,Holotrichia spp.,"Monitor the field weekly; use pheromone, light or sticky traps where suitable; conserve natural enemies; remove and destroy damaged parts; use botanicals or bio-agents where recommended. Use chemical pesticides only on agriculture-officer advice, following the label dose and waiting period.","Monitor the field weekly; use pheromone, light or sticky traps where suitable; conserve natural enemies; remove and destroy damaged parts; use botanicals or bio-agents where recommended. Use chemical pesticides only on agriculture-officer advice, following the label dose and waiting period.",White grub;வெள்ளைப் புழு,curated_general_agronomy,true
KB_PEST_pink_bollworm,cotton,pest,insect,english,Pink bollworm (cotton),Pink bollworm (Pectinophora gossypiella) is a insect pest.,"Rosette (unopened) flowers, bored bolls, damaged seeds and stained lint.",Pectinophora gossypiella,"Monitor the field weekly; use pheromone, light or sticky traps where suitable; conserve natural enemies; remove and destroy damaged parts; use botanicals or bio-agents where recommended. Use chemical pesticides only on agriculture-officer advice, following the label dose and waiting period.","Monitor the field weekly; use pheromone, light or sticky traps where suitable; conserve natural enemies; remove and destroy damaged parts; use botanicals or bio-agents where recommended. Use chemical pesticides only on agriculture-officer advice, following the label dose and waiting period.",Pink bollworm;இளஞ்சிவப்பு காய்ப்புழு,curated_general_agronomy,true
KB_PEST_jassid,cotton;brinjal,pest,insect,english,"Leafhopper (jassid) (cotton, brinjal)",Leafhopper (jassid) (Amrasca biguttula biguttula) is a insect pest.,Leaf edges turn yellow then reddish and curl down (hopper burn).,Amrasca biguttula biguttula,"Monitor the field weekly; use pheromone, light or sticky traps where suitable; conserve natural enemies; remove and destroy damaged parts; use botanicals or bio-agents where recommended. Use chemical pesticides only on agriculture-officer advice, following the label dose and waiting period.","Monitor the field weekly; use pheromone, light or sticky traps where suitable; conserve natural enemies; remove and destroy damaged parts; use botanicals or bio-agents where recommended. Use chemical pesticides only on agriculture-officer advice, following the label dose and waiting period.",Leafhopper (jassid);தத்துப்பூச்சி,curated_general_agronomy,true
KB_PEST_mealybug,cotton;tomato;brinjal,pest,insect,english,"Mealybug (cotton, tomato, brinjal)",Mealybug (Phenacoccus solenopsis) is a insect pest.,White waxy colonies on stems and leaves; stunting and sooty mould.,Phenacoccus solenopsis,"Monitor the field weekly; use pheromone, light or sticky traps where suitable; conserve natural enemies; remove and destroy damaged parts; use botanicals or bio-agents where recommended. Use chemical pesticides only on agriculture-officer advice, following the label dose and waiting period.","Monitor the field weekly; use pheromone, light or sticky traps where suitable; conserve natural enemies; remove and destroy damaged parts; use botanicals or bio-agents where recommended. Use chemical pesticides only on agriculture-officer advice, following the label dose and waiting period.",Mealybug;மாவுப்பூச்சி,curated_general_agronomy,true
KB_PEST_fall_armyworm,maize,pest,insect,english,Fall armyworm (maize),Fall armyworm (Spodoptera frugiperda) is a insect pest.,Window-pane scraping and ragged holes on leaves; sawdust-like frass in the whorl; larva has an inverted Y on the head.,Spodoptera frugiperda,"Monitor the field weekly; use pheromone, light or sticky traps where suitable; conserve natural enemies; remove and destroy damaged parts; use botanicals or bio-agents where recommended. Use chemical pesticides only on agriculture-officer advice, following the label dose and waiting period.","Monitor the field weekly; use pheromone, light or sticky traps where suitable; conserve natural enemies; remove and destroy damaged parts; use botanicals or bio-agents where recommended. Use chemical pesticides only on agriculture-officer advice, following the label dose and waiting period.",Fall armyworm;படைப்புழு,curated_general_agronomy,true
KB_PEST_maize_stem_borer,maize,pest,insect,english,Spotted stem borer (maize),Spotted stem borer (Chilo partellus) is a insect pest.,Shot holes on leaves and dead hearts in young plants.,Chilo partellus,"Monitor the field weekly; use pheromone, light or sticky traps where suitable; conserve natural enemies; remove and destroy damaged parts; use botanicals or bio-agents where recommended. Use chemical pesticides only on agriculture-officer advice, following the label dose and waiting period.","Monitor the field weekly; use pheromone, light or sticky traps where suitable; conserve natural enemies; remove and destroy damaged parts; use botanicals or bio-agents where recommended. Use chemical pesticides only on agriculture-officer advice, following the label dose and waiting period.",Spotted stem borer;தண்டு துளைப்பான்,curated_general_agronomy,true
KB_PEST_brinjal_sfb,brinjal,pest,insect,english,Shoot and fruit borer (brinjal),Shoot and fruit borer (Leucinodes orbonalis) is a insect pest.,Shoots wilt and droop; fruits have holes with frass.,Leucinodes orbonalis,"Monitor the field weekly; use pheromone, light or sticky traps where suitable; conserve natural enemies; remove and destroy damaged parts; use botanicals or bio-agents where recommended. Use chemical pesticides only on agriculture-officer advice, following the label dose and waiting period.","Monitor the field weekly; use pheromone, light or sticky traps where suitable; conserve natural enemies; remove and destroy damaged parts; use botanicals or bio-agents where recommended. Use chemical pesticides only on agriculture-officer advice, following the label dose and waiting period.",Shoot and fruit borer;தண்டு மற்றும் காய் துளைப்பான்,curated_general_agronomy,true
KB_PEST_epilachna,brinjal,pest,insect,english,Epilachna beetle (brinjal),Epilachna beetle (Henosepilachna vigintioctopunctata) is a insect pest.,"Grubs and adults scrape leaves, leaving a skeleton of veins.",Henosepilachna vigintioctopunctata,"Monitor the field weekly; use pheromone, light or sticky traps where suitable; conserve natural enemies; remove and destroy damaged parts; use botanicals or bio-agents where recommended. Use chemical pesticides only on agriculture-officer advice, following the label dose and waiting period.","Monitor the field weekly; use pheromone, light or sticky traps where suitable; conserve natural enemies; remove and destroy damaged parts; use botanicals or bio-agents where recommended. Use chemical pesticides only on agriculture-officer advice, following the label dose and waiting period.",Epilachna beetle;எபிலாக்னா வண்டு,curated_general_agronomy,true
KB_PEST_drumstick_pod_fly,drumstick,pest,insect,english,Pod fly (drumstick),Pod fly (Gitona distigma) is a insect pest.,Gum oozes from young pods; pods rot and split from the tip.,Gitona distigma,"Monitor the field weekly; use pheromone, light or sticky traps where suitable; conserve natural enemies; remove and destroy damaged parts; use botanicals or bio-agents where recommended. Use chemical pesticides only on agriculture-officer advice, following the label dose and waiting period.","Monitor the field weekly; use pheromone, light or sticky traps where suitable; conserve natural enemies; remove and destroy damaged parts; use botanicals or bio-agents where recommended. Use chemical pesticides only on agriculture-officer advice, following the label dose and waiting period.",Pod fly;காய் ஈ,curated_general_agronomy,true
KB_PEST_drumstick_hairy_caterpillar,drumstick,pest,insect,english,Hairy caterpillar (drumstick),Hairy caterpillar (Eupterote mollifera) is a insect pest.,Groups of hairy caterpillars rest on the trunk by day and strip the leaves.,Eupterote mollifera,"Monitor the field weekly; use pheromone, light or sticky traps where suitable; conserve natural enemies; remove and destroy damaged parts; use botanicals or bio-agents where recommended. Use chemical pesticides only on agriculture-officer advice, following the label dose and waiting period.","Monitor the field weekly; use pheromone, light or sticky traps where suitable; conserve natural enemies; remove and destroy damaged parts; use botanicals or bio-agents where recommended. Use chemical pesticides only on agriculture-officer advice, following the label dose and waiting period.",Hairy caterpillar;கம்பளிப்புழு,curated_general_agronomy,true
KB_PEST_turmeric_shoot_borer,turmeric,pest,insect,english,Shoot borer (turmeric),Shoot borer (Conogethes punctiferalis) is a insect pest.,Holes with frass on the pseudostem; the central shoot dries.,Conogethes punctiferalis,"Monitor the field weekly; use pheromone, light or sticky traps where suitable; conserve natural enemies; remove and destroy damaged parts; use botanicals or bio-agents where recommended. Use chemical pesticides only on agriculture-officer advice, following the label dose and waiting period.","Monitor the field weekly; use pheromone, light or sticky traps where suitable; conserve natural enemies; remove and destroy damaged parts; use botanicals or bio-agents where recommended. Use chemical pesticides only on agriculture-officer advice, following the label dose and waiting period.",Shoot borer;தண்டு துளைப்பான்,curated_general_agronomy,true
KB_PEST_maruca,blackgram;greengram,pest,insect,english,"Spotted pod borer (blackgram, greengram)",Spotted pod borer (Maruca vitrata) is a insect pest.,Flowers and pods webbed together with larvae feeding inside.,Maruca vitrata,"Monitor the field weekly; use pheromone, light or sticky traps where suitable; conserve natural enemies; remove and destroy damaged parts; use botanicals or bio-agents where recommended. Use chemical pesticides only on agriculture-officer advice, following the label dose and waiting period.","Monitor the field weekly; use pheromone, light or sticky traps where suitable; conserve natural enemies; remove and destroy damaged parts; use botanicals or bio-agents where recommended. Use chemical pesticides only on agriculture-officer advice, following the label dose and waiting period.",Spotted pod borer;புள்ளிக் காய்த்துளைப்பான்,curated_general_agronomy,true
KB_PEST_pulse_beetle,blackgram;greengram,pest,insect,english,"Pulse beetle (storage) (blackgram, greengram)",Pulse beetle (storage) (Callosobruchus spp.) is a insect pest.,Round exit holes in stored seeds with powdery damage.,Callosobruchus spp.,"Monitor the field weekly; use pheromone, light or sticky traps where suitable; conserve natural enemies; remove and destroy damaged parts; use botanicals or bio-agents where recommended. Use chemical pesticides only on agriculture-officer advice, following the label dose and waiting period.","Monitor the field weekly; use pheromone, light or sticky traps where suitable; conserve natural enemies; remove and destroy damaged parts; use botanicals or bio-agents where recommended. Use chemical pesticides only on agriculture-officer advice, following the label dose and waiting period.",Pulse beetle (storage);பயறு வண்டு,curated_general_agronomy,true
KB_PEST_rats,paddy;coconut;groundnut,pest,vertebrate,english,"Rats (paddy, coconut, groundnut)",Rats (Bandicota bengalensis and others) is a vertebrate pest.,"Cut tillers and panicles, burrows in bunds, damaged nuts and pods.",Bandicota bengalensis and others,"Keep bunds narrow and clean, use community-level trapping and baiting campaigns organised by the agriculture department, and put up owl/bird perches.","Keep bunds narrow and clean, use community-level trapping and baiting campaigns organised by the agriculture department, and put up owl/bird perches.",Rats;எலி,curated_general_agronomy,true
KB_DEF_N_en,all,fertilizer,nutrient_deficiency,english,Nitrogen deficiency,Older leaves turn uniformly pale yellow; plants grow slowly and look light green.,Older leaves turn uniformly pale yellow; plants grow slowly and look light green.,,,Confirm with soil/leaf test; get corrective product and dose from the agriculture office.,Nitrogen deficiency;தழைச்சத்து குறைபாடு,curated_general_agronomy,true
KB_DEF_N_ta,all,fertilizer,nutrient_deficiency,tamil,தழைச்சத்து குறைபாடு,பழைய இலைகள் முழுவதும் வெளிர் மஞ்சளாக மாறும்; செடி மெதுவாக வளர்ந்து வெளிர் பச்சையாகத் தெரியும்.,பழைய இலைகள் முழுவதும் வெளிர் மஞ்சளாக மாறும்; செடி மெதுவாக வளர்ந்து வெளிர் பச்சையாகத் தெரியும்.,,,Confirm with soil/leaf test; get corrective product and dose from the agriculture office.,Nitrogen deficiency;தழைச்சத்து குறைபாடு,curated_general_agronomy,true
KB_DEF_N_tanglish,all,fertilizer,nutrient_deficiency,tanglish,Nitrogen deficiency,"Pazhaya ilai fulla velir manjal aagum; sedi medhuva valarum, light green-a theriyum.","Pazhaya ilai fulla velir manjal aagum; sedi medhuva valarum, light green-a theriyum.",,,Confirm with soil/leaf test; get corrective product and dose from the agriculture office.,Nitrogen deficiency;தழைச்சத்து குறைபாடு,curated_general_agronomy,true
KB_DEF_P_en,all,fertilizer,nutrient_deficiency,english,Phosphorus deficiency,Plants are stunted with dark green or purplish leaves and poor root growth.,Plants are stunted with dark green or purplish leaves and poor root growth.,,,Confirm with soil/leaf test; get corrective product and dose from the agriculture office.,Phosphorus deficiency;மணிச்சத்து குறைபாடு,curated_general_agronomy,true
KB_DEF_P_ta,all,fertilizer,nutrient_deficiency,tamil,மணிச்சத்து குறைபாடு,செடி குட்டையாக இருக்கும்; இலைகள் கரும்பச்சை அல்லது ஊதா நிறமாகும்; வேர் வளர்ச்சி குறையும்.,செடி குட்டையாக இருக்கும்; இலைகள் கரும்பச்சை அல்லது ஊதா நிறமாகும்; வேர் வளர்ச்சி குறையும்.,,,Confirm with soil/leaf test; get corrective product and dose from the agriculture office.,Phosphorus deficiency;மணிச்சத்து குறைபாடு,curated_general_agronomy,true
KB_DEF_P_tanglish,all,fertilizer,nutrient_deficiency,tanglish,Phosphorus deficiency,Sedi kuttaiya irukum; ilai dark green illa purple aagum; ver valarchi kammi.,Sedi kuttaiya irukum; ilai dark green illa purple aagum; ver valarchi kammi.,,,Confirm with soil/leaf test; get corrective product and dose from the agriculture office.,Phosphorus deficiency;மணிச்சத்து குறைபாடு,curated_general_agronomy,true
KB_DEF_K_en,all,fertilizer,nutrient_deficiency,english,Potassium deficiency,Margins and tips of older leaves turn brown and scorched; weak stems and lodging.,Margins and tips of older leaves turn brown and scorched; weak stems and lodging.,,,Confirm with soil/leaf test; get corrective product and dose from the agriculture office.,Potassium deficiency;சாம்பல் சத்து குறைபாடு,curated_general_agronomy,true
KB_DEF_K_ta,all,fertilizer,nutrient_deficiency,tamil,சாம்பல் சத்து குறைபாடு,"பழைய இலைகளின் ஓரம், நுனி பழுப்பாகக் கருகும்; தண்டு பலவீனமாகி சாயும்.","பழைய இலைகளின் ஓரம், நுனி பழுப்பாகக் கருகும்; தண்டு பலவீனமாகி சாயும்.",,,Confirm with soil/leaf test; get corrective product and dose from the agriculture office.,Potassium deficiency;சாம்பல் சத்து குறைபாடு,curated_general_agronomy,true
KB_DEF_K_tanglish,all,fertilizer,nutrient_deficiency,tanglish,Potassium deficiency,"Pazhaya ilai oram, nuni brown-a karugum; thandu weak aagi saayum.","Pazhaya ilai oram, nuni brown-a karugum; thandu weak aagi saayum.",,,Confirm with soil/leaf test; get corrective product and dose from the agriculture office.,Potassium deficiency;சாம்பல் சத்து குறைபாடு,curated_general_agronomy,true
KB_DEF_Zn_en,all,fertilizer,nutrient_deficiency,english,Zinc deficiency,"In paddy, rusty brown spots on leaves a few weeks after transplanting; stunted uneven growth.","In paddy, rusty brown spots on leaves a few weeks after transplanting; stunted uneven growth.",,,Confirm with soil/leaf test; get corrective product and dose from the agriculture office.,Zinc deficiency;துத்தநாகக் குறைபாடு,curated_general_agronomy,true
KB_DEF_Zn_ta,all,fertilizer,nutrient_deficiency,tamil,துத்தநாகக் குறைபாடு,நெல்லில் நடவுக்குப் பின் சில வாரங்களில் இலையில் துருப்பிடித்த பழுப்புப் புள்ளிகள்; வளர்ச்சி சீரில்லாமல் குறையும்.,நெல்லில் நடவுக்குப் பின் சில வாரங்களில் இலையில் துருப்பிடித்த பழுப்புப் புள்ளிகள்; வளர்ச்சி சீரில்லாமல் குறையும்.,,,Confirm with soil/leaf test; get corrective product and dose from the agriculture office.,Zinc deficiency;துத்தநாகக் குறைபாடு,curated_general_agronomy,true
KB_DEF_Zn_tanglish,all,fertilizer,nutrient_deficiency,tanglish,Zinc deficiency,Nel la nadavu ku apram sila vaarathula ilai la thuru pidicha brown pulli; valarchi kammi.,Nel la nadavu ku apram sila vaarathula ilai la thuru pidicha brown pulli; valarchi kammi.,,,Confirm with soil/leaf test; get corrective product and dose from the agriculture office.,Zinc deficiency;துத்தநாகக் குறைபாடு,curated_general_agronomy,true
KB_DEF_Fe_en,all,fertilizer,nutrient_deficiency,english,Iron deficiency,Young leaves turn yellow between the veins while veins stay green.,Young leaves turn yellow between the veins while veins stay green.,,,Confirm with soil/leaf test; get corrective product and dose from the agriculture office.,Iron deficiency;இரும்புச்சத்து குறைபாடு,curated_general_agronomy,true
KB_DEF_Fe_ta,all,fertilizer,nutrient_deficiency,tamil,இரும்புச்சத்து குறைபாடு,புதிய இலைகளில் நரம்புகளுக்கு இடையே மஞ்சளாகும்; நரம்பு பச்சையாக இருக்கும்.,புதிய இலைகளில் நரம்புகளுக்கு இடையே மஞ்சளாகும்; நரம்பு பச்சையாக இருக்கும்.,,,Confirm with soil/leaf test; get corrective product and dose from the agriculture office.,Iron deficiency;இரும்புச்சத்து குறைபாடு,curated_general_agronomy,true
KB_DEF_Fe_tanglish,all,fertilizer,nutrient_deficiency,tanglish,Iron deficiency,Pudhu ilai la narambu naduvula manjal; narambu pachaiya irukum.,Pudhu ilai la narambu naduvula manjal; narambu pachaiya irukum.,,,Confirm with soil/leaf test; get corrective product and dose from the agriculture office.,Iron deficiency;இரும்புச்சத்து குறைபாடு,curated_general_agronomy,true
KB_DEF_Mg_en,all,fertilizer,nutrient_deficiency,english,Magnesium deficiency,Older leaves turn yellow between veins.,Older leaves turn yellow between veins.,,,Confirm with soil/leaf test; get corrective product and dose from the agriculture office.,Magnesium deficiency;மெக்னீசியம் குறைபாடு,curated_general_agronomy,true
KB_DEF_Mg_ta,all,fertilizer,nutrient_deficiency,tamil,மெக்னீசியம் குறைபாடு,பழைய இலைகளில் நரம்புகளுக்கு இடையே மஞ்சளாகும்.,பழைய இலைகளில் நரம்புகளுக்கு இடையே மஞ்சளாகும்.,,,Confirm with soil/leaf test; get corrective product and dose from the agriculture office.,Magnesium deficiency;மெக்னீசியம் குறைபாடு,curated_general_agronomy,true
KB_DEF_Mg_tanglish,all,fertilizer,nutrient_deficiency,tanglish,Magnesium deficiency,Pazhaya ilai la narambu naduvula manjal.,Pazhaya ilai la narambu naduvula manjal.,,,Confirm with soil/leaf test; get corrective product and dose from the agriculture office.,Magnesium deficiency;மெக்னீசியம் குறைபாடு,curated_general_agronomy,true
KB_DEF_S_en,all,fertilizer,nutrient_deficiency,english,Sulphur deficiency,Young leaves turn uniformly pale yellow.,Young leaves turn uniformly pale yellow.,,,Confirm with soil/leaf test; get corrective product and dose from the agriculture office.,Sulphur deficiency;கந்தகச்சத்து குறைபாடு,curated_general_agronomy,true
KB_DEF_S_ta,all,fertilizer,nutrient_deficiency,tamil,கந்தகச்சத்து குறைபாடு,புதிய இலைகள் முழுவதும் வெளிர் மஞ்சளாகும்.,புதிய இலைகள் முழுவதும் வெளிர் மஞ்சளாகும்.,,,Confirm with soil/leaf test; get corrective product and dose from the agriculture office.,Sulphur deficiency;கந்தகச்சத்து குறைபாடு,curated_general_agronomy,true
KB_DEF_S_tanglish,all,fertilizer,nutrient_deficiency,tanglish,Sulphur deficiency,Pudhu ilai fulla velir manjal.,Pudhu ilai fulla velir manjal.,,,Confirm with soil/leaf test; get corrective product and dose from the agriculture office.,Sulphur deficiency;கந்தகச்சத்து குறைபாடு,curated_general_agronomy,true
KB_DEF_B_en,all,fertilizer,nutrient_deficiency,english,Boron deficiency,"Growing tips die, fruits crack or become deformed.","Growing tips die, fruits crack or become deformed.",,,Confirm with soil/leaf test; get corrective product and dose from the agriculture office.,Boron deficiency;போரான் குறைபாடு,curated_general_agronomy,true
KB_DEF_B_ta,all,fertilizer,nutrient_deficiency,tamil,போரான் குறைபாடு,வளரும் நுனி காய்ந்து போகும்; காய்கள் வெடிக்கும் அல்லது உருமாறும்.,வளரும் நுனி காய்ந்து போகும்; காய்கள் வெடிக்கும் அல்லது உருமாறும்.,,,Confirm with soil/leaf test; get corrective product and dose from the agriculture office.,Boron deficiency;போரான் குறைபாடு,curated_general_agronomy,true
KB_DEF_B_tanglish,all,fertilizer,nutrient_deficiency,tanglish,Boron deficiency,Valarum nuni kaanjidum; kaai vedikkum illa shape maarum.,Valarum nuni kaanjidum; kaai vedikkum illa shape maarum.,,,Confirm with soil/leaf test; get corrective product and dose from the agriculture office.,Boron deficiency;போரான் குறைபாடு,curated_general_agronomy,true
KB_DEF_Ca_en,all,fertilizer,nutrient_deficiency,english,Calcium deficiency,Blossom-end rot in tomato (dark sunken patch at fruit bottom); often linked to irregular watering.,Blossom-end rot in tomato (dark sunken patch at fruit bottom); often linked to irregular watering.,,,Confirm with soil/leaf test; get corrective product and dose from the agriculture office.,Calcium deficiency;சுண்ணாம்புச்சத்து குறைபாடு,curated_general_agronomy,true
KB_DEF_Ca_ta,all,fertilizer,nutrient_deficiency,tamil,சுண்ணாம்புச்சத்து குறைபாடு,தக்காளியில் பழத்தின் அடியில் கருப்புக் குழி (நுனி அழுகல்); சீரற்ற நீர் பாய்ச்சலுடன் தொடர்புடையது.,தக்காளியில் பழத்தின் அடியில் கருப்புக் குழி (நுனி அழுகல்); சீரற்ற நீர் பாய்ச்சலுடன் தொடர்புடையது.,,,Confirm with soil/leaf test; get corrective product and dose from the agriculture office.,Calcium deficiency;சுண்ணாம்புச்சத்து குறைபாடு,curated_general_agronomy,true
KB_DEF_Ca_tanglish,all,fertilizer,nutrient_deficiency,tanglish,Calcium deficiency,Thakkali pazhathu adila karuppu kuzhi (nuni azhugal); thanni sariya paaichalana varum.,Thakkali pazhathu adila karuppu kuzhi (nuni azhugal); thanni sariya paaichalana varum.,,,Confirm with soil/leaf test; get corrective product and dose from the agriculture office.,Calcium deficiency;சுண்ணாம்புச்சத்து குறைபாடு,curated_general_agronomy,true
KB_FERT_urea,all,fertilizer,straight nitrogen,english,Urea,Urea (straight nitrogen). Nutrient content: 46% N. Main nitrogen source; apply in splits to reduce losses.,,,,,Urea;யூரியா,curated_general_agronomy,true
KB_FERT_dap,all,fertilizer,complex,english,DAP (Diammonium phosphate),"DAP (Diammonium phosphate) (complex). Nutrient content: 18% N, 46% P2O5. Basal source of phosphorus and some nitrogen.",,,,,DAP (Diammonium phosphate);டிஏபி,curated_general_agronomy,true
KB_FERT_mop,all,fertilizer,straight potassium,english,Muriate of potash (MOP),Muriate of potash (MOP) (straight potassium). Nutrient content: 60% K2O. Main potassium source.,,,,,Muriate of potash (MOP);பொட்டாஷ்,curated_general_agronomy,true
KB_FERT_ssp,all,fertilizer,straight phosphorus,english,Single super phosphate (SSP),Single super phosphate (SSP) (straight phosphorus). Nutrient content: 16% P2O5 plus sulphur and calcium. Phosphorus source that also supplies sulphur and calcium.,,,,,Single super phosphate (SSP);சூப்பர் பாஸ்பேட்,curated_general_agronomy,true
KB_FERT_ammonium_sulphate,all,fertilizer,straight nitrogen,english,Ammonium sulphate,"Ammonium sulphate (straight nitrogen). Nutrient content: 20.6% N, about 24% S. Nitrogen plus sulphur.",,,,,Ammonium sulphate;அம்மோனியம் சல்பேட்,curated_general_agronomy,true
KB_FERT_npk_171717,all,fertilizer,complex,english,NPK complex 17:17:17,"NPK complex 17:17:17 (complex). Nutrient content: 17% N, 17% P2O5, 17% K2O. Balanced complex fertilizer.",,,,,NPK complex 17:17:17;காம்ப்ளக்ஸ் உரம் 17:17:17,curated_general_agronomy,true
KB_FERT_zinc_sulphate,all,fertilizer,micronutrient,english,Zinc sulphate (heptahydrate),"Zinc sulphate (heptahydrate) (micronutrient). Nutrient content: about 21% Zn. Corrects zinc deficiency, common in paddy soils.",,,,,Zinc sulphate (heptahydrate);துத்தநாக சல்பேட்,curated_general_agronomy,true
KB_FERT_gypsum,all,fertilizer,amendment / secondary nutrient,english,Gypsum,Gypsum (amendment / secondary nutrient). Nutrient content: calcium and sulphur (content varies by grade). Used for groundnut pod filling and for reclaiming sodic soils.,,,,,Gypsum;ஜிப்சம்,curated_general_agronomy,true
KB_FERT_lime,all,fertilizer,amendment,english,Agricultural lime,Agricultural lime (amendment). Nutrient content: calcium carbonate. Raises pH of acidic soils.,,,,,Agricultural lime;சுண்ணாம்பு,curated_general_agronomy,true
KB_FERT_micronutrient_mix,all,fertilizer,micronutrient,english,Crop-specific micronutrient mixture,Crop-specific micronutrient mixture (micronutrient). Nutrient content: varies by crop mixture. TNAU and the agriculture department supply crop-specific mixtures.,,,,,Crop-specific micronutrient mixture;நுண்ணூட்டக் கலவை,curated_general_agronomy,true
KB_FERT_fym,all,fertilizer,organic manure,english,Farmyard manure,"Farmyard manure (organic manure). Nutrient content: low and variable NPK. Improves soil structure, water holding and microbial life.",,,,,Farmyard manure;தொழுவுரம்,curated_general_agronomy,true
KB_FERT_compost,all,fertilizer,organic manure,english,Compost,Compost (organic manure). Nutrient content: low and variable NPK. Made from decomposed farm residues.,,,,,Compost;மட்கு உரம்,curated_general_agronomy,true
KB_FERT_vermicompost,all,fertilizer,organic manure,english,Vermicompost,"Vermicompost (organic manure). Nutrient content: higher nutrient content than ordinary compost, variable. Good for nurseries and vegetables.",,,,,Vermicompost;மண்புழு உரம்,curated_general_agronomy,true
KB_FERT_neem_cake,all,fertilizer,organic manure,english,Neem cake,Neem cake (organic manure). Nutrient content: NPK plus natural pest-suppressing compounds. Also reduces some soil pests and nematodes.,,,,,Neem cake;வேப்பம் புண்ணாக்கு,curated_general_agronomy,true
KB_FERT_daincha,all,fertilizer,green manure,english,Daincha (green manure),Daincha (green manure) (green manure). Nutrient content: adds nitrogen and organic matter. Grown and ploughed in before paddy.,,,,,Daincha (green manure);தக்கைப்பூண்டு,curated_general_agronomy,true
KB_FERT_sunnhemp,all,fertilizer,green manure,english,Sunn hemp (green manure),Sunn hemp (green manure) (green manure). Nutrient content: adds nitrogen and organic matter. Fast-growing green manure crop.,,,,,Sunn hemp (green manure);சணப்பு,curated_general_agronomy,true
KB_FERT_azospirillum,all,fertilizer,biofertilizer,english,Azospirillum,"Azospirillum (biofertilizer). Nutrient content: nitrogen-fixing bacteria. For non-legume crops like paddy, maize and vegetables.",,,,,Azospirillum;அசோஸ்பைரில்லம்,curated_general_agronomy,true
KB_FERT_rhizobium,all,fertilizer,biofertilizer,english,Rhizobium,Rhizobium (biofertilizer). Nutrient content: nitrogen-fixing bacteria. Seed inoculant for pulses and groundnut.,,,,,Rhizobium;ரைசோபியம்,curated_general_agronomy,true
KB_FERT_phosphobacteria,all,fertilizer,biofertilizer,english,Phosphobacteria,Phosphobacteria (biofertilizer). Nutrient content: phosphate-solubilising bacteria. Makes soil phosphorus more available.,,,,,Phosphobacteria;பாஸ்போபாக்டீரியா,curated_general_agronomy,true
KB_FERT_vam,all,fertilizer,biofertilizer,english,Mycorrhiza (VAM),Mycorrhiza (VAM) (biofertilizer). Nutrient content: root-associated fungi. Improves phosphorus and water uptake.,,,,,Mycorrhiza (VAM);வேர் உட்பூசணம்,curated_general_agronomy,true
KB_FERT_panchagavya,all,fertilizer,organic growth promoter,english,Panchagavya,Panchagavya (organic growth promoter). Nutrient content: traditional cow-product preparation. Traditional growth promoter used in organic farming; scientific evidence varies.,,,,,Panchagavya;பஞ்சகவ்யா,curated_general_agronomy,true
KB_FERT_jeevamirtham,all,fertilizer,natural farming input,english,Jeevamirtham,Jeevamirtham (natural farming input). Nutrient content: fermented microbial preparation. Used in natural farming to boost soil microbes; evidence varies.,,,,,Jeevamirtham;ஜீவாமிர்தம்,curated_general_agronomy,true
KB_IPM_trichoderma,all,pest_management,bio-fungicide,english,Trichoderma viride / harzianum,"Trichoderma viride / harzianum — bio-fungicide. Targets: Soil- and seed-borne fungal diseases (root rot, damping off, wilt). Use: Seed treatment, nursery and soil application with organic manure.",,,,,Trichoderma viride / harzianum,curated_general_agronomy,true
KB_IPM_pseudomonas,all,pest_management,bio-control bacterium,english,Pseudomonas fluorescens,"Pseudomonas fluorescens — bio-control bacterium. Targets: Several fungal and bacterial diseases, e.g. paddy blast and sheath blight suppression. Use: Seed, seedling-root dip, soil or foliar use.",,,,,Pseudomonas fluorescens,curated_general_agronomy,true
KB_IPM_beauveria,all,pest_management,entomopathogenic fungus,english,Beauveria bassiana,Beauveria bassiana — entomopathogenic fungus. Targets: Caterpillars and some sucking pests. Use: Foliar use in humid conditions.,,,,,Beauveria bassiana,curated_general_agronomy,true
KB_IPM_metarhizium,all,pest_management,entomopathogenic fungus,english,Metarhizium anisopliae,"Metarhizium anisopliae — entomopathogenic fungus. Targets: Rhinoceros beetle grubs in manure pits, white grubs. Use: Applied to breeding sites and soil.",,,,,Metarhizium anisopliae,curated_general_agronomy,true
KB_IPM_bt,all,pest_management,microbial insecticide,english,Bacillus thuringiensis (Bt),"Bacillus thuringiensis (Bt) — microbial insecticide. Targets: Caterpillars (e.g. leaf folder, fruit borers). Use: Acts when larvae eat treated leaves; best on young larvae.",,,,,Bacillus thuringiensis (Bt),curated_general_agronomy,true
KB_IPM_npv,all,pest_management,viral bio-insecticide,english,Nuclear polyhedrosis virus (HaNPV / SlNPV),Nuclear polyhedrosis virus (HaNPV / SlNPV) — viral bio-insecticide. Targets: Helicoverpa and Spodoptera caterpillars. Use: Species-specific; apply in the evening.,,,,,Nuclear polyhedrosis virus (HaNPV / SlNPV),curated_general_agronomy,true
KB_IPM_trichogramma,all,pest_management,natural enemy,english,Trichogramma egg parasitoid cards,Trichogramma egg parasitoid cards — natural enemy. Targets: Eggs of borers and caterpillars. Use: Cards are stapled to leaves at intervals; avoid chemical sprays soon after release.,,,,,Trichogramma egg parasitoid cards,curated_general_agronomy,true
KB_IPM_nske,all,pest_management,botanical,english,Neem seed kernel extract / neem oil,Neem seed kernel extract / neem oil — botanical. Targets: Sucking pests and young caterpillars (repellent and antifeedant). Use: Best used early and as a preventive.,,,,,Neem seed kernel extract / neem oil,curated_general_agronomy,true
KB_IPM_pheromone_trap,all,pest_management,trap,english,Pheromone traps,"Pheromone traps — trap. Targets: Species-specific: stem borer, fruit borer, pink bollworm, fall armyworm, rhinoceros beetle, red palm weevil. Use: For monitoring and mass trapping; replace lures as instructed.",,,,,Pheromone traps,curated_general_agronomy,true
KB_IPM_yellow_sticky_trap,all,pest_management,trap,english,Yellow sticky traps,"Yellow sticky traps — trap. Targets: Whitefly, aphids, leaf miner adults. Use: Place slightly above crop canopy.",,,,,Yellow sticky traps,curated_general_agronomy,true
KB_IPM_blue_sticky_trap,all,pest_management,trap,english,Blue sticky traps,Blue sticky traps — trap. Targets: Thrips. Use: Place slightly above crop canopy.,,,,,Blue sticky traps,curated_general_agronomy,true
KB_IPM_light_trap,all,pest_management,trap,english,Light traps,Light traps — trap. Targets: Night-flying moths and hoppers. Use: For monitoring and community-level control.,,,,,Light traps,curated_general_agronomy,true
KB_IPM_bird_perch,all,pest_management,cultural,english,Bird perches,Bird perches — cultural. Targets: Caterpillars (birds feed on them). Use: T-shaped perches placed in the field.,,,,,Bird perches,curated_general_agronomy,true
KB_IPM_chemical_classes,all,pest_management,chemical,english,Chemical pesticides (all classes),"Chemical pesticides (all classes) — chemical. Targets: Varies by product. Use: Use only products approved for the crop and pest, on agriculture-officer/KVK advice. Always follow the label dose, protective equipment and pre-harvest interval.",,,,,Chemical pesticides (all classes),curated_general_agronomy,true
KB_IRR_flood_basin,all,irrigation,method,english,Flood / basin irrigation,Water flows over the field or into basins around plants. Simple but uses the most water; level fields well.,,,,,Flood / basin irrigation,curated_general_agronomy,true
KB_IRR_furrow,all,irrigation,method,english,Furrow irrigation,"Water flows in furrows between ridges. Suits row crops like cotton, maize, sugarcane; skip-furrow saves water.",,,,,Furrow irrigation,curated_general_agronomy,true
KB_IRR_drip,all,irrigation,method,english,Drip irrigation,"Water is delivered near roots through emitters. Saves water, allows fertigation; clean filters and flush laterals regularly.",,,,,Drip irrigation,curated_general_agronomy,true
KB_IRR_sprinkler,all,irrigation,method,english,Sprinkler irrigation,"Water is sprayed like rain. Suits pulses, groundnut and uneven land; avoid in high wind.",,,,,Sprinkler irrigation,curated_general_agronomy,true
KB_IRR_rain_gun,all,irrigation,method,english,Rain gun,Large sprinkler covering a wide radius. Suits sugarcane and fodder; needs good pressure.,,,,,Rain gun,curated_general_agronomy,true
KB_IRR_awd,all,irrigation,method,english,Alternate wetting and drying (paddy),Field is re-flooded only after standing water disappears to a set level. Saves water in paddy without yield loss when managed well; keep water at flowering.,,,,,Alternate wetting and drying (paddy),curated_general_agronomy,true
KB_IRR_mulching,all,irrigation,method,english,Mulching,Covering soil with crop residue or plastic film. Reduces evaporation and weeds.,,,,,Mulching,curated_general_agronomy,true
KB_IRR_farm_pond,all,irrigation,method,english,Farm pond,Pond to harvest runoff rainwater. Provides life-saving irrigation in dry spells.,,,,,Farm pond,curated_general_agronomy,true
KB_SOIL_red_soil,all,soil,red_soil,english,Red soil,"Light, well-drained, low in nitrogen and organic matter; widespread in Tamil Nadu. Suitable crops: Groundnut, millets, pulses, vegetables, coconut. Management: Add organic manure; conserve moisture.",,,,,Red soil;செம்மண்,curated_general_agronomy,true
KB_SOIL_black_soil,all,soil,black_soil,english,Black (cotton) soil,"Clayey, high water holding, cracks when dry. Suitable crops: Cotton, maize, pulses, chilli. Management: Avoid working when wet; ensure drainage.",,,,,Black (cotton) soil;கரிசல் மண்,curated_general_agronomy,true
KB_SOIL_alluvial_soil,all,soil,alluvial_soil,english,Alluvial (delta) soil,"Fertile river-deposited soil of the Cauvery delta. Suitable crops: Paddy, pulses (rice fallow), banana, sugarcane. Management: Maintain drainage; zinc deficiency is common.",,,,,Alluvial (delta) soil;வண்டல் மண்,curated_general_agronomy,true
KB_SOIL_laterite_soil,all,soil,laterite_soil,english,Laterite soil,"Acidic, leached soil in high-rainfall hilly areas. Suitable crops: Plantation crops, tapioca. Management: Liming and organic matter help.",,,,,Laterite soil;சரளை மண்,curated_general_agronomy,true
KB_SOIL_coastal_sandy,all,soil,coastal_sandy,english,Coastal sandy soil,"Very light, low water holding. Suitable crops: Coconut, cashew, casuarina. Management: Frequent light irrigation and organic matter.",,,,,Coastal sandy soil;கடற்கரை மணல் மண்,curated_general_agronomy,true
KB_SOIL_saline_soil,all,soil,saline_soil,english,Saline soil,High soluble salts; white crust on surface. Suitable crops: Salt-tolerant crops and varieties. Management: Leach salts with good-quality water and improve drainage.,,,,,Saline soil;உவர் மண்,curated_general_agronomy,true
KB_SOIL_sodic_soil,all,soil,sodic_soil,english,Sodic (alkaline) soil,"High sodium, pH above about 8.5, poor structure. Suitable crops: Tolerant varieties after reclamation. Management: Gypsum application based on soil test, with drainage and organic matter.",,,,,Sodic (alkaline) soil;களர் மண்,curated_general_agronomy,true
KB_SOIL_acidic_soil,all,soil,acidic_soil,english,Acidic soil,pH below about 6.5. Suitable crops: Many crops after correction. Management: Liming based on soil test.,,,,,Acidic soil;அமில மண்,curated_general_agronomy,true
KB_SOIL_ph_ranges,all,soil,ph_ranges,english,Soil pH ranges,"Below 6.5 is acidic, 6.5–7.5 neutral (ideal for most crops), above 7.5 alkaline. Suitable crops: —. Management: Test soil before correcting pH.",,,,,Soil pH ranges;மண் கார அமில நிலை,curated_general_agronomy,true
KB_SOIL_sampling,all,soil,sampling,english,Soil sampling method,"Take V-shaped slices about 15 cm deep from 8–10 spots, mix, and send about half a kilo to a soil testing laboratory. Suitable crops: —. Management: Avoid bunds, manure heaps and recently fertilized spots.",,,,,Soil sampling method;மண் மாதிரி எடுக்கும் முறை,curated_general_agronomy,true
KB_SOIL_organic_matter,all,soil,organic_matter,english,Soil organic matter,"Organic matter improves structure, water holding and nutrient supply. Suitable crops: —. Management: Add FYM, compost, green manure and crop residues; reduce burning.",,,,,Soil organic matter;மண் கரிமச்சத்து,curated_general_agronomy,true
KB_SOIL_soil_testing_labs,all,soil,soil_testing_labs,english,Soil testing laboratories,Government soil testing laboratories and mobile labs test samples and issue Soil Health Cards. Suitable crops: —. Management: Contact the block agriculture office.,,,,,Soil testing laboratories;மண் பரிசோதனை நிலையங்கள்,curated_general_agronomy,true
KB_SCH_pm_kisan,all,scheme,Central,english,PM-KISAN,"₹6,000 per year in three ₹2,000 instalments by direct benefit transfer. Eligibility: Farmer families with cultivable land in their name; income-tax payers, government employees and certain professionals excluded; e-KYC mandatory. Apply: Register on pmkisan.gov.in, at an e-Sevai/CSC centre or via the agriculture department; complete e-KYC.",,,,,PM-KISAN,scheme_summary_from_official_sources,true
KB_SCH_pmfby,all,scheme,Central,english,Pradhan Mantri Fasal Bima Yojana (PMFBY),"Crop insurance; farmer premium capped at 2% (kharif), 1.5% (rabi), 5% (commercial/horticulture). Eligibility: Farmers growing notified crops in notified areas, including tenant farmers and sharecroppers. Apply: Enrol before the seasonal cut-off via bank, cooperative, e-Sevai centre or pmfby.gov.in; report localised loss within 72 hours.",,,,,Pradhan Mantri Fasal Bima Yojana (PMFBY),scheme_summary_from_official_sources,true
KB_SCH_kcc,all,scheme,Central,english,Kisan Credit Card (KCC),"Short-term crop credit at concessional interest with subvention for prompt repayment. Eligibility: Owner cultivators, tenant farmers, sharecroppers, farmer SHGs/JLGs. Apply: Apply at a commercial bank, regional rural bank or cooperative society.",,,,,Kisan Credit Card (KCC),scheme_summary_from_official_sources,true
KB_SCH_soil_health_card,all,scheme,Central,english,Soil Health Card,Free soil test with crop-wise fertilizer recommendations. Eligibility: All farmers. Apply: Contact the block agriculture office or soil testing laboratory.,,,,,Soil Health Card,scheme_summary_from_official_sources,true
KB_SCH_pm_kusum,all,scheme,Central + State,english,PM-KUSUM (solar pumps),"Subsidy for standalone solar pumps and solarising grid pumps; shares fixed by the state each year. Eligibility: Individual farmers, groups, FPOs and cooperatives with a water source. Apply: Apply via the TN Agricultural Engineering Department or state portal when open.",,,,,PM-KUSUM (solar pumps),scheme_summary_from_official_sources,true
KB_SCH_pm_kmy,all,scheme,Central,english,PM Kisan Maandhan Yojana,"Pension of ₹3,000 per month after age 60; farmer contribution matched by the Centre. Eligibility: Small and marginal farmers aged 18–40 with up to 2 hectares. Apply: Enrol at a Common Service Centre.",,,,,PM Kisan Maandhan Yojana,scheme_summary_from_official_sources,true
KB_SCH_enam,all,scheme,Central,english,e-NAM,"Online trading with transparent bidding and bank payment. Eligibility: Farmers, FPOs and traders at e-NAM linked markets. Apply: Register on enam.gov.in, the app, or at a linked regulated market.",,,,,e-NAM,scheme_summary_from_official_sources,true
KB_SCH_pkvy,all,scheme,Central,english,Paramparagat Krishi Vikas Yojana (PKVY),"Support for organic inputs, training and PGS certification. Eligibility: Farmers forming or joining organic clusters. Apply: Contact the block agriculture office.",,,,,Paramparagat Krishi Vikas Yojana (PKVY),scheme_summary_from_official_sources,true
KB_SCH_smam,all,scheme,Central + State,english,Sub-Mission on Agricultural Mechanisation (SMAM),"Subsidy on farm machinery and support for custom hiring centres. Eligibility: All farmers; priority to small/marginal, women and SC/ST farmers. Apply: Apply via the Agricultural Engineering Department / agrimachinery.nic.in when open.",,,,,Sub-Mission on Agricultural Mechanisation (SMAM),scheme_summary_from_official_sources,true
KB_SCH_aif,all,scheme,Central,english,Agriculture Infrastructure Fund,"3% interest subvention on loans up to ₹2 crore for post-harvest infrastructure, plus credit guarantee. Eligibility: Farmers, FPOs, PACS, agri-entrepreneurs and start-ups. Apply: Apply at agriinfra.dac.gov.in and choose a lending bank.",,,,,Agriculture Infrastructure Fund,scheme_summary_from_official_sources,true
KB_SCH_micro_irrigation,all,scheme,Central + State,english,Micro Irrigation Subsidy (PMKSY – Per Drop More Crop),Subsidy on drip/sprinkler; in Tamil Nadu up to 100% for small/marginal and up to 75% for others within unit-cost limits. Eligibility: Farmers with a water source and land records; small/marginal certificate for the higher subsidy. Apply: Apply at the block horticulture/agriculture office or online via TNHORTNET.,,,,,Micro Irrigation Subsidy (PMKSY – Per Drop More Crop),scheme_summary_from_official_sources,true
KB_SCH_uzhavar_sandhai,all,scheme,Tamil Nadu,english,Uzhavar Sandhai (farmers' markets),Sell directly to consumers without middlemen; shop space and weighing facilities. Eligibility: Vegetable/fruit growers holding an Uzhavar Sandhai identity card. Apply: Contact the Uzhavar Sandhai officer or district Agricultural Marketing office.,,,,,Uzhavar Sandhai (farmers' markets),scheme_summary_from_official_sources,true
KB_SCH_kuruvai_package,all,scheme,Tamil Nadu,english,Kuruvai Special Package,"Input support (e.g. fertilizer, seeds) for Kuruvai paddy; extended to non-delta paddy farmers in 2026–27. Eligibility: Kuruvai paddy growers in areas notified for the year. Apply: Register via the block agriculture office or Uzhavan app after announcement.",,,,,Kuruvai Special Package,scheme_summary_from_official_sources,true
KB_SCH_free_power,all,scheme,Tamil Nadu,english,Free electricity for agriculture,Free power supply for agricultural pump sets (continued in 2026–27 budget). Eligibility: Farmers with an agricultural service connection. Apply: Apply at the local TNPDCL section office; connections follow registration seniority.,,,,,Free electricity for agriculture,scheme_summary_from_official_sources,true
KB_SCH_paddy_procurement,all,scheme,Tamil Nadu,english,Paddy procurement at Direct Purchase Centres,"MSP plus state incentive (KMS 2025–26: ₹1,560/tonne Grade A, ₹1,310/tonne common), paid to bank. Eligibility: Registered paddy farmers. Apply: Register at the nearest DPC (online registration also available) and deliver on allotted date.",,,,,Paddy procurement at Direct Purchase Centres,scheme_summary_from_official_sources,true
KB_SCH_coop_crop_loan,all,scheme,Tamil Nadu,english,Cooperative crop loans,"Short-term crop loans; about ₹17,000 crore planned for 2026–27; interest benefits for timely repayment (check with society). Eligibility: Farmer members of the village cooperative credit society. Apply: Apply at the village Primary Agricultural Cooperative Credit Society.",,,,,Cooperative crop loans,scheme_summary_from_official_sources,true
KB_SCH_certified_seeds,all,scheme,Tamil Nadu,english,Certified seed distribution,"Certified seeds of paddy, pulses, millets and oilseeds at subsidised rates; paddy seed subsidy continued from state funds in 2026–27. Eligibility: All farmers. Apply: Buy at the block Agriculture Extension Centre.",,,,,Certified seed distribution,scheme_summary_from_official_sources,true
